model,reasoning_type,complexity,run,question_id,is_correct,score,tokens
gemini_3_flash_preview,multihop,2,1,q_986362,True,1.0,2286.0
gemini_3_flash_preview,multihop,2,1,q_378073,True,1.0,2321.0
gemini_3_flash_preview,multihop,2,1,q_809401,True,1.0,2375.0
gemini_3_flash_preview,multihop,2,1,q_942912,True,1.0,2421.0
gemini_3_flash_preview,multihop,2,1,q_619868,True,1.0,2424.0
gemini_3_flash_preview,multihop,2,1,q_782242,True,1.0,2596.0
gemini_3_flash_preview,multihop,2,1,q_327208,True,1.0,2498.0
gemini_3_flash_preview,multihop,2,1,q_404139,False,0.0,2579.0
gemini_3_flash_preview,multihop,2,1,q_921620,True,1.0,2784.0
gemini_3_flash_preview,multihop,2,1,q_648931,True,1.0,2728.0
gemini_3_flash_preview,multihop,2,2,q_823798,True,1.0,1303.0
gemini_3_flash_preview,multihop,2,2,q_352253,True,1.0,1456.0
gemini_3_flash_preview,multihop,2,2,q_468744,True,1.0,1415.0
gemini_3_flash_preview,multihop,2,2,q_822987,True,1.0,1438.0
gemini_3_flash_preview,multihop,2,2,q_165693,True,1.0,1424.0
gemini_3_flash_preview,multihop,2,2,q_264873,False,0.0,1460.0
gemini_3_flash_preview,multihop,2,2,q_899577,True,1.0,1503.0
gemini_3_flash_preview,multihop,2,2,q_845797,True,1.0,1678.0
gemini_3_flash_preview,multihop,2,2,q_474168,True,1.0,1672.0
gemini_3_flash_preview,multihop,2,2,q_332261,True,1.0,1772.0
gemini_3_flash_preview,multihop,2,3,q_702979,True,1.0,2604.0
gemini_3_flash_preview,multihop,2,3,q_154389,True,1.0,2696.0
gemini_3_flash_preview,multihop,2,3,q_456014,False,0.0,2724.0
gemini_3_flash_preview,multihop,2,3,q_311817,False,0.5,2801.0
gemini_3_flash_preview,multihop,2,3,q_276905,True,1.0,2745.0
gemini_3_flash_preview,multihop,2,3,q_476218,True,1.0,2852.0
gemini_3_flash_preview,multihop,2,3,q_273960,True,1.0,2871.0
gemini_3_flash_preview,multihop,2,3,q_668322,True,1.0,2941.0
gemini_3_flash_preview,multihop,2,3,q_422113,True,1.0,2887.0
gemini_3_flash_preview,multihop,2,3,q_691332,True,1.0,3051.0
gemini_3_flash_preview,multihop,3,1,q_711435,True,1.0,10033.0
gemini_3_flash_preview,multihop,3,1,q_110447,True,1.0,10053.0
gemini_3_flash_preview,multihop,3,1,q_718331,True,1.0,10231.0
gemini_3_flash_preview,multihop,3,1,q_949179,True,1.0,10232.0
gemini_3_flash_preview,multihop,3,1,q_696500,True,1.0,10217.0
gemini_3_flash_preview,multihop,3,1,q_949742,True,1.0,10273.0
gemini_3_flash_preview,multihop,3,1,q_928183,True,1.0,10281.0
gemini_3_flash_preview,multihop,3,1,q_171433,True,1.0,10435.0
gemini_3_flash_preview,multihop,3,1,q_656389,True,1.0,10501.0
gemini_3_flash_preview,multihop,3,1,q_970394,True,1.0,10474.0
gemini_3_flash_preview,multihop,3,2,q_136638,True,1.0,8869.0
gemini_3_flash_preview,multihop,3,2,q_705550,False,0.5,8989.0
gemini_3_flash_preview,multihop,3,2,q_356683,True,1.0,9001.0
gemini_3_flash_preview,multihop,3,2,q_236270,True,1.0,9172.0
gemini_3_flash_preview,multihop,3,2,q_656667,True,1.0,9194.0
gemini_3_flash_preview,multihop,3,2,q_645447,True,1.0,9300.0
gemini_3_flash_preview,multihop,3,2,q_620975,True,1.0,9240.0
gemini_3_flash_preview,multihop,3,2,q_772039,False,0.0,9354.0
gemini_3_flash_preview,multihop,3,2,q_407914,True,1.0,9519.0
gemini_3_flash_preview,multihop,3,2,q_238241,True,1.0,9586.0
gemini_3_flash_preview,multihop,3,3,q_151997,True,1.0,7649.0
gemini_3_flash_preview,multihop,3,3,q_987193,True,1.0,7840.0
gemini_3_flash_preview,multihop,3,3,q_145687,True,1.0,7864.0
gemini_3_flash_preview,multihop,3,3,q_761818,True,1.0,7977.0
gemini_3_flash_preview,multihop,3,3,q_247843,True,1.0,7878.0
gemini_3_flash_preview,multihop,3,3,q_142070,True,1.0,8051.0
gemini_3_flash_preview,multihop,3,3,q_147200,True,1.0,8169.0
gemini_3_flash_preview,multihop,3,3,q_225196,True,1.0,8089.0
gemini_3_flash_preview,multihop,3,3,q_847630,True,1.0,8103.0
gemini_3_flash_preview,multihop,3,3,q_232217,True,1.0,8130.0
gemini_3_flash_preview,multihop,1,1,q_383626,True,1.0,869.0
gemini_3_flash_preview,multihop,1,1,q_564488,True,1.0,994.0
gemini_3_flash_preview,multihop,1,1,q_167167,True,1.0,962.0
gemini_3_flash_preview,multihop,1,2,q_323749,True,1.0,947.0
gemini_3_flash_preview,multihop,1,2,q_234862,True,1.0,941.0
gemini_3_flash_preview,multihop,1,2,q_528251,True,1.0,1116.0
gemini_3_flash_preview,multihop,1,3,q_274616,True,1.0,934.0
gemini_3_flash_preview,multihop,1,3,q_292391,True,1.0,877.0
gemini_3_flash_preview,multihop,1,3,q_683282,True,1.0,1076.0
gemini_3_flash_preview,multihop,1,3,q_686839,True,1.0,1006.0
gemini_3_flash_preview,multihop,1,3,q_475291,True,1.0,1084.0
gemini_3_flash_preview,multihop,1,3,q_730503,True,1.0,1119.0
gemini_3_flash_preview,multihop,1,3,q_893805,True,1.0,1129.0
gemini_3_flash_preview,multihop,1,3,q_253883,True,1.0,1126.0
gemini_3_flash_preview,multihop,1,3,q_680902,True,1.0,1192.0
gemini_3_flash_preview,multihop,1,3,q_803302,True,1.0,1248.0
gemini_3_flash_preview,multihop,4,1,q_670884,True,1.0,27120.0
gemini_3_flash_preview,multihop,4,1,q_780685,True,1.0,27230.0
gemini_3_flash_preview,multihop,4,1,q_932696,True,1.0,27329.0
gemini_3_flash_preview,multihop,4,1,q_941497,True,1.0,27319.0
gemini_3_flash_preview,multihop,4,1,q_786396,False,0.5,27442.0
gemini_3_flash_preview,multihop,4,1,q_626920,True,1.0,27434.0
gemini_3_flash_preview,multihop,4,1,q_241793,False,0.5,27429.0
gemini_3_flash_preview,multihop,4,1,q_644645,False,0.0,27744.0
gemini_3_flash_preview,multihop,4,1,q_503690,True,1.0,27718.0
gemini_3_flash_preview,multihop,4,1,q_117572,True,1.0,27901.0
gemini_3_flash_preview,multihop,4,2,q_713951,False,0.5,17892.0
gemini_3_flash_preview,multihop,4,2,q_963388,True,1.0,17971.0
gemini_3_flash_preview,multihop,4,2,q_721809,False,0.0,17978.0
gemini_3_flash_preview,multihop,4,2,q_386560,True,1.0,18231.0
gemini_3_flash_preview,multihop,4,2,q_941258,True,1.0,18212.0
gemini_3_flash_preview,multihop,4,2,q_439336,False,0.0,18331.0
gemini_3_flash_preview,multihop,4,2,q_243014,True,1.0,18568.0
gemini_3_flash_preview,multihop,4,2,q_454279,False,0.0,18482.0
gemini_3_flash_preview,multihop,4,2,q_450525,True,1.0,18721.0
gemini_3_flash_preview,multihop,4,2,q_638331,True,1.0,18847.0
gemini_3_flash_preview,multihop,4,3,q_726917,True,1.0,30885.0
gemini_3_flash_preview,multihop,4,3,q_273439,True,1.0,30893.0
gemini_3_flash_preview,multihop,4,3,q_525142,False,0.0,30996.0
gemini_3_flash_preview,multihop,4,3,q_778850,False,0.0,31085.0
gemini_3_flash_preview,multihop,4,3,q_144829,True,1.0,31107.0
gemini_3_flash_preview,multihop,4,3,q_982362,True,1.0,31167.0
gemini_3_flash_preview,multihop,4,3,q_885910,False,0.5,31246.0
gemini_3_flash_preview,multihop,4,3,q_637950,False,0.5,31324.0
gemini_3_flash_preview,multihop,4,3,q_608862,False,0.5,31283.0
gemini_3_flash_preview,multihop,4,3,q_100612,False,0.0,31490.0
gemini_3_flash_preview,hierarchical,2,1,q_712590,True,1.0,840.0
gemini_3_flash_preview,hierarchical,2,1,q_275237,True,1.0,867.0
gemini_3_flash_preview,hierarchical,2,1,q_184621,True,1.0,849.0
gemini_3_flash_preview,hierarchical,2,1,q_322710,True,1.0,898.0
gemini_3_flash_preview,hierarchical,2,1,q_770896,True,1.0,899.0
gemini_3_flash_preview,hierarchical,2,1,q_705693,True,1.0,883.0
gemini_3_flash_preview,hierarchical,2,1,q_904893,True,1.0,924.0
gemini_3_flash_preview,hierarchical,2,1,q_390877,True,1.0,887.0
gemini_3_flash_preview,hierarchical,2,1,q_664453,True,1.0,964.0
gemini_3_flash_preview,hierarchical,2,1,q_901266,True,1.0,939.0
gemini_3_flash_preview,hierarchical,2,2,q_642240,True,1.0,630.0
gemini_3_flash_preview,hierarchical,2,2,q_531167,True,1.0,667.0
gemini_3_flash_preview,hierarchical,2,2,q_274008,True,1.0,691.0
gemini_3_flash_preview,hierarchical,2,2,q_700008,True,1.0,665.0
gemini_3_flash_preview,hierarchical,2,2,q_478914,True,1.0,643.0
gemini_3_flash_preview,hierarchical,2,2,q_993314,True,1.0,697.0
gemini_3_flash_preview,hierarchical,2,2,q_316392,True,1.0,706.0
gemini_3_flash_preview,hierarchical,2,2,q_757781,True,1.0,696.0
gemini_3_flash_preview,hierarchical,2,2,q_871434,True,1.0,766.0
gemini_3_flash_preview,hierarchical,2,2,q_429016,True,1.0,755.0
gemini_3_flash_preview,hierarchical,2,3,q_485687,True,1.0,710.0
gemini_3_flash_preview,hierarchical,2,3,q_730919,True,1.0,689.0
gemini_3_flash_preview,hierarchical,2,3,q_544245,True,1.0,670.0
gemini_3_flash_preview,hierarchical,2,3,q_514106,True,1.0,705.0
gemini_3_flash_preview,hierarchical,2,3,q_396279,True,1.0,716.0
gemini_3_flash_preview,hierarchical,2,3,q_884440,True,1.0,733.0
gemini_3_flash_preview,hierarchical,2,3,q_585598,True,1.0,756.0
gemini_3_flash_preview,hierarchical,2,3,q_994582,True,1.0,781.0
gemini_3_flash_preview,hierarchical,2,3,q_190862,True,1.0,779.0
gemini_3_flash_preview,hierarchical,2,3,q_588605,True,1.0,818.0
gemini_3_flash_preview,hierarchical,3,1,q_797357,True,1.0,1006.0
gemini_3_flash_preview,hierarchical,3,1,q_470401,True,1.0,965.0
gemini_3_flash_preview,hierarchical,3,1,q_940613,True,1.0,975.0
gemini_3_flash_preview,hierarchical,3,1,q_525098,True,1.0,998.0
gemini_3_flash_preview,hierarchical,3,1,q_719006,True,1.0,996.0
gemini_3_flash_preview,hierarchical,3,1,q_666755,True,1.0,1050.0
gemini_3_flash_preview,hierarchical,3,1,q_542854,True,1.0,1034.0
gemini_3_flash_preview,hierarchical,3,1,q_208020,True,1.0,1043.0
gemini_3_flash_preview,hierarchical,3,1,q_405713,True,1.0,1083.0
gemini_3_flash_preview,hierarchical,3,1,q_625450,True,1.0,1066.0
gemini_3_flash_preview,hierarchical,3,2,q_696255,True,1.0,960.0
gemini_3_flash_preview,hierarchical,3,2,q_724762,True,1.0,930.0
gemini_3_flash_preview,hierarchical,3,2,q_133184,True,1.0,894.0
gemini_3_flash_preview,hierarchical,3,2,q_563799,True,1.0,952.0
gemini_3_flash_preview,hierarchical,3,2,q_502913,True,1.0,970.0
gemini_3_flash_preview,hierarchical,3,2,q_437762,True,1.0,992.0
gemini_3_flash_preview,hierarchical,3,2,q_200928,True,1.0,967.0
gemini_3_flash_preview,hierarchical,3,2,q_186882,True,1.0,977.0
gemini_3_flash_preview,hierarchical,3,2,q_402275,True,1.0,1014.0
gemini_3_flash_preview,hierarchical,3,2,q_858963,True,1.0,1048.0
gemini_3_flash_preview,hierarchical,3,3,q_607324,True,1.0,947.0
gemini_3_flash_preview,hierarchical,3,3,q_954521,True,1.0,947.0
gemini_3_flash_preview,hierarchical,3,3,q_715046,True,1.0,965.0
gemini_3_flash_preview,hierarchical,3,3,q_695563,True,1.0,1031.0
gemini_3_flash_preview,hierarchical,3,3,q_205518,True,1.0,999.0
gemini_3_flash_preview,hierarchical,3,3,q_548586,True,1.0,1019.0
gemini_3_flash_preview,hierarchical,3,3,q_937062,True,1.0,1057.0
gemini_3_flash_preview,hierarchical,3,3,q_216158,True,1.0,1092.0
gemini_3_flash_preview,hierarchical,3,3,q_820824,True,1.0,1081.0
gemini_3_flash_preview,hierarchical,3,3,q_835301,True,1.0,1146.0
gemini_3_flash_preview,hierarchical,1,1,q_424489,True,1.0,418.0
gemini_3_flash_preview,hierarchical,1,1,q_612845,True,1.0,469.0
gemini_3_flash_preview,hierarchical,1,2,q_561902,True,1.0,470.0
gemini_3_flash_preview,hierarchical,1,2,q_190768,True,1.0,471.0
gemini_3_flash_preview,hierarchical,1,2,q_756368,True,1.0,451.0
gemini_3_flash_preview,hierarchical,1,2,q_735939,True,1.0,455.0
gemini_3_flash_preview,hierarchical,1,2,q_693014,True,1.0,449.0
gemini_3_flash_preview,hierarchical,1,2,q_751175,True,1.0,470.0
gemini_3_flash_preview,hierarchical,1,2,q_232668,True,1.0,473.0
gemini_3_flash_preview,hierarchical,1,2,q_864609,True,1.0,511.0
gemini_3_flash_preview,hierarchical,1,3,q_575625,True,1.0,447.0
gemini_3_flash_preview,hierarchical,1,3,q_511813,True,1.0,433.0
gemini_3_flash_preview,hierarchical,1,3,q_448805,True,1.0,456.0
gemini_3_flash_preview,hierarchical,1,3,q_472113,True,1.0,461.0
gemini_3_flash_preview,hierarchical,1,3,q_673386,True,1.0,457.0
gemini_3_flash_preview,hierarchical,1,3,q_308078,True,1.0,439.0
gemini_3_flash_preview,hierarchical,4,1,q_370991,True,1.0,1646.0
gemini_3_flash_preview,hierarchical,4,1,q_629457,True,1.0,1682.0
gemini_3_flash_preview,hierarchical,4,1,q_143627,True,1.0,1721.0
gemini_3_flash_preview,hierarchical,4,1,q_114328,True,1.0,1719.0
gemini_3_flash_preview,hierarchical,4,1,q_941734,True,1.0,1704.0
gemini_3_flash_preview,hierarchical,4,1,q_472333,True,1.0,1753.0
gemini_3_flash_preview,hierarchical,4,1,q_587640,True,1.0,1678.0
gemini_3_flash_preview,hierarchical,4,1,q_269301,True,1.0,1686.0
gemini_3_flash_preview,hierarchical,4,1,q_789186,True,1.0,1768.0
gemini_3_flash_preview,hierarchical,4,1,q_910720,True,1.0,1777.0
gemini_3_flash_preview,hierarchical,4,2,q_983532,True,1.0,1789.0
gemini_3_flash_preview,hierarchical,4,2,q_493004,True,1.0,1769.0
gemini_3_flash_preview,hierarchical,4,2,q_811784,True,1.0,1788.0
gemini_3_flash_preview,hierarchical,4,2,q_788226,True,1.0,1821.0
gemini_3_flash_preview,hierarchical,4,2,q_157858,True,1.0,1782.0
gemini_3_flash_preview,hierarchical,4,2,q_166068,True,1.0,1824.0
gemini_3_flash_preview,hierarchical,4,2,q_177961,True,1.0,1853.0
gemini_3_flash_preview,hierarchical,4,2,q_289826,True,1.0,1869.0
gemini_3_flash_preview,hierarchical,4,2,q_738154,True,1.0,1875.0
gemini_3_flash_preview,hierarchical,4,2,q_868670,True,1.0,1993.0
gemini_3_flash_preview,hierarchical,4,3,q_112425,True,1.0,1716.0
gemini_3_flash_preview,hierarchical,4,3,q_898760,True,1.0,1754.0
gemini_3_flash_preview,hierarchical,4,3,q_144790,True,1.0,1719.0
gemini_3_flash_preview,hierarchical,4,3,q_497258,True,1.0,1797.0
gemini_3_flash_preview,hierarchical,4,3,q_589161,True,1.0,1740.0
gemini_3_flash_preview,hierarchical,4,3,q_895813,True,1.0,1828.0
gemini_3_flash_preview,hierarchical,4,3,q_962387,True,1.0,1789.0
gemini_3_flash_preview,hierarchical,4,3,q_762982,True,1.0,1788.0
gemini_3_flash_preview,hierarchical,4,3,q_676972,True,1.0,1842.0
gemini_3_flash_preview,hierarchical,4,3,q_573717,True,1.0,1796.0
gemini_3_flash_preview,temporal,2,1,q_110981,True,1.0,951.0
gemini_3_flash_preview,temporal,2,1,q_673027,False,0.0,992.0
gemini_3_flash_preview,temporal,2,1,q_723108,True,1.0,966.0
gemini_3_flash_preview,temporal,2,1,q_455497,False,0.0,949.0
gemini_3_flash_preview,temporal,2,1,q_802957,False,0.0,1215.0
gemini_3_flash_preview,temporal,2,1,q_272731,True,1.0,1009.0
gemini_3_flash_preview,temporal,2,1,q_248549,True,1.0,987.0
gemini_3_flash_preview,temporal,2,1,q_605459,True,1.0,969.0
gemini_3_flash_preview,temporal,2,1,q_341223,True,1.0,1056.0
gemini_3_flash_preview,temporal,2,1,q_864552,False,0.0,1320.0
gemini_3_flash_preview,temporal,2,2,q_367863,False,0.0,769.0
gemini_3_flash_preview,temporal,2,2,q_792135,True,1.0,827.0
gemini_3_flash_preview,temporal,2,2,q_191706,True,1.0,899.0
gemini_3_flash_preview,temporal,2,2,q_208237,False,0.0,805.0
gemini_3_flash_preview,temporal,2,2,q_152795,False,0.0,796.0
gemini_3_flash_preview,temporal,2,2,q_357629,True,1.0,1018.0
gemini_3_flash_preview,temporal,2,2,q_808189,True,1.0,1100.0
gemini_3_flash_preview,temporal,2,2,q_818838,True,1.0,958.0
gemini_3_flash_preview,temporal,2,2,q_236344,True,1.0,944.0
gemini_3_flash_preview,temporal,2,2,q_244619,True,1.0,921.0
gemini_3_flash_preview,temporal,2,3,q_363444,True,1.0,1335.0
gemini_3_flash_preview,temporal,2,3,q_169346,True,1.0,1231.0
gemini_3_flash_preview,temporal,2,3,q_281602,True,1.0,1339.0
gemini_3_flash_preview,temporal,2,3,q_118947,True,1.0,1264.0
gemini_3_flash_preview,temporal,2,3,q_589852,True,1.0,1465.0
gemini_3_flash_preview,temporal,2,3,q_675453,True,1.0,1009.0
gemini_3_flash_preview,temporal,2,3,q_694498,True,1.0,1307.0
gemini_3_flash_preview,temporal,2,3,q_575668,True,1.0,1492.0
gemini_3_flash_preview,temporal,2,3,q_358254,False,0.0,1197.0
gemini_3_flash_preview,temporal,2,3,q_557594,True,1.0,1593.0
gemini_3_flash_preview,temporal,3,1,q_675648,True,1.0,861.0
gemini_3_flash_preview,temporal,3,1,q_856132,True,1.0,950.0
gemini_3_flash_preview,temporal,3,1,q_640403,True,1.0,1166.0
gemini_3_flash_preview,temporal,3,1,q_223156,True,1.0,1065.0
gemini_3_flash_preview,temporal,3,1,q_462307,True,1.0,1376.0
gemini_3_flash_preview,temporal,3,1,q_908915,True,1.0,1259.0
gemini_3_flash_preview,temporal,3,1,q_398072,True,1.0,1471.0
gemini_3_flash_preview,temporal,3,1,q_297677,False,0.0,1145.0
gemini_3_flash_preview,temporal,3,1,q_175464,False,0.0,1492.0
gemini_3_flash_preview,temporal,3,1,q_155484,True,1.0,1722.0
gemini_3_flash_preview,temporal,3,2,q_754803,True,1.0,792.0
gemini_3_flash_preview,temporal,3,2,q_975143,True,1.0,795.0
gemini_3_flash_preview,temporal,3,2,q_584318,True,1.0,788.0
gemini_3_flash_preview,temporal,3,2,q_246608,True,1.0,1184.0
gemini_3_flash_preview,temporal,3,2,q_951002,True,1.0,1236.0
gemini_3_flash_preview,temporal,3,2,q_637571,True,1.0,1446.0
gemini_3_flash_preview,temporal,3,2,q_659379,True,1.0,1332.0
gemini_3_flash_preview,temporal,3,2,q_791806,True,1.0,1201.0
gemini_3_flash_preview,temporal,3,2,q_688099,False,0.0,1015.0
gemini_3_flash_preview,temporal,3,2,q_880410,False,0.0,1003.0
gemini_3_flash_preview,temporal,3,3,q_491097,True,1.0,885.0
gemini_3_flash_preview,temporal,3,3,q_303086,True,1.0,884.0
gemini_3_flash_preview,temporal,3,3,q_961435,True,1.0,1086.0
gemini_3_flash_preview,temporal,3,3,q_499898,True,1.0,980.0
gemini_3_flash_preview,temporal,3,3,q_894845,True,1.0,1252.0
gemini_3_flash_preview,temporal,3,3,q_480869,True,1.0,997.0
gemini_3_flash_preview,temporal,3,3,q_204372,True,1.0,1100.0
gemini_3_flash_preview,temporal,3,3,q_199612,True,1.0,1551.0
gemini_3_flash_preview,temporal,3,3,q_740968,False,0.0,1537.0
gemini_3_flash_preview,temporal,3,3,q_810293,False,0.0,1384.0
gemini_3_flash_preview,temporal,1,1,q_677642,True,1.0,1008.0
gemini_3_flash_preview,temporal,1,1,q_256351,False,0.0,1272.0
gemini_3_flash_preview,temporal,1,1,q_736762,True,1.0,1181.0
gemini_3_flash_preview,temporal,1,1,q_188062,False,0.0,1264.0
gemini_3_flash_preview,temporal,1,1,q_649587,False,0.0,1424.0
gemini_3_flash_preview,temporal,1,1,q_277684,True,1.0,1194.0
gemini_3_flash_preview,temporal,1,1,q_958081,True,1.0,1313.0
gemini_3_flash_preview,temporal,1,1,q_345632,True,1.0,1108.0
gemini_3_flash_preview,temporal,1,1,q_603960,False,0.0,1350.0
gemini_3_flash_preview,temporal,1,2,q_386081,True,1.0,1045.0
gemini_3_flash_preview,temporal,1,2,q_224139,True,1.0,948.0
gemini_3_flash_preview,temporal,1,2,q_646878,True,1.0,1003.0
gemini_3_flash_preview,temporal,1,2,q_612510,True,1.0,1105.0
gemini_3_flash_preview,temporal,1,2,q_315828,True,1.0,1087.0
gemini_3_flash_preview,temporal,1,2,q_261791,True,1.0,1258.0
gemini_3_flash_preview,temporal,1,2,q_812976,True,1.0,1378.0
gemini_3_flash_preview,temporal,1,2,q_431821,True,1.0,1120.0
gemini_3_flash_preview,temporal,1,2,q_395337,True,1.0,1225.0
gemini_3_flash_preview,temporal,1,2,q_338252,True,1.0,1422.0
gemini_3_flash_preview,temporal,1,3,q_879712,True,1.0,686.0
gemini_3_flash_preview,temporal,1,3,q_367289,True,1.0,902.0
gemini_3_flash_preview,temporal,1,3,q_863402,True,1.0,1014.0
gemini_3_flash_preview,temporal,1,3,q_787594,True,1.0,949.0
gemini_3_flash_preview,temporal,1,3,q_534995,True,1.0,1143.0
gemini_3_flash_preview,temporal,1,3,q_482716,True,1.0,1261.0
gemini_3_flash_preview,temporal,1,3,q_382437,True,1.0,915.0
gemini_3_flash_preview,temporal,1,3,q_594214,True,1.0,1368.0
gemini_3_flash_preview,temporal,1,3,q_609142,True,1.0,1080.0
gemini_3_flash_preview,temporal,4,1,q_732992,True,1.0,934.0
gemini_3_flash_preview,temporal,4,1,q_306979,True,1.0,949.0
gemini_3_flash_preview,temporal,4,1,q_864187,True,1.0,933.0
gemini_3_flash_preview,temporal,4,1,q_461090,True,1.0,986.0
gemini_3_flash_preview,temporal,4,1,q_479999,True,1.0,1446.0
gemini_3_flash_preview,temporal,4,1,q_715385,False,0.0,1197.0
gemini_3_flash_preview,temporal,4,1,q_981788,True,1.0,1315.0
gemini_3_flash_preview,temporal,4,1,q_370551,True,1.0,1379.0
gemini_3_flash_preview,temporal,4,1,q_727668,True,1.0,1436.0
gemini_3_flash_preview,temporal,4,1,q_863112,False,0.0,1286.0
gemini_3_flash_preview,temporal,4,2,q_223469,True,1.0,742.0
gemini_3_flash_preview,temporal,4,2,q_660466,True,1.0,929.0
gemini_3_flash_preview,temporal,4,2,q_910471,True,1.0,1105.0
gemini_3_flash_preview,temporal,4,2,q_452271,True,1.0,1343.0
gemini_3_flash_preview,temporal,4,2,q_178323,True,1.0,1337.0
gemini_3_flash_preview,temporal,4,2,q_889583,True,1.0,1170.0
gemini_3_flash_preview,temporal,4,2,q_469384,True,1.0,892.0
gemini_3_flash_preview,temporal,4,2,q_652945,True,1.0,1291.0
gemini_3_flash_preview,temporal,4,2,q_159790,True,1.0,1387.0
gemini_3_flash_preview,temporal,4,2,q_413629,True,1.0,1243.0
gemini_3_flash_preview,temporal,4,3,q_763519,True,1.0,728.0
gemini_3_flash_preview,temporal,4,3,q_303853,True,1.0,797.0
gemini_3_flash_preview,temporal,4,3,q_297453,True,1.0,1242.0
gemini_3_flash_preview,temporal,4,3,q_382114,True,1.0,1396.0
gemini_3_flash_preview,temporal,4,3,q_302794,True,1.0,1261.0
gemini_3_flash_preview,temporal,4,3,q_720968,True,1.0,1161.0
gemini_3_flash_preview,temporal,4,3,q_975021,False,0.0,962.0
gemini_3_flash_preview,temporal,4,3,q_364638,True,1.0,1371.0
gemini_3_flash_preview,temporal,4,3,q_136085,False,0.0,1028.0
gemini_3_flash_preview,temporal,4,3,q_555992,True,1.0,1294.0
gemini_3_flash_preview,weighted,2,1,q_872439,True,1.0,1339.0
gemini_3_flash_preview,weighted,2,1,q_525126,True,1.0,1335.0
gemini_3_flash_preview,weighted,2,1,q_213872,True,1.0,1504.0
gemini_3_flash_preview,weighted,2,1,q_753276,True,1.0,1677.0
gemini_3_flash_preview,weighted,2,1,q_922981,True,1.0,1760.0
gemini_3_flash_preview,weighted,2,1,q_863464,True,1.0,1943.0
gemini_3_flash_preview,weighted,2,1,q_861611,True,1.0,2329.0
gemini_3_flash_preview,weighted,2,1,q_634355,True,1.0,2404.0
gemini_3_flash_preview,weighted,2,1,q_298733,False,1.0,2136.0
gemini_3_flash_preview,weighted,2,1,q_356749,False,0.5,2266.0
gemini_3_flash_preview,weighted,2,2,q_454334,True,1.0,1527.0
gemini_3_flash_preview,weighted,2,2,q_314972,True,1.0,1540.0
gemini_3_flash_preview,weighted,2,2,q_545467,True,1.0,1534.0
gemini_3_flash_preview,weighted,2,2,q_991319,True,1.0,1952.0
gemini_3_flash_preview,weighted,2,2,q_972070,True,1.0,2169.0
gemini_3_flash_preview,weighted,2,2,q_481529,True,1.0,2245.0
gemini_3_flash_preview,weighted,2,2,q_944239,True,1.0,2516.0
gemini_3_flash_preview,weighted,2,2,q_204158,True,1.0,2734.0
gemini_3_flash_preview,weighted,2,2,q_267504,True,1.0,2683.0
gemini_3_flash_preview,weighted,2,2,q_935784,False,1.0,2492.0
gemini_3_flash_preview,weighted,2,3,q_482251,True,1.0,1346.0
gemini_3_flash_preview,weighted,2,3,q_566988,True,1.0,1458.0
gemini_3_flash_preview,weighted,2,3,q_152619,False,0.0,1777.0
gemini_3_flash_preview,weighted,2,3,q_389834,True,1.0,1760.0
gemini_3_flash_preview,weighted,2,3,q_599298,True,1.0,1992.0
gemini_3_flash_preview,weighted,2,3,q_661709,True,1.0,1821.0
gemini_3_flash_preview,weighted,2,3,q_370470,True,1.0,2105.0
gemini_3_flash_preview,weighted,2,3,q_639526,False,1.0,2202.0
gemini_3_flash_preview,weighted,2,3,q_122575,False,1.0,2101.0
gemini_3_flash_preview,weighted,2,3,q_713462,True,1.0,2267.0
gemini_3_flash_preview,weighted,3,1,q_278076,True,1.0,3253.0
gemini_3_flash_preview,weighted,3,1,q_865549,True,1.0,3301.0
gemini_3_flash_preview,weighted,3,1,q_997774,True,1.0,3298.0
gemini_3_flash_preview,weighted,3,1,q_109581,True,1.0,4248.0
gemini_3_flash_preview,weighted,3,1,q_858350,True,1.0,3850.0
gemini_3_flash_preview,weighted,3,1,q_305456,True,1.0,4014.0
gemini_3_flash_preview,weighted,3,1,q_361679,True,1.0,4247.0
gemini_3_flash_preview,weighted,3,1,q_529992,False,0.5,4603.0
gemini_3_flash_preview,weighted,3,1,q_573613,True,1.0,6290.0
gemini_3_flash_preview,weighted,3,1,q_508273,True,1.0,6819.0
gemini_3_flash_preview,weighted,3,2,q_436836,True,1.0,2843.0
gemini_3_flash_preview,weighted,3,2,q_615025,True,1.0,2885.0
gemini_3_flash_preview,weighted,3,2,q_921827,True,1.0,2956.0
gemini_3_flash_preview,weighted,3,2,q_163034,True,1.0,3028.0
gemini_3_flash_preview,weighted,3,2,q_994296,True,1.0,3203.0
gemini_3_flash_preview,weighted,3,2,q_330900,True,1.0,3482.0
gemini_3_flash_preview,weighted,3,2,q_688191,True,1.0,3674.0
gemini_3_flash_preview,weighted,3,2,q_723334,False,1.0,4067.0
gemini_3_flash_preview,weighted,3,2,q_749733,True,1.0,5651.0
gemini_3_flash_preview,weighted,3,2,q_843520,True,1.0,6024.0
gemini_3_flash_preview,weighted,3,3,q_730666,True,1.0,3619.0
gemini_3_flash_preview,weighted,3,3,q_719781,True,1.0,4019.0
gemini_3_flash_preview,weighted,3,3,q_257518,True,1.0,4115.0
gemini_3_flash_preview,weighted,3,3,q_105589,True,1.0,4317.0
gemini_3_flash_preview,weighted,3,3,q_374718,True,1.0,4410.0
gemini_3_flash_preview,weighted,3,3,q_787516,False,0.0,4960.0
gemini_3_flash_preview,weighted,3,3,q_402899,False,0.5,4610.0
gemini_3_flash_preview,weighted,3,3,q_220189,True,1.0,4953.0
gemini_3_flash_preview,weighted,3,3,q_219727,True,1.0,7545.0
gemini_3_flash_preview,weighted,3,3,q_832605,True,1.0,7702.0
gemini_3_flash_preview,weighted,1,1,q_816058,True,1.0,1030.0
gemini_3_flash_preview,weighted,1,1,q_133167,True,1.0,1098.0
gemini_3_flash_preview,weighted,1,1,q_713576,True,1.0,1157.0
gemini_3_flash_preview,weighted,1,1,q_660959,True,1.0,1209.0
gemini_3_flash_preview,weighted,1,2,q_940931,True,1.0,766.0
gemini_3_flash_preview,weighted,1,2,q_225277,True,1.0,812.0
gemini_3_flash_preview,weighted,1,2,q_678269,True,1.0,989.0
gemini_3_flash_preview,weighted,1,2,q_464951,True,1.0,1156.0
gemini_3_flash_preview,weighted,1,2,q_706270,True,1.0,1147.0
gemini_3_flash_preview,weighted,1,2,q_249018,True,1.0,1212.0
gemini_3_flash_preview,weighted,1,2,q_154957,True,1.0,1236.0
gemini_3_flash_preview,weighted,1,3,q_688231,True,1.0,807.0
gemini_3_flash_preview,weighted,1,3,q_791935,True,1.0,1103.0
gemini_3_flash_preview,weighted,1,3,q_129000,True,1.0,1103.0
gemini_3_flash_preview,weighted,1,3,q_898257,True,1.0,1120.0
gemini_3_flash_preview,weighted,1,3,q_533661,True,1.0,1204.0
gemini_3_flash_preview,weighted,4,1,q_219923,True,1.0,5598.0
gemini_3_flash_preview,weighted,4,1,q_247307,True,1.0,5613.0
gemini_3_flash_preview,weighted,4,1,q_195008,True,1.0,5622.0
gemini_3_flash_preview,weighted,4,1,q_164260,True,1.0,5680.0
gemini_3_flash_preview,weighted,4,1,q_516057,True,1.0,5665.0
gemini_3_flash_preview,weighted,4,1,q_935250,True,1.0,6058.0
gemini_3_flash_preview,weighted,4,1,q_169355,True,1.0,6189.0
gemini_3_flash_preview,weighted,4,1,q_816349,False,0.6,6936.0
gemini_3_flash_preview,weighted,4,1,q_199206,True,1.0,7245.0
gemini_3_flash_preview,weighted,4,1,q_596680,False,1.0,7024.0
gemini_3_flash_preview,weighted,4,2,q_258796,True,1.0,8592.0
gemini_3_flash_preview,weighted,4,2,q_136155,True,1.0,8574.0
gemini_3_flash_preview,weighted,4,2,q_983936,True,1.0,8571.0
gemini_3_flash_preview,weighted,4,2,q_329987,True,1.0,9060.0
gemini_3_flash_preview,weighted,4,2,q_547481,True,1.0,8793.0
gemini_3_flash_preview,weighted,4,2,q_596270,False,0.6,9747.0
gemini_3_flash_preview,weighted,4,2,q_270515,True,1.0,9811.0
gemini_3_flash_preview,weighted,4,2,q_297507,False,0.0,9827.0
gemini_3_flash_preview,weighted,4,2,q_918124,True,1.0,10572.0
gemini_3_flash_preview,weighted,4,2,q_540959,False,0.0,12989.0
gemini_3_flash_preview,weighted,4,3,q_137161,True,1.0,5993.0
gemini_3_flash_preview,weighted,4,3,q_128033,True,1.0,5998.0
gemini_3_flash_preview,weighted,4,3,q_347471,True,1.0,6010.0
gemini_3_flash_preview,weighted,4,3,q_922727,True,1.0,5998.0
gemini_3_flash_preview,weighted,4,3,q_892733,True,1.0,6027.0
gemini_3_flash_preview,weighted,4,3,q_988888,False,0.0,6408.0
gemini_3_flash_preview,weighted,4,3,q_136965,True,1.0,6741.0
gemini_3_flash_preview,weighted,4,3,q_408296,False,0.0,7709.0
gemini_3_flash_preview,weighted,4,3,q_352595,False,0.0,8717.0
gemini_3_flash_preview,weighted,4,3,q_796298,False,0.7,9334.0
gemini_3_flash_preview,conflicting,2,1,q_898079,True,1.0,1471.0
gemini_3_flash_preview,conflicting,2,1,q_882346,True,1.0,1662.0
gemini_3_flash_preview,conflicting,2,1,q_886852,True,1.0,1708.0
gemini_3_flash_preview,conflicting,2,1,q_477375,True,1.0,1730.0
gemini_3_flash_preview,conflicting,2,1,q_540576,True,1.0,1707.0
gemini_3_flash_preview,conflicting,2,1,q_155096,True,1.0,1776.0
gemini_3_flash_preview,conflicting,2,1,q_796482,True,1.0,1769.0
gemini_3_flash_preview,conflicting,2,1,q_421190,False,0.0,1824.0
gemini_3_flash_preview,conflicting,2,1,q_889237,True,1.0,1833.0
gemini_3_flash_preview,conflicting,2,1,q_958792,True,1.0,1861.0
gemini_3_flash_preview,conflicting,2,2,q_725868,True,1.0,1555.0
gemini_3_flash_preview,conflicting,2,2,q_264795,True,1.0,1726.0
gemini_3_flash_preview,conflicting,2,2,q_467679,True,1.0,1776.0
gemini_3_flash_preview,conflicting,2,2,q_800533,False,0.0,1769.0
gemini_3_flash_preview,conflicting,2,2,q_640334,True,1.0,1799.0
gemini_3_flash_preview,conflicting,2,2,q_248231,True,1.0,1832.0
gemini_3_flash_preview,conflicting,2,2,q_394127,True,1.0,1765.0
gemini_3_flash_preview,conflicting,2,2,q_834874,True,1.0,1887.0
gemini_3_flash_preview,conflicting,2,2,q_439854,True,1.0,1915.0
gemini_3_flash_preview,conflicting,2,2,q_662192,True,1.0,1891.0
gemini_3_flash_preview,conflicting,2,3,q_459027,True,1.0,1676.0
gemini_3_flash_preview,conflicting,2,3,q_954064,True,1.0,1631.0
gemini_3_flash_preview,conflicting,2,3,q_887730,True,1.0,1702.0
gemini_3_flash_preview,conflicting,2,3,q_271826,True,1.0,1691.0
gemini_3_flash_preview,conflicting,2,3,q_658473,True,1.0,1655.0
gemini_3_flash_preview,conflicting,2,3,q_671748,True,1.0,1705.0
gemini_3_flash_preview,conflicting,2,3,q_942650,True,1.0,1753.0
gemini_3_flash_preview,conflicting,2,3,q_282933,True,1.0,1723.0
gemini_3_flash_preview,conflicting,2,3,q_794697,True,1.0,1856.0
gemini_3_flash_preview,conflicting,2,3,q_664111,True,1.0,1771.0
gemini_3_flash_preview,conflicting,3,1,q_279628,True,1.0,2314.0
gemini_3_flash_preview,conflicting,3,1,q_846391,True,1.0,2380.0
gemini_3_flash_preview,conflicting,3,1,q_839143,True,1.0,2188.0
gemini_3_flash_preview,conflicting,3,1,q_667636,True,1.0,2335.0
gemini_3_flash_preview,conflicting,3,1,q_916867,True,1.0,2668.0
gemini_3_flash_preview,conflicting,3,1,q_157869,True,1.0,2727.0
gemini_3_flash_preview,conflicting,3,1,q_532864,True,1.0,2758.0
gemini_3_flash_preview,conflicting,3,1,q_277988,True,1.0,2951.0
gemini_3_flash_preview,conflicting,3,1,q_445554,True,1.0,2981.0
gemini_3_flash_preview,conflicting,3,1,q_354017,True,1.0,3316.0
gemini_3_flash_preview,conflicting,3,2,q_653902,True,1.0,2595.0
gemini_3_flash_preview,conflicting,3,2,q_946374,True,1.0,2605.0
gemini_3_flash_preview,conflicting,3,2,q_991823,True,1.0,2645.0
gemini_3_flash_preview,conflicting,3,2,q_276255,True,1.0,2683.0
gemini_3_flash_preview,conflicting,3,2,q_118146,True,1.0,2830.0
gemini_3_flash_preview,conflicting,3,2,q_667304,False,0.0,2869.0
gemini_3_flash_preview,conflicting,3,2,q_994981,True,1.0,2828.0
gemini_3_flash_preview,conflicting,3,2,q_965853,True,1.0,2881.0
gemini_3_flash_preview,conflicting,3,2,q_164280,True,1.0,2861.0
gemini_3_flash_preview,conflicting,3,2,q_660859,False,0.0,2914.0
gemini_3_flash_preview,conflicting,3,3,q_272455,True,1.0,2315.0
gemini_3_flash_preview,conflicting,3,3,q_410320,True,1.0,2156.0
gemini_3_flash_preview,conflicting,3,3,q_229794,True,1.0,2320.0
gemini_3_flash_preview,conflicting,3,3,q_201497,True,1.0,2214.0
gemini_3_flash_preview,conflicting,3,3,q_294507,True,1.0,2645.0
gemini_3_flash_preview,conflicting,3,3,q_727217,True,1.0,2635.0
gemini_3_flash_preview,conflicting,3,3,q_153735,True,1.0,2626.0
gemini_3_flash_preview,conflicting,3,3,q_532702,True,1.0,2742.0
gemini_3_flash_preview,conflicting,3,3,q_416863,True,1.0,2995.0
gemini_3_flash_preview,conflicting,3,3,q_149945,False,0.0,3179.0
gemini_3_flash_preview,conflicting,1,1,q_146868,True,1.0,1376.0
gemini_3_flash_preview,conflicting,1,1,q_525845,True,1.0,1395.0
gemini_3_flash_preview,conflicting,1,1,q_665549,True,1.0,1538.0
gemini_3_flash_preview,conflicting,1,1,q_127936,True,1.0,1555.0
gemini_3_flash_preview,conflicting,1,1,q_372812,True,1.0,1649.0
gemini_3_flash_preview,conflicting,1,1,q_920055,True,1.0,1643.0
gemini_3_flash_preview,conflicting,1,1,q_836946,True,1.0,1656.0
gemini_3_flash_preview,conflicting,1,1,q_532309,True,1.0,1658.0
gemini_3_flash_preview,conflicting,1,1,q_223415,True,1.0,1747.0
gemini_3_flash_preview,conflicting,1,1,q_161940,False,0.0,1787.0
gemini_3_flash_preview,conflicting,1,2,q_245002,True,1.0,1354.0
gemini_3_flash_preview,conflicting,1,2,q_350021,True,1.0,1406.0
gemini_3_flash_preview,conflicting,1,2,q_940328,True,1.0,1392.0
gemini_3_flash_preview,conflicting,1,2,q_329093,True,1.0,1446.0
gemini_3_flash_preview,conflicting,1,2,q_721715,True,1.0,1492.0
gemini_3_flash_preview,conflicting,1,2,q_953208,True,1.0,1457.0
gemini_3_flash_preview,conflicting,1,2,q_942955,True,1.0,1463.0
gemini_3_flash_preview,conflicting,1,2,q_731920,True,1.0,1532.0
gemini_3_flash_preview,conflicting,1,2,q_925167,True,1.0,1634.0
gemini_3_flash_preview,conflicting,1,2,q_368892,True,1.0,1527.0
gemini_3_flash_preview,conflicting,1,3,q_262964,True,1.0,1516.0
gemini_3_flash_preview,conflicting,1,3,q_268990,True,1.0,1490.0
gemini_3_flash_preview,conflicting,1,3,q_289394,True,1.0,1396.0
gemini_3_flash_preview,conflicting,1,3,q_863441,True,1.0,1539.0
gemini_3_flash_preview,conflicting,1,3,q_467762,True,1.0,1605.0
gemini_3_flash_preview,conflicting,1,3,q_197624,True,1.0,1649.0
gemini_3_flash_preview,conflicting,1,3,q_994684,True,1.0,1482.0
gemini_3_flash_preview,conflicting,1,3,q_688137,True,1.0,1567.0
gemini_3_flash_preview,conflicting,1,3,q_241313,True,1.0,1565.0
gemini_3_flash_preview,conflicting,1,3,q_962684,True,1.0,1677.0
gemini_3_flash_preview,conflicting,4,1,q_824339,True,1.0,3831.0
gemini_3_flash_preview,conflicting,4,1,q_801489,True,1.0,4058.0
gemini_3_flash_preview,conflicting,4,1,q_122222,True,1.0,4486.0
gemini_3_flash_preview,conflicting,4,1,q_584767,True,1.0,4706.0
gemini_3_flash_preview,conflicting,4,1,q_160988,True,1.0,4684.0
gemini_3_flash_preview,conflicting,4,1,q_508581,True,1.0,4787.0
gemini_3_flash_preview,conflicting,4,1,q_743721,True,1.0,4702.0
gemini_3_flash_preview,conflicting,4,1,q_121542,True,1.0,4869.0
gemini_3_flash_preview,conflicting,4,1,q_576428,True,1.0,4976.0
gemini_3_flash_preview,conflicting,4,1,q_854515,False,0.0,5009.0
gemini_3_flash_preview,conflicting,4,2,q_338545,True,1.0,4406.0
gemini_3_flash_preview,conflicting,4,2,q_583104,False,0.0,4560.0
gemini_3_flash_preview,conflicting,4,2,q_748584,True,1.0,4844.0
gemini_3_flash_preview,conflicting,4,2,q_528408,False,0.0,4898.0
gemini_3_flash_preview,conflicting,4,2,q_183386,True,1.0,4930.0
gemini_3_flash_preview,conflicting,4,2,q_615458,True,1.0,5195.0
gemini_3_flash_preview,conflicting,4,2,q_235972,True,1.0,5150.0
gemini_3_flash_preview,conflicting,4,2,q_368500,True,1.0,5375.0
gemini_3_flash_preview,conflicting,4,2,q_418204,True,1.0,5212.0
gemini_3_flash_preview,conflicting,4,2,q_914815,True,1.0,5430.0
gemini_3_flash_preview,conflicting,4,3,q_802777,True,1.0,3950.0
gemini_3_flash_preview,conflicting,4,3,q_183171,True,1.0,3995.0
gemini_3_flash_preview,conflicting,4,3,q_723915,True,1.0,4203.0
gemini_3_flash_preview,conflicting,4,3,q_850359,True,1.0,4047.0
gemini_3_flash_preview,conflicting,4,3,q_883159,True,1.0,4169.0
gemini_3_flash_preview,conflicting,4,3,q_826096,True,1.0,4747.0
gemini_3_flash_preview,conflicting,4,3,q_100757,True,1.0,5195.0
gemini_3_flash_preview,conflicting,4,3,q_662973,True,1.0,5446.0
gemini_3_flash_preview,conflicting,4,3,q_534834,True,1.0,5576.0
gemini_3_flash_preview,conflicting,4,3,q_549637,True,1.0,5844.0
claude_sonnet_4_5_20250929,multihop,2,1,q_327208,True,1.0,2680.0
claude_sonnet_4_5_20250929,multihop,2,1,q_809401,True,1.0,2857.0
claude_sonnet_4_5_20250929,multihop,2,1,q_404139,False,0.0,2835.0
claude_sonnet_4_5_20250929,multihop,2,1,q_986362,True,1.0,2914.0
claude_sonnet_4_5_20250929,multihop,2,1,q_782242,True,1.0,2939.0
claude_sonnet_4_5_20250929,multihop,2,1,q_378073,True,1.0,2934.0
claude_sonnet_4_5_20250929,multihop,2,1,q_648931,True,1.0,2997.0
claude_sonnet_4_5_20250929,multihop,2,1,q_921620,True,1.0,3162.0
claude_sonnet_4_5_20250929,multihop,2,1,q_942912,True,1.0,3105.0
claude_sonnet_4_5_20250929,multihop,2,1,q_619868,True,1.0,3397.0
claude_sonnet_4_5_20250929,multihop,2,2,q_823798,True,1.0,1419.0
claude_sonnet_4_5_20250929,multihop,2,2,q_352253,True,1.0,1592.0
claude_sonnet_4_5_20250929,multihop,2,2,q_899577,True,1.0,1600.0
claude_sonnet_4_5_20250929,multihop,2,2,q_822987,True,1.0,1634.0
claude_sonnet_4_5_20250929,multihop,2,2,q_332261,True,1.0,1617.0
claude_sonnet_4_5_20250929,multihop,2,2,q_468744,True,1.0,1711.0
claude_sonnet_4_5_20250929,multihop,2,2,q_474168,True,1.0,1649.0
claude_sonnet_4_5_20250929,multihop,2,2,q_845797,True,1.0,1675.0
claude_sonnet_4_5_20250929,multihop,2,2,q_264873,True,1.0,1686.0
claude_sonnet_4_5_20250929,multihop,2,2,q_165693,True,1.0,1771.0
claude_sonnet_4_5_20250929,multihop,2,3,q_422113,True,1.0,2973.0
claude_sonnet_4_5_20250929,multihop,2,3,q_154389,True,1.0,2959.0
claude_sonnet_4_5_20250929,multihop,2,3,q_702979,True,1.0,3064.0
claude_sonnet_4_5_20250929,multihop,2,3,q_476218,True,1.0,3089.0
claude_sonnet_4_5_20250929,multihop,2,3,q_311817,True,1.0,3071.0
claude_sonnet_4_5_20250929,multihop,2,3,q_276905,True,1.0,3157.0
claude_sonnet_4_5_20250929,multihop,2,3,q_691332,True,1.0,3205.0
claude_sonnet_4_5_20250929,multihop,2,3,q_668322,True,1.0,3193.0
claude_sonnet_4_5_20250929,multihop,2,3,q_456014,False,0.0,3220.0
claude_sonnet_4_5_20250929,multihop,2,3,q_273960,True,1.0,3478.0
claude_sonnet_4_5_20250929,multihop,3,1,q_110447,True,1.0,11799.0
claude_sonnet_4_5_20250929,multihop,3,1,q_696500,True,1.0,11835.0
claude_sonnet_4_5_20250929,multihop,3,1,q_949179,True,1.0,11672.0
claude_sonnet_4_5_20250929,multihop,3,1,q_718331,True,1.0,11636.0
claude_sonnet_4_5_20250929,multihop,3,1,q_970394,True,1.0,11666.0
claude_sonnet_4_5_20250929,multihop,3,1,q_656389,True,1.0,11849.0
claude_sonnet_4_5_20250929,multihop,3,1,q_928183,True,1.0,12021.0
claude_sonnet_4_5_20250929,multihop,3,1,q_949742,False,0.0,12090.0
claude_sonnet_4_5_20250929,multihop,3,1,q_711435,True,1.0,12195.0
claude_sonnet_4_5_20250929,multihop,3,1,q_171433,True,1.0,12408.0
claude_sonnet_4_5_20250929,multihop,3,2,q_705550,True,1.0,10169.0
claude_sonnet_4_5_20250929,multihop,3,2,q_407914,True,1.0,10267.0
claude_sonnet_4_5_20250929,multihop,3,2,q_136638,True,1.0,10287.0
claude_sonnet_4_5_20250929,multihop,3,2,q_620975,True,1.0,10241.0
claude_sonnet_4_5_20250929,multihop,3,2,q_656667,True,1.0,10352.0
claude_sonnet_4_5_20250929,multihop,3,2,q_645447,True,1.0,10732.0
claude_sonnet_4_5_20250929,multihop,3,2,q_236270,False,0.0,10644.0
claude_sonnet_4_5_20250929,multihop,3,2,q_772039,True,1.0,10548.0
claude_sonnet_4_5_20250929,multihop,3,2,q_356683,True,1.0,10726.0
claude_sonnet_4_5_20250929,multihop,3,2,q_238241,False,0.0,11075.0
claude_sonnet_4_5_20250929,multihop,3,3,q_232217,True,1.0,8750.0
claude_sonnet_4_5_20250929,multihop,3,3,q_247843,True,1.0,8707.0
claude_sonnet_4_5_20250929,multihop,3,3,q_145687,True,1.0,8747.0
claude_sonnet_4_5_20250929,multihop,3,3,q_987193,True,1.0,8749.0
claude_sonnet_4_5_20250929,multihop,3,3,q_151997,True,1.0,8857.0
claude_sonnet_4_5_20250929,multihop,3,3,q_142070,True,1.0,8825.0
claude_sonnet_4_5_20250929,multihop,3,3,q_147200,True,1.0,8850.0
claude_sonnet_4_5_20250929,multihop,3,3,q_225196,True,1.0,9035.0
claude_sonnet_4_5_20250929,multihop,3,3,q_761818,True,1.0,9213.0
claude_sonnet_4_5_20250929,multihop,3,3,q_847630,False,0.0,9171.0
claude_sonnet_4_5_20250929,multihop,1,1,q_167167,True,1.0,824.0
claude_sonnet_4_5_20250929,multihop,1,1,q_564488,True,1.0,1016.0
claude_sonnet_4_5_20250929,multihop,1,1,q_383626,True,1.0,1143.0
claude_sonnet_4_5_20250929,multihop,1,2,q_234862,True,1.0,1162.0
claude_sonnet_4_5_20250929,multihop,1,2,q_323749,True,1.0,1103.0
claude_sonnet_4_5_20250929,multihop,1,2,q_528251,True,1.0,1195.0
claude_sonnet_4_5_20250929,multihop,1,3,q_680902,True,1.0,1091.0
claude_sonnet_4_5_20250929,multihop,1,3,q_730503,True,1.0,1152.0
claude_sonnet_4_5_20250929,multihop,1,3,q_253883,True,1.0,1138.0
claude_sonnet_4_5_20250929,multihop,1,3,q_475291,True,1.0,1184.0
claude_sonnet_4_5_20250929,multihop,1,3,q_683282,True,1.0,1227.0
claude_sonnet_4_5_20250929,multihop,1,3,q_803302,True,1.0,1258.0
claude_sonnet_4_5_20250929,multihop,1,3,q_686839,True,1.0,1260.0
claude_sonnet_4_5_20250929,multihop,1,3,q_274616,True,1.0,1266.0
claude_sonnet_4_5_20250929,multihop,1,3,q_292391,True,1.0,1207.0
claude_sonnet_4_5_20250929,multihop,1,3,q_893805,True,1.0,1370.0
claude_sonnet_4_5_20250929,multihop,4,1,q_241793,True,1.0,31307.0
claude_sonnet_4_5_20250929,multihop,4,1,q_932696,True,1.0,31501.0
claude_sonnet_4_5_20250929,multihop,4,1,q_786396,True,1.0,31721.0
claude_sonnet_4_5_20250929,multihop,4,1,q_117572,True,1.0,31625.0
claude_sonnet_4_5_20250929,multihop,4,1,q_626920,True,1.0,33378.0
claude_sonnet_4_5_20250929,multihop,4,1,q_644645,False,0.0,32649.0
claude_sonnet_4_5_20250929,multihop,4,1,q_941497,True,1.0,33980.0
claude_sonnet_4_5_20250929,multihop,4,1,q_670884,True,1.0,33734.0
claude_sonnet_4_5_20250929,multihop,4,1,q_780685,True,1.0,34082.0
claude_sonnet_4_5_20250929,multihop,4,1,q_503690,True,1.0,34569.0
claude_sonnet_4_5_20250929,multihop,4,2,q_439336,False,0.0,20252.0
claude_sonnet_4_5_20250929,multihop,4,2,q_386560,True,1.0,20308.0
claude_sonnet_4_5_20250929,multihop,4,2,q_721809,True,1.0,20372.0
claude_sonnet_4_5_20250929,multihop,4,2,q_638331,True,1.0,20448.0
claude_sonnet_4_5_20250929,multihop,4,2,q_713951,True,1.0,20420.0
claude_sonnet_4_5_20250929,multihop,4,2,q_454279,True,1.0,20392.0
claude_sonnet_4_5_20250929,multihop,4,2,q_450525,True,1.0,20763.0
claude_sonnet_4_5_20250929,multihop,4,2,q_941258,True,1.0,20794.0
claude_sonnet_4_5_20250929,multihop,4,2,q_243014,True,1.0,20948.0
claude_sonnet_4_5_20250929,multihop,4,2,q_963388,True,1.0,21025.0
claude_sonnet_4_5_20250929,multihop,4,3,q_608862,True,1.0,35492.0
claude_sonnet_4_5_20250929,multihop,4,3,q_144829,False,0.0,35541.0
claude_sonnet_4_5_20250929,multihop,4,3,q_100612,True,1.0,35551.0
claude_sonnet_4_5_20250929,multihop,4,3,q_637950,True,1.0,35645.0
claude_sonnet_4_5_20250929,multihop,4,3,q_273439,True,1.0,35550.0
claude_sonnet_4_5_20250929,multihop,4,3,q_778850,True,1.0,35638.0
claude_sonnet_4_5_20250929,multihop,4,3,q_525142,True,1.0,35878.0
claude_sonnet_4_5_20250929,multihop,4,3,q_726917,True,1.0,35871.0
claude_sonnet_4_5_20250929,multihop,4,3,q_885910,True,1.0,35897.0
claude_sonnet_4_5_20250929,multihop,4,3,q_982362,True,1.0,36944.0
claude_sonnet_4_5_20250929,hierarchical,2,1,q_322710,True,1.0,1019.0
claude_sonnet_4_5_20250929,hierarchical,2,1,q_184621,True,1.0,1001.0
claude_sonnet_4_5_20250929,hierarchical,2,1,q_901266,True,1.0,1011.0
claude_sonnet_4_5_20250929,hierarchical,2,1,q_712590,True,1.0,998.0
claude_sonnet_4_5_20250929,hierarchical,2,1,q_705693,True,1.0,1035.0
claude_sonnet_4_5_20250929,hierarchical,2,1,q_770896,True,1.0,1046.0
claude_sonnet_4_5_20250929,hierarchical,2,1,q_664453,True,1.0,1169.0
claude_sonnet_4_5_20250929,hierarchical,2,1,q_275237,True,1.0,1102.0
claude_sonnet_4_5_20250929,hierarchical,2,1,q_390877,True,1.0,1075.0
claude_sonnet_4_5_20250929,hierarchical,2,1,q_904893,True,1.0,1183.0
claude_sonnet_4_5_20250929,hierarchical,2,2,q_531167,True,1.0,750.0
claude_sonnet_4_5_20250929,hierarchical,2,2,q_993314,True,1.0,785.0
claude_sonnet_4_5_20250929,hierarchical,2,2,q_871434,True,1.0,820.0
claude_sonnet_4_5_20250929,hierarchical,2,2,q_274008,True,1.0,802.0
claude_sonnet_4_5_20250929,hierarchical,2,2,q_700008,True,1.0,829.0
claude_sonnet_4_5_20250929,hierarchical,2,2,q_642240,True,1.0,752.0
claude_sonnet_4_5_20250929,hierarchical,2,2,q_316392,True,1.0,843.0
claude_sonnet_4_5_20250929,hierarchical,2,2,q_478914,True,1.0,809.0
claude_sonnet_4_5_20250929,hierarchical,2,2,q_757781,True,1.0,937.0
claude_sonnet_4_5_20250929,hierarchical,2,2,q_429016,True,1.0,966.0
claude_sonnet_4_5_20250929,hierarchical,2,3,q_485687,True,1.0,786.0
claude_sonnet_4_5_20250929,hierarchical,2,3,q_730919,True,1.0,845.0
claude_sonnet_4_5_20250929,hierarchical,2,3,q_190862,True,1.0,836.0
claude_sonnet_4_5_20250929,hierarchical,2,3,q_585598,True,1.0,846.0
claude_sonnet_4_5_20250929,hierarchical,2,3,q_544245,True,1.0,798.0
claude_sonnet_4_5_20250929,hierarchical,2,3,q_994582,True,1.0,881.0
claude_sonnet_4_5_20250929,hierarchical,2,3,q_514106,True,1.0,959.0
claude_sonnet_4_5_20250929,hierarchical,2,3,q_588605,True,1.0,957.0
claude_sonnet_4_5_20250929,hierarchical,2,3,q_396279,True,1.0,908.0
claude_sonnet_4_5_20250929,hierarchical,2,3,q_884440,True,1.0,1025.0
claude_sonnet_4_5_20250929,hierarchical,3,1,q_940613,True,1.0,1158.0
claude_sonnet_4_5_20250929,hierarchical,3,1,q_470401,True,1.0,1155.0
claude_sonnet_4_5_20250929,hierarchical,3,1,q_525098,True,1.0,1211.0
claude_sonnet_4_5_20250929,hierarchical,3,1,q_542854,True,1.0,1166.0
claude_sonnet_4_5_20250929,hierarchical,3,1,q_625450,True,1.0,1210.0
claude_sonnet_4_5_20250929,hierarchical,3,1,q_666755,True,1.0,1305.0
claude_sonnet_4_5_20250929,hierarchical,3,1,q_208020,True,1.0,1317.0
claude_sonnet_4_5_20250929,hierarchical,3,1,q_405713,True,1.0,1355.0
claude_sonnet_4_5_20250929,hierarchical,3,1,q_719006,True,1.0,1367.0
claude_sonnet_4_5_20250929,hierarchical,3,1,q_797357,True,1.0,1233.0
claude_sonnet_4_5_20250929,hierarchical,3,2,q_502913,True,1.0,1087.0
claude_sonnet_4_5_20250929,hierarchical,3,2,q_696255,True,1.0,1087.0
claude_sonnet_4_5_20250929,hierarchical,3,2,q_437762,True,1.0,1146.0
claude_sonnet_4_5_20250929,hierarchical,3,2,q_724762,True,1.0,1075.0
claude_sonnet_4_5_20250929,hierarchical,3,2,q_133184,True,1.0,1080.0
claude_sonnet_4_5_20250929,hierarchical,3,2,q_563799,True,1.0,1132.0
claude_sonnet_4_5_20250929,hierarchical,3,2,q_186882,True,1.0,1125.0
claude_sonnet_4_5_20250929,hierarchical,3,2,q_858963,True,1.0,1169.0
claude_sonnet_4_5_20250929,hierarchical,3,2,q_402275,True,1.0,1188.0
claude_sonnet_4_5_20250929,hierarchical,3,2,q_200928,False,0.0,1327.0
claude_sonnet_4_5_20250929,hierarchical,3,3,q_695563,True,1.0,1222.0
claude_sonnet_4_5_20250929,hierarchical,3,3,q_715046,True,1.0,1130.0
claude_sonnet_4_5_20250929,hierarchical,3,3,q_607324,True,1.0,1161.0
claude_sonnet_4_5_20250929,hierarchical,3,3,q_548586,True,1.0,1182.0
claude_sonnet_4_5_20250929,hierarchical,3,3,q_205518,True,1.0,1189.0
claude_sonnet_4_5_20250929,hierarchical,3,3,q_954521,True,1.0,1162.0
claude_sonnet_4_5_20250929,hierarchical,3,3,q_835301,True,1.0,1173.0
claude_sonnet_4_5_20250929,hierarchical,3,3,q_820824,True,1.0,1177.0
claude_sonnet_4_5_20250929,hierarchical,3,3,q_216158,True,1.0,1317.0
claude_sonnet_4_5_20250929,hierarchical,3,3,q_937062,True,1.0,1326.0
claude_sonnet_4_5_20250929,hierarchical,1,1,q_424489,True,1.0,445.0
claude_sonnet_4_5_20250929,hierarchical,1,1,q_612845,True,1.0,488.0
claude_sonnet_4_5_20250929,hierarchical,1,2,q_190768,True,1.0,523.0
claude_sonnet_4_5_20250929,hierarchical,1,2,q_751175,True,1.0,550.0
claude_sonnet_4_5_20250929,hierarchical,1,2,q_232668,True,1.0,531.0
claude_sonnet_4_5_20250929,hierarchical,1,2,q_756368,True,1.0,525.0
claude_sonnet_4_5_20250929,hierarchical,1,2,q_735939,True,1.0,543.0
claude_sonnet_4_5_20250929,hierarchical,1,2,q_864609,True,1.0,554.0
claude_sonnet_4_5_20250929,hierarchical,1,2,q_693014,True,1.0,562.0
claude_sonnet_4_5_20250929,hierarchical,1,2,q_561902,True,1.0,620.0
claude_sonnet_4_5_20250929,hierarchical,1,3,q_472113,True,1.0,478.0
claude_sonnet_4_5_20250929,hierarchical,1,3,q_448805,True,1.0,517.0
claude_sonnet_4_5_20250929,hierarchical,1,3,q_511813,True,1.0,505.0
claude_sonnet_4_5_20250929,hierarchical,1,3,q_308078,True,1.0,497.0
claude_sonnet_4_5_20250929,hierarchical,1,3,q_575625,True,1.0,524.0
claude_sonnet_4_5_20250929,hierarchical,1,3,q_673386,True,1.0,509.0
claude_sonnet_4_5_20250929,hierarchical,4,1,q_472333,True,1.0,1965.0
claude_sonnet_4_5_20250929,hierarchical,4,1,q_587640,True,1.0,1965.0
claude_sonnet_4_5_20250929,hierarchical,4,1,q_143627,True,1.0,1963.0
claude_sonnet_4_5_20250929,hierarchical,4,1,q_629457,True,1.0,2003.0
claude_sonnet_4_5_20250929,hierarchical,4,1,q_789186,True,1.0,2040.0
claude_sonnet_4_5_20250929,hierarchical,4,1,q_370991,True,1.0,1978.0
claude_sonnet_4_5_20250929,hierarchical,4,1,q_941734,True,1.0,2021.0
claude_sonnet_4_5_20250929,hierarchical,4,1,q_269301,True,1.0,2008.0
claude_sonnet_4_5_20250929,hierarchical,4,1,q_910720,True,1.0,2080.0
claude_sonnet_4_5_20250929,hierarchical,4,1,q_114328,True,1.0,2074.0
claude_sonnet_4_5_20250929,hierarchical,4,2,q_177961,True,1.0,2072.0
claude_sonnet_4_5_20250929,hierarchical,4,2,q_811784,True,1.0,2097.0
claude_sonnet_4_5_20250929,hierarchical,4,2,q_157858,True,1.0,2103.0
claude_sonnet_4_5_20250929,hierarchical,4,2,q_493004,True,1.0,2036.0
claude_sonnet_4_5_20250929,hierarchical,4,2,q_983532,True,1.0,2063.0
claude_sonnet_4_5_20250929,hierarchical,4,2,q_868670,True,1.0,2146.0
claude_sonnet_4_5_20250929,hierarchical,4,2,q_289826,True,1.0,2131.0
claude_sonnet_4_5_20250929,hierarchical,4,2,q_738154,True,1.0,2188.0
claude_sonnet_4_5_20250929,hierarchical,4,2,q_788226,True,1.0,2173.0
claude_sonnet_4_5_20250929,hierarchical,4,2,q_166068,True,1.0,2175.0
claude_sonnet_4_5_20250929,hierarchical,4,3,q_112425,True,1.0,2038.0
claude_sonnet_4_5_20250929,hierarchical,4,3,q_497258,True,1.0,2093.0
claude_sonnet_4_5_20250929,hierarchical,4,3,q_676972,True,1.0,2138.0
claude_sonnet_4_5_20250929,hierarchical,4,3,q_898760,True,1.0,2078.0
claude_sonnet_4_5_20250929,hierarchical,4,3,q_962387,True,1.0,2070.0
claude_sonnet_4_5_20250929,hierarchical,4,3,q_762982,True,1.0,2093.0
claude_sonnet_4_5_20250929,hierarchical,4,3,q_895813,True,1.0,2089.0
claude_sonnet_4_5_20250929,hierarchical,4,3,q_589161,True,1.0,2114.0
claude_sonnet_4_5_20250929,hierarchical,4,3,q_144790,True,1.0,2071.0
claude_sonnet_4_5_20250929,hierarchical,4,3,q_573717,True,1.0,2117.0
claude_sonnet_4_5_20250929,temporal,2,1,q_110981,True,1.0,1037.0
claude_sonnet_4_5_20250929,temporal,2,1,q_341223,True,1.0,1123.0
claude_sonnet_4_5_20250929,temporal,2,1,q_272731,True,1.0,1117.0
claude_sonnet_4_5_20250929,temporal,2,1,q_723108,True,1.0,1100.0
claude_sonnet_4_5_20250929,temporal,2,1,q_605459,True,1.0,1060.0
claude_sonnet_4_5_20250929,temporal,2,1,q_864552,False,0.0,1189.0
claude_sonnet_4_5_20250929,temporal,2,1,q_455497,False,0.0,1152.0
claude_sonnet_4_5_20250929,temporal,2,1,q_673027,True,1.0,1160.0
claude_sonnet_4_5_20250929,temporal,2,1,q_248549,False,0.0,1062.0
claude_sonnet_4_5_20250929,temporal,2,1,q_802957,False,0.0,1495.0
claude_sonnet_4_5_20250929,temporal,2,2,q_808189,True,1.0,991.0
claude_sonnet_4_5_20250929,temporal,2,2,q_357629,True,1.0,1096.0
claude_sonnet_4_5_20250929,temporal,2,2,q_792135,True,1.0,851.0
claude_sonnet_4_5_20250929,temporal,2,2,q_367863,False,0.0,916.0
claude_sonnet_4_5_20250929,temporal,2,2,q_208237,False,0.0,972.0
claude_sonnet_4_5_20250929,temporal,2,2,q_818838,True,1.0,1009.0
claude_sonnet_4_5_20250929,temporal,2,2,q_191706,True,1.0,1049.0
claude_sonnet_4_5_20250929,temporal,2,2,q_236344,True,1.0,1029.0
claude_sonnet_4_5_20250929,temporal,2,2,q_244619,True,1.0,973.0
claude_sonnet_4_5_20250929,temporal,2,2,q_152795,False,0.0,964.0
claude_sonnet_4_5_20250929,temporal,2,3,q_675453,True,1.0,1126.0
claude_sonnet_4_5_20250929,temporal,2,3,q_575668,True,1.0,1533.0
claude_sonnet_4_5_20250929,temporal,2,3,q_589852,True,1.0,1676.0
claude_sonnet_4_5_20250929,temporal,2,3,q_694498,True,1.0,1349.0
claude_sonnet_4_5_20250929,temporal,2,3,q_118947,True,1.0,1390.0
claude_sonnet_4_5_20250929,temporal,2,3,q_169346,True,1.0,1529.0
claude_sonnet_4_5_20250929,temporal,2,3,q_363444,True,1.0,1587.0
claude_sonnet_4_5_20250929,temporal,2,3,q_281602,True,1.0,1578.0
claude_sonnet_4_5_20250929,temporal,2,3,q_358254,False,0.0,1462.0
claude_sonnet_4_5_20250929,temporal,2,3,q_557594,True,1.0,1643.0
claude_sonnet_4_5_20250929,temporal,3,1,q_856132,True,1.0,897.0
claude_sonnet_4_5_20250929,temporal,3,1,q_675648,True,1.0,939.0
claude_sonnet_4_5_20250929,temporal,3,1,q_640403,True,1.0,1254.0
claude_sonnet_4_5_20250929,temporal,3,1,q_155484,True,1.0,1724.0
claude_sonnet_4_5_20250929,temporal,3,1,q_908915,True,1.0,1455.0
claude_sonnet_4_5_20250929,temporal,3,1,q_223156,True,1.0,1237.0
claude_sonnet_4_5_20250929,temporal,3,1,q_175464,False,0.0,1681.0
claude_sonnet_4_5_20250929,temporal,3,1,q_398072,True,1.0,1719.0
claude_sonnet_4_5_20250929,temporal,3,1,q_462307,True,1.0,1685.0
claude_sonnet_4_5_20250929,temporal,3,1,q_297677,False,0.0,1426.0
claude_sonnet_4_5_20250929,temporal,3,2,q_584318,True,1.0,817.0
claude_sonnet_4_5_20250929,temporal,3,2,q_975143,True,1.0,802.0
claude_sonnet_4_5_20250929,temporal,3,2,q_754803,True,1.0,885.0
claude_sonnet_4_5_20250929,temporal,3,2,q_688099,True,1.0,936.0
claude_sonnet_4_5_20250929,temporal,3,2,q_951002,True,1.0,1311.0
claude_sonnet_4_5_20250929,temporal,3,2,q_637571,True,1.0,1425.0
claude_sonnet_4_5_20250929,temporal,3,2,q_659379,True,1.0,1484.0
claude_sonnet_4_5_20250929,temporal,3,2,q_791806,True,1.0,1209.0
claude_sonnet_4_5_20250929,temporal,3,2,q_880410,True,1.0,1047.0
claude_sonnet_4_5_20250929,temporal,3,2,q_246608,True,1.0,1518.0
claude_sonnet_4_5_20250929,temporal,3,3,q_303086,True,1.0,963.0
claude_sonnet_4_5_20250929,temporal,3,3,q_499898,True,1.0,1074.0
claude_sonnet_4_5_20250929,temporal,3,3,q_491097,True,1.0,1056.0
claude_sonnet_4_5_20250929,temporal,3,3,q_204372,True,1.0,1178.0
claude_sonnet_4_5_20250929,temporal,3,3,q_961435,True,1.0,1501.0
claude_sonnet_4_5_20250929,temporal,3,3,q_740968,False,0.0,1667.0
claude_sonnet_4_5_20250929,temporal,3,3,q_894845,True,1.0,1700.0
claude_sonnet_4_5_20250929,temporal,3,3,q_480869,False,0.0,1332.0
claude_sonnet_4_5_20250929,temporal,3,3,q_199612,True,1.0,1901.0
claude_sonnet_4_5_20250929,temporal,3,3,q_810293,True,1.0,1569.0
claude_sonnet_4_5_20250929,temporal,1,1,q_277684,True,1.0,973.0
claude_sonnet_4_5_20250929,temporal,1,1,q_736762,True,1.0,1181.0
claude_sonnet_4_5_20250929,temporal,1,1,q_345632,False,0.0,1076.0
claude_sonnet_4_5_20250929,temporal,1,1,q_677642,False,0.0,1117.0
claude_sonnet_4_5_20250929,temporal,1,1,q_958081,False,0.0,1248.0
claude_sonnet_4_5_20250929,temporal,1,1,q_603960,False,0.0,1423.0
claude_sonnet_4_5_20250929,temporal,1,1,q_256351,False,0.0,1555.0
claude_sonnet_4_5_20250929,temporal,1,1,q_649587,True,1.0,1605.0
claude_sonnet_4_5_20250929,temporal,1,1,q_188062,False,0.0,1514.0
claude_sonnet_4_5_20250929,temporal,1,2,q_431821,True,1.0,1128.0
claude_sonnet_4_5_20250929,temporal,1,2,q_386081,True,1.0,1196.0
claude_sonnet_4_5_20250929,temporal,1,2,q_315828,True,1.0,1132.0
claude_sonnet_4_5_20250929,temporal,1,2,q_612510,True,1.0,1222.0
claude_sonnet_4_5_20250929,temporal,1,2,q_261791,True,1.0,1253.0
claude_sonnet_4_5_20250929,temporal,1,2,q_646878,True,1.0,1174.0
claude_sonnet_4_5_20250929,temporal,1,2,q_224139,True,1.0,1111.0
claude_sonnet_4_5_20250929,temporal,1,2,q_338252,True,1.0,1499.0
claude_sonnet_4_5_20250929,temporal,1,2,q_395337,True,1.0,1271.0
claude_sonnet_4_5_20250929,temporal,1,2,q_812976,True,1.0,1595.0
claude_sonnet_4_5_20250929,temporal,1,3,q_534995,True,1.0,1096.0
claude_sonnet_4_5_20250929,temporal,1,3,q_609142,True,1.0,990.0
claude_sonnet_4_5_20250929,temporal,1,3,q_879712,True,1.0,814.0
claude_sonnet_4_5_20250929,temporal,1,3,q_482716,True,1.0,1250.0
claude_sonnet_4_5_20250929,temporal,1,3,q_367289,True,1.0,962.0
claude_sonnet_4_5_20250929,temporal,1,3,q_863402,True,1.0,1129.0
claude_sonnet_4_5_20250929,temporal,1,3,q_594214,True,1.0,1312.0
claude_sonnet_4_5_20250929,temporal,1,3,q_382437,True,1.0,992.0
claude_sonnet_4_5_20250929,temporal,1,3,q_787594,True,1.0,1095.0
claude_sonnet_4_5_20250929,temporal,4,1,q_461090,True,1.0,995.0
claude_sonnet_4_5_20250929,temporal,4,1,q_864187,True,1.0,997.0
claude_sonnet_4_5_20250929,temporal,4,1,q_306979,True,1.0,1157.0
claude_sonnet_4_5_20250929,temporal,4,1,q_732992,True,1.0,1106.0
claude_sonnet_4_5_20250929,temporal,4,1,q_370551,True,1.0,1339.0
claude_sonnet_4_5_20250929,temporal,4,1,q_981788,True,1.0,1423.0
claude_sonnet_4_5_20250929,temporal,4,1,q_479999,True,1.0,1672.0
claude_sonnet_4_5_20250929,temporal,4,1,q_863112,False,0.0,1411.0
claude_sonnet_4_5_20250929,temporal,4,1,q_727668,True,1.0,1740.0
claude_sonnet_4_5_20250929,temporal,4,1,q_715385,True,1.0,1558.0
claude_sonnet_4_5_20250929,temporal,4,2,q_223469,True,1.0,815.0
claude_sonnet_4_5_20250929,temporal,4,2,q_159790,True,1.0,1345.0
claude_sonnet_4_5_20250929,temporal,4,2,q_469384,True,1.0,974.0
claude_sonnet_4_5_20250929,temporal,4,2,q_652945,True,1.0,1354.0
claude_sonnet_4_5_20250929,temporal,4,2,q_910471,True,1.0,1201.0
claude_sonnet_4_5_20250929,temporal,4,2,q_889583,True,1.0,1208.0
claude_sonnet_4_5_20250929,temporal,4,2,q_178323,True,1.0,1315.0
claude_sonnet_4_5_20250929,temporal,4,2,q_413629,True,1.0,1268.0
claude_sonnet_4_5_20250929,temporal,4,2,q_660466,True,1.0,1157.0
claude_sonnet_4_5_20250929,temporal,4,2,q_452271,True,1.0,1425.0
claude_sonnet_4_5_20250929,temporal,4,3,q_303853,True,1.0,884.0
claude_sonnet_4_5_20250929,temporal,4,3,q_763519,True,1.0,842.0
claude_sonnet_4_5_20250929,temporal,4,3,q_302794,True,1.0,1289.0
claude_sonnet_4_5_20250929,temporal,4,3,q_297453,True,1.0,1295.0
claude_sonnet_4_5_20250929,temporal,4,3,q_720968,True,1.0,1186.0
claude_sonnet_4_5_20250929,temporal,4,3,q_364638,True,1.0,1341.0
claude_sonnet_4_5_20250929,temporal,4,3,q_555992,True,1.0,1407.0
claude_sonnet_4_5_20250929,temporal,4,3,q_382114,True,1.0,1480.0
claude_sonnet_4_5_20250929,temporal,4,3,q_136085,False,0.0,1043.0
claude_sonnet_4_5_20250929,temporal,4,3,q_975021,False,0.0,1163.0
claude_sonnet_4_5_20250929,weighted,2,1,q_525126,True,1.0,1316.0
claude_sonnet_4_5_20250929,weighted,2,1,q_872439,True,1.0,1371.0
claude_sonnet_4_5_20250929,weighted,2,1,q_213872,True,1.0,1543.0
claude_sonnet_4_5_20250929,weighted,2,1,q_863464,True,1.0,1613.0
claude_sonnet_4_5_20250929,weighted,2,1,q_753276,True,1.0,1850.0
claude_sonnet_4_5_20250929,weighted,2,1,q_634355,True,1.0,2542.0
claude_sonnet_4_5_20250929,weighted,2,1,q_861611,True,1.0,2624.0
claude_sonnet_4_5_20250929,weighted,2,1,q_922981,True,1.0,1992.0
claude_sonnet_4_5_20250929,weighted,2,1,q_356749,False,0.0,2043.0
claude_sonnet_4_5_20250929,weighted,2,1,q_298733,False,0.5,2316.0
claude_sonnet_4_5_20250929,weighted,2,2,q_454334,True,1.0,1570.0
claude_sonnet_4_5_20250929,weighted,2,2,q_314972,True,1.0,1507.0
claude_sonnet_4_5_20250929,weighted,2,2,q_545467,True,1.0,1587.0
claude_sonnet_4_5_20250929,weighted,2,2,q_991319,True,1.0,1876.0
claude_sonnet_4_5_20250929,weighted,2,2,q_944239,True,1.0,2638.0
claude_sonnet_4_5_20250929,weighted,2,2,q_267504,False,0.0,2573.0
claude_sonnet_4_5_20250929,weighted,2,2,q_481529,True,1.0,2221.0
claude_sonnet_4_5_20250929,weighted,2,2,q_935784,False,0.0,1982.0
claude_sonnet_4_5_20250929,weighted,2,2,q_972070,True,1.0,2163.0
claude_sonnet_4_5_20250929,weighted,2,2,q_204158,True,1.0,2909.0
claude_sonnet_4_5_20250929,weighted,2,3,q_482251,True,1.0,1184.0
claude_sonnet_4_5_20250929,weighted,2,3,q_599298,True,1.0,1965.0
claude_sonnet_4_5_20250929,weighted,2,3,q_566988,True,1.0,1672.0
claude_sonnet_4_5_20250929,weighted,2,3,q_122575,False,0.0,1559.0
claude_sonnet_4_5_20250929,weighted,2,3,q_370470,True,1.0,1915.0
claude_sonnet_4_5_20250929,weighted,2,3,q_389834,True,1.0,1847.0
claude_sonnet_4_5_20250929,weighted,2,3,q_713462,True,1.0,2027.0
claude_sonnet_4_5_20250929,weighted,2,3,q_661709,True,1.0,2045.0
claude_sonnet_4_5_20250929,weighted,2,3,q_639526,False,0.0,1956.0
claude_sonnet_4_5_20250929,weighted,2,3,q_152619,False,0.0,2008.0
claude_sonnet_4_5_20250929,weighted,3,1,q_278076,True,1.0,3198.0
claude_sonnet_4_5_20250929,weighted,3,1,q_997774,True,1.0,3302.0
claude_sonnet_4_5_20250929,weighted,3,1,q_865549,True,1.0,3395.0
claude_sonnet_4_5_20250929,weighted,3,1,q_109581,False,0.0,4166.0
claude_sonnet_4_5_20250929,weighted,3,1,q_305456,True,1.0,3773.0
claude_sonnet_4_5_20250929,weighted,3,1,q_858350,False,1.0,4187.0
claude_sonnet_4_5_20250929,weighted,3,1,q_529992,False,0.0,4495.0
claude_sonnet_4_5_20250929,weighted,3,1,q_361679,False,0.4444444444444444,4609.0
claude_sonnet_4_5_20250929,weighted,3,1,q_508273,True,1.0,6218.0
claude_sonnet_4_5_20250929,weighted,3,1,q_573613,True,1.0,6631.0
claude_sonnet_4_5_20250929,weighted,3,2,q_436836,True,1.0,2799.0
claude_sonnet_4_5_20250929,weighted,3,2,q_615025,True,1.0,2961.0
claude_sonnet_4_5_20250929,weighted,3,2,q_163034,True,1.0,3068.0
claude_sonnet_4_5_20250929,weighted,3,2,q_921827,True,1.0,3123.0
claude_sonnet_4_5_20250929,weighted,3,2,q_330900,True,1.0,3251.0
claude_sonnet_4_5_20250929,weighted,3,2,q_994296,True,1.0,3414.0
claude_sonnet_4_5_20250929,weighted,3,2,q_688191,True,1.0,3688.0
claude_sonnet_4_5_20250929,weighted,3,2,q_723334,False,0.0,3921.0
claude_sonnet_4_5_20250929,weighted,3,2,q_749733,True,1.0,5542.0
claude_sonnet_4_5_20250929,weighted,3,2,q_843520,False,0.0,5533.0
claude_sonnet_4_5_20250929,weighted,3,3,q_730666,True,1.0,3538.0
claude_sonnet_4_5_20250929,weighted,3,3,q_787516,True,1.0,4651.0
claude_sonnet_4_5_20250929,weighted,3,3,q_374718,True,1.0,4241.0
claude_sonnet_4_5_20250929,weighted,3,3,q_257518,True,1.0,4562.0
claude_sonnet_4_5_20250929,weighted,3,3,q_105589,True,1.0,4363.0
claude_sonnet_4_5_20250929,weighted,3,3,q_402899,True,1.0,4626.0
claude_sonnet_4_5_20250929,weighted,3,3,q_220189,True,1.0,4674.0
claude_sonnet_4_5_20250929,weighted,3,3,q_719781,False,0.0,4527.0
claude_sonnet_4_5_20250929,weighted,3,3,q_219727,False,0.0,6961.0
claude_sonnet_4_5_20250929,weighted,3,3,q_832605,True,1.0,6960.0
claude_sonnet_4_5_20250929,weighted,1,1,q_133167,True,1.0,1250.0
claude_sonnet_4_5_20250929,weighted,1,1,q_816058,True,1.0,1116.0
claude_sonnet_4_5_20250929,weighted,1,1,q_713576,True,1.0,1334.0
claude_sonnet_4_5_20250929,weighted,1,1,q_660959,True,1.0,1273.0
claude_sonnet_4_5_20250929,weighted,1,2,q_678269,True,1.0,747.0
claude_sonnet_4_5_20250929,weighted,1,2,q_225277,True,1.0,809.0
claude_sonnet_4_5_20250929,weighted,1,2,q_940931,True,1.0,1088.0
claude_sonnet_4_5_20250929,weighted,1,2,q_154957,True,1.0,1305.0
claude_sonnet_4_5_20250929,weighted,1,2,q_464951,True,1.0,1302.0
claude_sonnet_4_5_20250929,weighted,1,2,q_706270,True,1.0,1331.0
claude_sonnet_4_5_20250929,weighted,1,2,q_249018,True,1.0,1376.0
claude_sonnet_4_5_20250929,weighted,1,3,q_898257,True,1.0,1178.0
claude_sonnet_4_5_20250929,weighted,1,3,q_129000,True,1.0,1275.0
claude_sonnet_4_5_20250929,weighted,1,3,q_791935,True,1.0,1303.0
claude_sonnet_4_5_20250929,weighted,1,3,q_533661,True,1.0,1295.0
claude_sonnet_4_5_20250929,weighted,1,3,q_688231,True,1.0,1154.0
claude_sonnet_4_5_20250929,weighted,4,1,q_219923,True,1.0,5529.0
claude_sonnet_4_5_20250929,weighted,4,1,q_516057,True,1.0,5515.0
claude_sonnet_4_5_20250929,weighted,4,1,q_247307,True,1.0,5603.0
claude_sonnet_4_5_20250929,weighted,4,1,q_195008,True,1.0,5593.0
claude_sonnet_4_5_20250929,weighted,4,1,q_164260,True,1.0,5642.0
claude_sonnet_4_5_20250929,weighted,4,1,q_935250,True,1.0,6704.0
claude_sonnet_4_5_20250929,weighted,4,1,q_169355,True,1.0,6323.0
claude_sonnet_4_5_20250929,weighted,4,1,q_199206,True,1.0,6381.0
claude_sonnet_4_5_20250929,weighted,4,1,q_596680,False,0.5,6365.0
claude_sonnet_4_5_20250929,weighted,4,1,q_816349,False,0.4,7178.0
claude_sonnet_4_5_20250929,weighted,4,2,q_136155,True,1.0,8446.0
claude_sonnet_4_5_20250929,weighted,4,2,q_983936,True,1.0,8450.0
claude_sonnet_4_5_20250929,weighted,4,2,q_258796,True,1.0,8467.0
claude_sonnet_4_5_20250929,weighted,4,2,q_329987,True,1.0,9092.0
claude_sonnet_4_5_20250929,weighted,4,2,q_297507,True,1.0,9197.0
claude_sonnet_4_5_20250929,weighted,4,2,q_918124,True,1.0,9465.0
claude_sonnet_4_5_20250929,weighted,4,2,q_547481,True,1.0,9575.0
claude_sonnet_4_5_20250929,weighted,4,2,q_596270,False,0.6,9416.0
claude_sonnet_4_5_20250929,weighted,4,2,q_270515,True,1.0,9513.0
claude_sonnet_4_5_20250929,weighted,4,2,q_540959,False,0.0,12790.0
claude_sonnet_4_5_20250929,weighted,4,3,q_892733,True,1.0,5873.0
claude_sonnet_4_5_20250929,weighted,4,3,q_922727,True,1.0,5874.0
claude_sonnet_4_5_20250929,weighted,4,3,q_128033,True,1.0,5849.0
claude_sonnet_4_5_20250929,weighted,4,3,q_137161,True,1.0,5975.0
claude_sonnet_4_5_20250929,weighted,4,3,q_347471,True,1.0,5958.0
claude_sonnet_4_5_20250929,weighted,4,3,q_988888,False,0.0,6605.0
claude_sonnet_4_5_20250929,weighted,4,3,q_408296,False,0.0,7363.0
claude_sonnet_4_5_20250929,weighted,4,3,q_796298,False,0.4,7232.0
claude_sonnet_4_5_20250929,weighted,4,3,q_136965,False,0.5,7211.0
claude_sonnet_4_5_20250929,weighted,4,3,q_352595,False,0.0,8405.0
claude_sonnet_4_5_20250929,conflicting,2,1,q_886852,True,1.0,1810.0
claude_sonnet_4_5_20250929,conflicting,2,1,q_477375,True,1.0,1847.0
claude_sonnet_4_5_20250929,conflicting,2,1,q_882346,True,1.0,1931.0
claude_sonnet_4_5_20250929,conflicting,2,1,q_796482,True,1.0,1974.0
claude_sonnet_4_5_20250929,conflicting,2,1,q_421190,False,0.0,1899.0
claude_sonnet_4_5_20250929,conflicting,2,1,q_540576,True,1.0,1882.0
claude_sonnet_4_5_20250929,conflicting,2,1,q_889237,True,1.0,2097.0
claude_sonnet_4_5_20250929,conflicting,2,1,q_958792,True,1.0,2258.0
claude_sonnet_4_5_20250929,conflicting,2,1,q_898079,False,0.0,2088.0
claude_sonnet_4_5_20250929,conflicting,2,1,q_155096,True,1.0,2467.0
claude_sonnet_4_5_20250929,conflicting,2,2,q_834874,True,1.0,1785.0
claude_sonnet_4_5_20250929,conflicting,2,2,q_439854,True,1.0,1785.0
claude_sonnet_4_5_20250929,conflicting,2,2,q_467679,True,1.0,1887.0
claude_sonnet_4_5_20250929,conflicting,2,2,q_662192,True,1.0,1953.0
claude_sonnet_4_5_20250929,conflicting,2,2,q_800533,False,0.0,2006.0
claude_sonnet_4_5_20250929,conflicting,2,2,q_640334,True,1.0,1981.0
claude_sonnet_4_5_20250929,conflicting,2,2,q_264795,True,1.0,1998.0
claude_sonnet_4_5_20250929,conflicting,2,2,q_394127,True,1.0,1913.0
claude_sonnet_4_5_20250929,conflicting,2,2,q_725868,True,1.0,1924.0
claude_sonnet_4_5_20250929,conflicting,2,2,q_248231,True,1.0,2180.0
claude_sonnet_4_5_20250929,conflicting,2,3,q_794697,True,1.0,1814.0
claude_sonnet_4_5_20250929,conflicting,2,3,q_282933,True,1.0,1795.0
claude_sonnet_4_5_20250929,conflicting,2,3,q_887730,True,1.0,1767.0
claude_sonnet_4_5_20250929,conflicting,2,3,q_664111,True,1.0,1848.0
claude_sonnet_4_5_20250929,conflicting,2,3,q_954064,True,1.0,1920.0
claude_sonnet_4_5_20250929,conflicting,2,3,q_271826,True,1.0,1901.0
claude_sonnet_4_5_20250929,conflicting,2,3,q_942650,True,1.0,1822.0
claude_sonnet_4_5_20250929,conflicting,2,3,q_658473,True,1.0,1859.0
claude_sonnet_4_5_20250929,conflicting,2,3,q_459027,True,1.0,1934.0
claude_sonnet_4_5_20250929,conflicting,2,3,q_671748,True,1.0,1985.0
claude_sonnet_4_5_20250929,conflicting,3,1,q_279628,True,1.0,2601.0
claude_sonnet_4_5_20250929,conflicting,3,1,q_846391,True,1.0,2649.0
claude_sonnet_4_5_20250929,conflicting,3,1,q_667636,True,1.0,2581.0
claude_sonnet_4_5_20250929,conflicting,3,1,q_157869,True,1.0,2850.0
claude_sonnet_4_5_20250929,conflicting,3,1,q_354017,True,1.0,2930.0
claude_sonnet_4_5_20250929,conflicting,3,1,q_916867,True,1.0,3024.0
claude_sonnet_4_5_20250929,conflicting,3,1,q_839143,True,1.0,2594.0
claude_sonnet_4_5_20250929,conflicting,3,1,q_532864,True,1.0,3158.0
claude_sonnet_4_5_20250929,conflicting,3,1,q_277988,True,1.0,3286.0
claude_sonnet_4_5_20250929,conflicting,3,1,q_445554,True,1.0,4454.0
claude_sonnet_4_5_20250929,conflicting,3,2,q_946374,True,1.0,2871.0
claude_sonnet_4_5_20250929,conflicting,3,2,q_653902,True,1.0,2889.0
claude_sonnet_4_5_20250929,conflicting,3,2,q_118146,True,1.0,2942.0
claude_sonnet_4_5_20250929,conflicting,3,2,q_994981,True,1.0,2997.0
claude_sonnet_4_5_20250929,conflicting,3,2,q_991823,True,1.0,2906.0
claude_sonnet_4_5_20250929,conflicting,3,2,q_660859,True,1.0,3323.0
claude_sonnet_4_5_20250929,conflicting,3,2,q_667304,False,0.0,3293.0
claude_sonnet_4_5_20250929,conflicting,3,2,q_164280,True,1.0,3514.0
claude_sonnet_4_5_20250929,conflicting,3,2,q_276255,True,1.0,3660.0
claude_sonnet_4_5_20250929,conflicting,3,2,q_965853,True,1.0,4141.0
claude_sonnet_4_5_20250929,conflicting,3,3,q_272455,True,1.0,2638.0
claude_sonnet_4_5_20250929,conflicting,3,3,q_201497,True,1.0,2517.0
claude_sonnet_4_5_20250929,conflicting,3,3,q_229794,True,1.0,2690.0
claude_sonnet_4_5_20250929,conflicting,3,3,q_410320,True,1.0,2561.0
claude_sonnet_4_5_20250929,conflicting,3,3,q_294507,True,1.0,2797.0
claude_sonnet_4_5_20250929,conflicting,3,3,q_153735,True,1.0,2974.0
claude_sonnet_4_5_20250929,conflicting,3,3,q_727217,True,1.0,3077.0
claude_sonnet_4_5_20250929,conflicting,3,3,q_532702,True,1.0,3115.0
claude_sonnet_4_5_20250929,conflicting,3,3,q_416863,True,1.0,3612.0
claude_sonnet_4_5_20250929,conflicting,3,3,q_149945,False,0.0,4176.0
claude_sonnet_4_5_20250929,conflicting,1,1,q_532309,True,1.0,1460.0
claude_sonnet_4_5_20250929,conflicting,1,1,q_146868,True,1.0,1567.0
claude_sonnet_4_5_20250929,conflicting,1,1,q_127936,True,1.0,1495.0
claude_sonnet_4_5_20250929,conflicting,1,1,q_665549,True,1.0,1793.0
claude_sonnet_4_5_20250929,conflicting,1,1,q_161940,True,1.0,1687.0
claude_sonnet_4_5_20250929,conflicting,1,1,q_836946,True,1.0,1679.0
claude_sonnet_4_5_20250929,conflicting,1,1,q_525845,True,1.0,1878.0
claude_sonnet_4_5_20250929,conflicting,1,1,q_372812,False,0.0,1958.0
claude_sonnet_4_5_20250929,conflicting,1,1,q_223415,True,1.0,1995.0
claude_sonnet_4_5_20250929,conflicting,1,1,q_920055,False,0.0,2172.0
claude_sonnet_4_5_20250929,conflicting,1,2,q_368892,True,1.0,1632.0
claude_sonnet_4_5_20250929,conflicting,1,2,q_942955,True,1.0,1529.0
claude_sonnet_4_5_20250929,conflicting,1,2,q_953208,True,1.0,1547.0
claude_sonnet_4_5_20250929,conflicting,1,2,q_925167,True,1.0,1571.0
claude_sonnet_4_5_20250929,conflicting,1,2,q_940328,True,1.0,1509.0
claude_sonnet_4_5_20250929,conflicting,1,2,q_329093,True,1.0,1699.0
claude_sonnet_4_5_20250929,conflicting,1,2,q_350021,True,1.0,1733.0
claude_sonnet_4_5_20250929,conflicting,1,2,q_245002,True,1.0,1633.0
claude_sonnet_4_5_20250929,conflicting,1,2,q_721715,True,1.0,1697.0
claude_sonnet_4_5_20250929,conflicting,1,2,q_731920,True,1.0,1813.0
claude_sonnet_4_5_20250929,conflicting,1,3,q_863441,True,1.0,1752.0
claude_sonnet_4_5_20250929,conflicting,1,3,q_467762,True,1.0,1755.0
claude_sonnet_4_5_20250929,conflicting,1,3,q_197624,True,1.0,1712.0
claude_sonnet_4_5_20250929,conflicting,1,3,q_289394,True,1.0,1633.0
claude_sonnet_4_5_20250929,conflicting,1,3,q_688137,True,1.0,1614.0
claude_sonnet_4_5_20250929,conflicting,1,3,q_962684,True,1.0,1635.0
claude_sonnet_4_5_20250929,conflicting,1,3,q_994684,True,1.0,1605.0
claude_sonnet_4_5_20250929,conflicting,1,3,q_268990,True,1.0,1632.0
claude_sonnet_4_5_20250929,conflicting,1,3,q_241313,True,1.0,1766.0
claude_sonnet_4_5_20250929,conflicting,1,3,q_262964,True,1.0,1972.0
claude_sonnet_4_5_20250929,conflicting,4,1,q_801489,True,1.0,4502.0
claude_sonnet_4_5_20250929,conflicting,4,1,q_824339,True,1.0,4385.0
claude_sonnet_4_5_20250929,conflicting,4,1,q_121542,True,1.0,5350.0
claude_sonnet_4_5_20250929,conflicting,4,1,q_584767,True,1.0,5330.0
claude_sonnet_4_5_20250929,conflicting,4,1,q_743721,False,0.0,5185.0
claude_sonnet_4_5_20250929,conflicting,4,1,q_160988,True,1.0,5495.0
claude_sonnet_4_5_20250929,conflicting,4,1,q_508581,True,1.0,5351.0
claude_sonnet_4_5_20250929,conflicting,4,1,q_122222,True,1.0,5614.0
claude_sonnet_4_5_20250929,conflicting,4,1,q_576428,True,1.0,5848.0
claude_sonnet_4_5_20250929,conflicting,4,1,q_854515,False,0.0,5348.0
claude_sonnet_4_5_20250929,conflicting,4,2,q_338545,True,1.0,4336.0
claude_sonnet_4_5_20250929,conflicting,4,2,q_368500,False,0.0,4679.0
claude_sonnet_4_5_20250929,conflicting,4,2,q_914815,True,1.0,5114.0
claude_sonnet_4_5_20250929,conflicting,4,2,q_183386,False,0.0,5164.0
claude_sonnet_4_5_20250929,conflicting,4,2,q_418204,True,1.0,5024.0
claude_sonnet_4_5_20250929,conflicting,4,2,q_615458,True,1.0,5160.0
claude_sonnet_4_5_20250929,conflicting,4,2,q_748584,True,1.0,5043.0
claude_sonnet_4_5_20250929,conflicting,4,2,q_235972,False,0.0,5622.0
claude_sonnet_4_5_20250929,conflicting,4,2,q_583104,True,1.0,5770.0
claude_sonnet_4_5_20250929,conflicting,4,2,q_528408,True,1.0,5939.0
claude_sonnet_4_5_20250929,conflicting,4,3,q_850359,True,1.0,4549.0
claude_sonnet_4_5_20250929,conflicting,4,3,q_723915,True,1.0,4706.0
claude_sonnet_4_5_20250929,conflicting,4,3,q_183171,True,1.0,4609.0
claude_sonnet_4_5_20250929,conflicting,4,3,q_802777,True,1.0,4578.0
claude_sonnet_4_5_20250929,conflicting,4,3,q_883159,True,1.0,4681.0
claude_sonnet_4_5_20250929,conflicting,4,3,q_826096,True,1.0,5592.0
claude_sonnet_4_5_20250929,conflicting,4,3,q_534834,True,1.0,5638.0
claude_sonnet_4_5_20250929,conflicting,4,3,q_662973,True,1.0,5428.0
claude_sonnet_4_5_20250929,conflicting,4,3,q_549637,True,1.0,5786.0
claude_sonnet_4_5_20250929,conflicting,4,3,q_100757,True,1.0,6355.0
gpt_5_2,multihop,2,1,q_809401,False,0.0,1940.0
gpt_5_2,multihop,2,1,q_648931,True,1.0,2025.0
gpt_5_2,multihop,2,1,q_327208,True,1.0,1975.0
gpt_5_2,multihop,2,1,q_404139,False,0.0,1999.0
gpt_5_2,multihop,2,1,q_782242,True,1.0,2041.0
gpt_5_2,multihop,2,1,q_378073,True,1.0,2014.0
gpt_5_2,multihop,2,1,q_986362,True,1.0,2048.0
gpt_5_2,multihop,2,1,q_942912,False,0.5,2034.0
gpt_5_2,multihop,2,1,q_619868,True,1.0,2051.0
gpt_5_2,multihop,2,1,q_921620,True,1.0,2089.0
gpt_5_2,multihop,2,2,q_899577,False,0.0,1028.0
gpt_5_2,multihop,2,2,q_474168,True,1.0,1032.0
gpt_5_2,multihop,2,2,q_822987,True,1.0,1073.0
gpt_5_2,multihop,2,2,q_823798,True,1.0,1023.0
gpt_5_2,multihop,2,2,q_352253,True,1.0,1077.0
gpt_5_2,multihop,2,2,q_845797,True,1.0,1093.0
gpt_5_2,multihop,2,2,q_264873,False,0.0,1148.0
gpt_5_2,multihop,2,2,q_165693,True,1.0,1212.0
gpt_5_2,multihop,2,2,q_332261,True,1.0,1165.0
gpt_5_2,multihop,2,2,q_468744,True,1.0,1228.0
gpt_5_2,multihop,2,3,q_476218,True,1.0,2076.0
gpt_5_2,multihop,2,3,q_456014,False,0.0,2108.0
gpt_5_2,multihop,2,3,q_422113,True,1.0,2144.0
gpt_5_2,multihop,2,3,q_276905,True,1.0,2138.0
gpt_5_2,multihop,2,3,q_668322,True,1.0,2129.0
gpt_5_2,multihop,2,3,q_154389,True,1.0,2134.0
gpt_5_2,multihop,2,3,q_691332,False,0.0,2263.0
gpt_5_2,multihop,2,3,q_702979,True,1.0,2261.0
gpt_5_2,multihop,2,3,q_311817,True,1.0,2296.0
gpt_5_2,multihop,2,3,q_273960,True,1.0,2439.0
gpt_5_2,multihop,3,1,q_696500,True,1.0,9322.0
gpt_5_2,multihop,3,1,q_711435,True,1.0,9311.0
gpt_5_2,multihop,3,1,q_110447,True,1.0,9326.0
gpt_5_2,multihop,3,1,q_949179,True,1.0,9359.0
gpt_5_2,multihop,3,1,q_928183,True,1.0,9341.0
gpt_5_2,multihop,3,1,q_656389,False,0.5,9401.0
gpt_5_2,multihop,3,1,q_949742,True,1.0,9415.0
gpt_5_2,multihop,3,1,q_171433,True,1.0,9530.0
gpt_5_2,multihop,3,1,q_718331,True,1.0,9432.0
gpt_5_2,multihop,3,1,q_970394,True,1.0,9514.0
gpt_5_2,multihop,3,2,q_136638,True,1.0,8033.0
gpt_5_2,multihop,3,2,q_356683,True,1.0,8044.0
gpt_5_2,multihop,3,2,q_705550,False,0.0,8075.0
gpt_5_2,multihop,3,2,q_772039,True,1.0,8131.0
gpt_5_2,multihop,3,2,q_656667,False,0.0,8099.0
gpt_5_2,multihop,3,2,q_645447,True,1.0,8118.0
gpt_5_2,multihop,3,2,q_407914,True,1.0,8192.0
gpt_5_2,multihop,3,2,q_236270,False,0.0,8214.0
gpt_5_2,multihop,3,2,q_620975,True,1.0,8186.0
gpt_5_2,multihop,3,2,q_238241,False,0.0,8171.0
gpt_5_2,multihop,3,3,q_145687,True,1.0,6924.0
gpt_5_2,multihop,3,3,q_847630,True,1.0,6961.0
gpt_5_2,multihop,3,3,q_232217,True,1.0,6975.0
gpt_5_2,multihop,3,3,q_147200,False,0.0,7001.0
gpt_5_2,multihop,3,3,q_151997,False,0.5,6957.0
gpt_5_2,multihop,3,3,q_761818,True,1.0,7037.0
gpt_5_2,multihop,3,3,q_247843,False,0.0,7071.0
gpt_5_2,multihop,3,3,q_225196,False,0.0,7153.0
gpt_5_2,multihop,3,3,q_987193,True,1.0,7024.0
gpt_5_2,multihop,3,3,q_142070,True,1.0,7462.0
gpt_5_2,multihop,1,1,q_167167,True,1.0,618.0
gpt_5_2,multihop,1,1,q_383626,True,1.0,669.0
gpt_5_2,multihop,1,1,q_564488,True,1.0,639.0
gpt_5_2,multihop,1,2,q_234862,True,1.0,641.0
gpt_5_2,multihop,1,2,q_528251,True,1.0,695.0
gpt_5_2,multihop,1,2,q_323749,True,1.0,685.0
gpt_5_2,multihop,1,3,q_686839,True,1.0,770.0
gpt_5_2,multihop,1,3,q_893805,True,1.0,766.0
gpt_5_2,multihop,1,3,q_803302,True,1.0,773.0
gpt_5_2,multihop,1,3,q_680902,True,1.0,762.0
gpt_5_2,multihop,1,3,q_292391,True,1.0,764.0
gpt_5_2,multihop,1,3,q_683282,True,1.0,810.0
gpt_5_2,multihop,1,3,q_253883,True,1.0,779.0
gpt_5_2,multihop,1,3,q_475291,True,1.0,812.0
gpt_5_2,multihop,1,3,q_730503,True,1.0,770.0
gpt_5_2,multihop,1,3,q_274616,True,1.0,772.0
gpt_5_2,multihop,4,1,q_117572,False,0.0,24829.0
gpt_5_2,multihop,4,1,q_780685,True,1.0,24870.0
gpt_5_2,multihop,4,1,q_932696,True,1.0,24875.0
gpt_5_2,multihop,4,1,q_941497,True,1.0,24867.0
gpt_5_2,multihop,4,1,q_503690,True,1.0,24895.0
gpt_5_2,multihop,4,1,q_626920,True,1.0,24946.0
gpt_5_2,multihop,4,1,q_670884,True,1.0,24969.0
gpt_5_2,multihop,4,1,q_241793,False,0.5,25035.0
gpt_5_2,multihop,4,1,q_786396,False,0.5,25087.0
gpt_5_2,multihop,4,1,q_644645,False,0.0,25322.0
gpt_5_2,multihop,4,2,q_243014,True,1.0,16601.0
gpt_5_2,multihop,4,2,q_963388,True,1.0,16573.0
gpt_5_2,multihop,4,2,q_439336,False,0.0,16570.0
gpt_5_2,multihop,4,2,q_454279,False,0.0,16681.0
gpt_5_2,multihop,4,2,q_386560,True,1.0,16731.0
gpt_5_2,multihop,4,2,q_713951,False,0.5,16642.0
gpt_5_2,multihop,4,2,q_721809,False,0.0,16643.0
gpt_5_2,multihop,4,2,q_941258,True,1.0,16711.0
gpt_5_2,multihop,4,2,q_638331,True,1.0,16727.0
gpt_5_2,multihop,4,2,q_450525,True,1.0,16799.0
gpt_5_2,multihop,4,3,q_608862,True,1.0,28484.0
gpt_5_2,multihop,4,3,q_778850,False,0.0,28483.0
gpt_5_2,multihop,4,3,q_982362,True,1.0,28486.0
gpt_5_2,multihop,4,3,q_637950,False,0.0,28539.0
gpt_5_2,multihop,4,3,q_726917,True,1.0,28512.0
gpt_5_2,multihop,4,3,q_273439,True,1.0,28508.0
gpt_5_2,multihop,4,3,q_885910,False,0.0,28592.0
gpt_5_2,multihop,4,3,q_525142,False,0.0,28524.0
gpt_5_2,multihop,4,3,q_144829,False,0.0,28748.0
gpt_5_2,multihop,4,3,q_100612,True,1.0,28762.0
gpt_5_2,hierarchical,2,1,q_322710,True,1.0,740.0
gpt_5_2,hierarchical,2,1,q_904893,True,1.0,741.0
gpt_5_2,hierarchical,2,1,q_390877,True,1.0,731.0
gpt_5_2,hierarchical,2,1,q_770896,True,1.0,770.0
gpt_5_2,hierarchical,2,1,q_184621,True,1.0,768.0
gpt_5_2,hierarchical,2,1,q_712590,True,1.0,727.0
gpt_5_2,hierarchical,2,1,q_901266,True,1.0,722.0
gpt_5_2,hierarchical,2,1,q_275237,True,1.0,808.0
gpt_5_2,hierarchical,2,1,q_664453,False,0.0,746.0
gpt_5_2,hierarchical,2,1,q_705693,False,0.0,781.0
gpt_5_2,hierarchical,2,2,q_700008,True,1.0,547.0
gpt_5_2,hierarchical,2,2,q_871434,True,1.0,543.0
gpt_5_2,hierarchical,2,2,q_316392,True,1.0,559.0
gpt_5_2,hierarchical,2,2,q_531167,True,1.0,542.0
gpt_5_2,hierarchical,2,2,q_274008,True,1.0,563.0
gpt_5_2,hierarchical,2,2,q_993314,True,1.0,560.0
gpt_5_2,hierarchical,2,2,q_757781,True,1.0,543.0
gpt_5_2,hierarchical,2,2,q_429016,True,1.0,581.0
gpt_5_2,hierarchical,2,2,q_478914,True,1.0,556.0
gpt_5_2,hierarchical,2,2,q_642240,True,1.0,594.0
gpt_5_2,hierarchical,2,3,q_514106,True,1.0,591.0
gpt_5_2,hierarchical,2,3,q_730919,True,1.0,589.0
gpt_5_2,hierarchical,2,3,q_190862,True,1.0,583.0
gpt_5_2,hierarchical,2,3,q_585598,True,1.0,576.0
gpt_5_2,hierarchical,2,3,q_994582,True,1.0,591.0
gpt_5_2,hierarchical,2,3,q_884440,True,1.0,592.0
gpt_5_2,hierarchical,2,3,q_544245,True,1.0,578.0
gpt_5_2,hierarchical,2,3,q_485687,True,1.0,589.0
gpt_5_2,hierarchical,2,3,q_396279,False,0.0,594.0
gpt_5_2,hierarchical,2,3,q_588605,True,1.0,611.0
gpt_5_2,hierarchical,3,1,q_940613,True,1.0,838.0
gpt_5_2,hierarchical,3,1,q_625450,True,1.0,797.0
gpt_5_2,hierarchical,3,1,q_797357,True,1.0,839.0
gpt_5_2,hierarchical,3,1,q_525098,True,1.0,855.0
gpt_5_2,hierarchical,3,1,q_542854,True,1.0,805.0
gpt_5_2,hierarchical,3,1,q_405713,True,1.0,836.0
gpt_5_2,hierarchical,3,1,q_666755,True,1.0,864.0
gpt_5_2,hierarchical,3,1,q_208020,True,1.0,835.0
gpt_5_2,hierarchical,3,1,q_470401,True,1.0,903.0
gpt_5_2,hierarchical,3,1,q_719006,False,0.0,936.0
gpt_5_2,hierarchical,3,2,q_186882,True,1.0,750.0
gpt_5_2,hierarchical,3,2,q_563799,True,1.0,762.0
gpt_5_2,hierarchical,3,2,q_502913,True,1.0,811.0
gpt_5_2,hierarchical,3,2,q_724762,True,1.0,797.0
gpt_5_2,hierarchical,3,2,q_437762,True,1.0,825.0
gpt_5_2,hierarchical,3,2,q_402275,True,1.0,808.0
gpt_5_2,hierarchical,3,2,q_696255,True,1.0,818.0
gpt_5_2,hierarchical,3,2,q_858963,True,1.0,842.0
gpt_5_2,hierarchical,3,2,q_133184,True,1.0,787.0
gpt_5_2,hierarchical,3,2,q_200928,False,0.0,853.0
gpt_5_2,hierarchical,3,3,q_695563,True,1.0,842.0
gpt_5_2,hierarchical,3,3,q_835301,True,1.0,785.0
gpt_5_2,hierarchical,3,3,q_937062,True,1.0,827.0
gpt_5_2,hierarchical,3,3,q_715046,True,1.0,804.0
gpt_5_2,hierarchical,3,3,q_216158,True,1.0,844.0
gpt_5_2,hierarchical,3,3,q_820824,True,1.0,815.0
gpt_5_2,hierarchical,3,3,q_607324,True,1.0,811.0
gpt_5_2,hierarchical,3,3,q_205518,True,1.0,859.0
gpt_5_2,hierarchical,3,3,q_548586,True,1.0,830.0
gpt_5_2,hierarchical,3,3,q_954521,False,0.0,890.0
gpt_5_2,hierarchical,1,1,q_424489,True,1.0,288.0
gpt_5_2,hierarchical,1,1,q_612845,True,1.0,315.0
gpt_5_2,hierarchical,1,2,q_232668,True,1.0,324.0
gpt_5_2,hierarchical,1,2,q_864609,True,1.0,334.0
gpt_5_2,hierarchical,1,2,q_190768,True,1.0,350.0
gpt_5_2,hierarchical,1,2,q_756368,True,1.0,354.0
gpt_5_2,hierarchical,1,2,q_693014,True,1.0,350.0
gpt_5_2,hierarchical,1,2,q_735939,True,1.0,376.0
gpt_5_2,hierarchical,1,2,q_561902,True,1.0,439.0
gpt_5_2,hierarchical,1,2,q_751175,True,1.0,394.0
gpt_5_2,hierarchical,1,3,q_673386,True,1.0,319.0
gpt_5_2,hierarchical,1,3,q_448805,True,1.0,306.0
gpt_5_2,hierarchical,1,3,q_511813,True,1.0,325.0
gpt_5_2,hierarchical,1,3,q_472113,True,1.0,353.0
gpt_5_2,hierarchical,1,3,q_575625,True,1.0,329.0
gpt_5_2,hierarchical,1,3,q_308078,False,0.0,335.0
gpt_5_2,hierarchical,4,1,q_114328,True,1.0,1441.0
gpt_5_2,hierarchical,4,1,q_143627,True,1.0,1486.0
gpt_5_2,hierarchical,4,1,q_472333,True,1.0,1476.0
gpt_5_2,hierarchical,4,1,q_587640,True,1.0,1443.0
gpt_5_2,hierarchical,4,1,q_789186,True,1.0,1485.0
gpt_5_2,hierarchical,4,1,q_941734,True,1.0,1499.0
gpt_5_2,hierarchical,4,1,q_629457,True,1.0,1496.0
gpt_5_2,hierarchical,4,1,q_910720,True,1.0,1496.0
gpt_5_2,hierarchical,4,1,q_370991,False,0.0,1486.0
gpt_5_2,hierarchical,4,1,q_269301,True,1.0,1451.0
gpt_5_2,hierarchical,4,2,q_177961,True,1.0,1558.0
gpt_5_2,hierarchical,4,2,q_811784,True,1.0,1569.0
gpt_5_2,hierarchical,4,2,q_738154,True,1.0,1531.0
gpt_5_2,hierarchical,4,2,q_166068,True,1.0,1542.0
gpt_5_2,hierarchical,4,2,q_157858,True,1.0,1569.0
gpt_5_2,hierarchical,4,2,q_868670,True,1.0,1577.0
gpt_5_2,hierarchical,4,2,q_788226,True,1.0,1573.0
gpt_5_2,hierarchical,4,2,q_289826,True,1.0,1588.0
gpt_5_2,hierarchical,4,2,q_983532,True,1.0,1596.0
gpt_5_2,hierarchical,4,2,q_493004,True,1.0,1617.0
gpt_5_2,hierarchical,4,3,q_589161,True,1.0,1516.0
gpt_5_2,hierarchical,4,3,q_112425,True,1.0,1567.0
gpt_5_2,hierarchical,4,3,q_497258,True,1.0,1579.0
gpt_5_2,hierarchical,4,3,q_898760,True,1.0,1558.0
gpt_5_2,hierarchical,4,3,q_895813,True,1.0,1552.0
gpt_5_2,hierarchical,4,3,q_573717,True,1.0,1529.0
gpt_5_2,hierarchical,4,3,q_144790,True,1.0,1543.0
gpt_5_2,hierarchical,4,3,q_762982,True,1.0,1617.0
gpt_5_2,hierarchical,4,3,q_676972,True,1.0,1597.0
gpt_5_2,hierarchical,4,3,q_962387,True,1.0,1585.0
gpt_5_2,temporal,2,1,q_110981,True,1.0,654.0
gpt_5_2,temporal,2,1,q_272731,True,1.0,654.0
gpt_5_2,temporal,2,1,q_341223,True,1.0,614.0
gpt_5_2,temporal,2,1,q_605459,False,0.0,609.0
gpt_5_2,temporal,2,1,q_248549,False,0.0,641.0
gpt_5_2,temporal,2,1,q_723108,True,1.0,697.0
gpt_5_2,temporal,2,1,q_864552,False,0.0,698.0
gpt_5_2,temporal,2,1,q_802957,True,1.0,901.0
gpt_5_2,temporal,2,1,q_455497,True,1.0,744.0
gpt_5_2,temporal,2,1,q_673027,False,0.0,772.0
gpt_5_2,temporal,2,2,q_152795,True,1.0,562.0
gpt_5_2,temporal,2,2,q_792135,True,1.0,577.0
gpt_5_2,temporal,2,2,q_818838,True,1.0,625.0
gpt_5_2,temporal,2,2,q_236344,True,1.0,551.0
gpt_5_2,temporal,2,2,q_244619,True,1.0,583.0
gpt_5_2,temporal,2,2,q_808189,True,1.0,731.0
gpt_5_2,temporal,2,2,q_191706,True,1.0,660.0
gpt_5_2,temporal,2,2,q_367863,True,1.0,596.0
gpt_5_2,temporal,2,2,q_357629,True,1.0,762.0
gpt_5_2,temporal,2,2,q_208237,True,1.0,578.0
gpt_5_2,temporal,2,3,q_358254,True,1.0,739.0
gpt_5_2,temporal,2,3,q_675453,True,1.0,736.0
gpt_5_2,temporal,2,3,q_169346,True,1.0,978.0
gpt_5_2,temporal,2,3,q_363444,True,1.0,1043.0
gpt_5_2,temporal,2,3,q_575668,True,1.0,1025.0
gpt_5_2,temporal,2,3,q_118947,True,1.0,989.0
gpt_5_2,temporal,2,3,q_281602,True,1.0,1084.0
gpt_5_2,temporal,2,3,q_589852,True,1.0,1209.0
gpt_5_2,temporal,2,3,q_694498,False,0.0,992.0
gpt_5_2,temporal,2,3,q_557594,True,1.0,1262.0
gpt_5_2,temporal,3,1,q_856132,True,1.0,681.0
gpt_5_2,temporal,3,1,q_675648,True,1.0,693.0
gpt_5_2,temporal,3,1,q_908915,True,1.0,904.0
gpt_5_2,temporal,3,1,q_223156,True,1.0,724.0
gpt_5_2,temporal,3,1,q_640403,True,1.0,939.0
gpt_5_2,temporal,3,1,q_297677,True,1.0,784.0
gpt_5_2,temporal,3,1,q_462307,True,1.0,1095.0
gpt_5_2,temporal,3,1,q_175464,True,1.0,932.0
gpt_5_2,temporal,3,1,q_398072,True,0.8333333333333334,1108.0
gpt_5_2,temporal,3,1,q_155484,True,1.0,1153.0
gpt_5_2,temporal,3,2,q_754803,True,1.0,614.0
gpt_5_2,temporal,3,2,q_975143,True,1.0,624.0
gpt_5_2,temporal,3,2,q_584318,True,1.0,621.0
gpt_5_2,temporal,3,2,q_637571,True,1.0,1059.0
gpt_5_2,temporal,3,2,q_880410,True,1.0,668.0
gpt_5_2,temporal,3,2,q_688099,True,1.0,672.0
gpt_5_2,temporal,3,2,q_246608,True,1.0,903.0
gpt_5_2,temporal,3,2,q_951002,True,1.0,976.0
gpt_5_2,temporal,3,2,q_791806,True,1.0,887.0
gpt_5_2,temporal,3,2,q_659379,True,1.0,1050.0
gpt_5_2,temporal,3,3,q_303086,True,1.0,716.0
gpt_5_2,temporal,3,3,q_480869,True,1.0,724.0
gpt_5_2,temporal,3,3,q_491097,True,1.0,730.0
gpt_5_2,temporal,3,3,q_961435,True,1.0,869.0
gpt_5_2,temporal,3,3,q_894845,True,1.0,994.0
gpt_5_2,temporal,3,3,q_204372,True,1.0,812.0
gpt_5_2,temporal,3,3,q_810293,False,0.0,832.0
gpt_5_2,temporal,3,3,q_199612,True,1.0,1119.0
gpt_5_2,temporal,3,3,q_499898,True,1.0,737.0
gpt_5_2,temporal,3,3,q_740968,False,0.0,990.0
gpt_5_2,temporal,1,1,q_277684,True,1.0,670.0
gpt_5_2,temporal,1,1,q_345632,True,1.0,681.0
gpt_5_2,temporal,1,1,q_958081,False,0.0,757.0
gpt_5_2,temporal,1,1,q_256351,False,0.0,830.0
gpt_5_2,temporal,1,1,q_649587,False,0.0,895.0
gpt_5_2,temporal,1,1,q_677642,False,0.0,685.0
gpt_5_2,temporal,1,1,q_603960,False,0.0,838.0
gpt_5_2,temporal,1,1,q_188062,False,0.0,846.0
gpt_5_2,temporal,1,1,q_736762,True,1.0,812.0
gpt_5_2,temporal,1,2,q_431821,True,1.0,768.0
gpt_5_2,temporal,1,2,q_315828,True,1.0,798.0
gpt_5_2,temporal,1,2,q_386081,True,1.0,795.0
gpt_5_2,temporal,1,2,q_261791,True,1.0,871.0
gpt_5_2,temporal,1,2,q_224139,True,1.0,706.0
gpt_5_2,temporal,1,2,q_612510,True,1.0,810.0
gpt_5_2,temporal,1,2,q_395337,True,1.0,837.0
gpt_5_2,temporal,1,2,q_646878,True,1.0,807.0
gpt_5_2,temporal,1,2,q_338252,False,0.0,957.0
gpt_5_2,temporal,1,2,q_812976,True,1.0,1080.0
gpt_5_2,temporal,1,3,q_609142,True,1.0,738.0
gpt_5_2,temporal,1,3,q_863402,True,1.0,773.0
gpt_5_2,temporal,1,3,q_367289,True,1.0,719.0
gpt_5_2,temporal,1,3,q_382437,True,1.0,632.0
gpt_5_2,temporal,1,3,q_482716,True,1.0,874.0
gpt_5_2,temporal,1,3,q_594214,True,1.0,942.0
gpt_5_2,temporal,1,3,q_879712,True,1.0,560.0
gpt_5_2,temporal,1,3,q_534995,True,1.0,840.0
gpt_5_2,temporal,1,3,q_787594,True,1.0,738.0
gpt_5_2,temporal,4,1,q_864187,True,1.0,748.0
gpt_5_2,temporal,4,1,q_732992,True,1.0,750.0
gpt_5_2,temporal,4,1,q_461090,True,1.0,767.0
gpt_5_2,temporal,4,1,q_727668,True,1.0,1017.0
gpt_5_2,temporal,4,1,q_306979,True,1.0,773.0
gpt_5_2,temporal,4,1,q_370551,True,1.0,1026.0
gpt_5_2,temporal,4,1,q_863112,False,0.0,903.0
gpt_5_2,temporal,4,1,q_715385,False,0.0,997.0
gpt_5_2,temporal,4,1,q_479999,False,0.0,1074.0
gpt_5_2,temporal,4,1,q_981788,True,1.0,1025.0
gpt_5_2,temporal,4,2,q_223469,True,1.0,608.0
gpt_5_2,temporal,4,2,q_889583,True,1.0,872.0
gpt_5_2,temporal,4,2,q_159790,True,1.0,1092.0
gpt_5_2,temporal,4,2,q_910471,True,1.0,883.0
gpt_5_2,temporal,4,2,q_452271,True,1.0,1074.0
gpt_5_2,temporal,4,2,q_469384,True,1.0,655.0
gpt_5_2,temporal,4,2,q_660466,True,1.0,712.0
gpt_5_2,temporal,4,2,q_178323,True,1.0,1084.0
gpt_5_2,temporal,4,2,q_652945,True,1.0,1027.0
gpt_5_2,temporal,4,2,q_413629,True,1.0,984.0
gpt_5_2,temporal,4,3,q_303853,True,1.0,620.0
gpt_5_2,temporal,4,3,q_136085,True,1.0,647.0
gpt_5_2,temporal,4,3,q_763519,True,1.0,635.0
gpt_5_2,temporal,4,3,q_297453,True,1.0,978.0
gpt_5_2,temporal,4,3,q_975021,True,1.0,662.0
gpt_5_2,temporal,4,3,q_364638,True,1.0,968.0
gpt_5_2,temporal,4,3,q_302794,True,1.0,931.0
gpt_5_2,temporal,4,3,q_720968,True,1.0,938.0
gpt_5_2,temporal,4,3,q_555992,True,1.0,929.0
gpt_5_2,temporal,4,3,q_382114,True,1.0,1097.0
gpt_5_2,weighted,2,1,q_525126,True,1.0,1067.0
gpt_5_2,weighted,2,1,q_872439,True,1.0,1083.0
gpt_5_2,weighted,2,1,q_861611,False,0.0,1223.0
gpt_5_2,weighted,2,1,q_213872,True,1.0,1121.0
gpt_5_2,weighted,2,1,q_634355,True,1.0,1350.0
gpt_5_2,weighted,2,1,q_863464,True,1.0,1152.0
gpt_5_2,weighted,2,1,q_298733,False,0.5,1224.0
gpt_5_2,weighted,2,1,q_356749,False,0.5,1250.0
gpt_5_2,weighted,2,1,q_922981,True,1.0,1238.0
gpt_5_2,weighted,2,1,q_753276,True,1.0,1324.0
gpt_5_2,weighted,2,2,q_545467,True,1.0,1246.0
gpt_5_2,weighted,2,2,q_454334,True,1.0,1240.0
gpt_5_2,weighted,2,2,q_314972,True,1.0,1249.0
gpt_5_2,weighted,2,2,q_944239,False,0.0,1364.0
gpt_5_2,weighted,2,2,q_935784,False,0.5,1314.0
gpt_5_2,weighted,2,2,q_991319,True,1.0,1333.0
gpt_5_2,weighted,2,2,q_267504,False,0.0,1506.0
gpt_5_2,weighted,2,2,q_204158,False,0.0,1504.0
gpt_5_2,weighted,2,2,q_972070,False,0.4,1460.0
gpt_5_2,weighted,2,2,q_481529,True,1.0,1525.0
gpt_5_2,weighted,2,3,q_482251,True,1.0,993.0
gpt_5_2,weighted,2,3,q_599298,False,0.0,1120.0
gpt_5_2,weighted,2,3,q_152619,False,0.5,1114.0
gpt_5_2,weighted,2,3,q_566988,True,1.0,1193.0
gpt_5_2,weighted,2,3,q_639526,False,0.5,1151.0
gpt_5_2,weighted,2,3,q_122575,False,0.5,1139.0
gpt_5_2,weighted,2,3,q_713462,False,0.0,1250.0
gpt_5_2,weighted,2,3,q_370470,False,0.16666666666666666,1294.0
gpt_5_2,weighted,2,3,q_661709,True,1.0,1218.0
gpt_5_2,weighted,2,3,q_389834,True,1.0,1156.0
gpt_5_2,weighted,3,1,q_997774,True,1.0,2726.0
gpt_5_2,weighted,3,1,q_508273,False,0.0,3037.0
gpt_5_2,weighted,3,1,q_278076,True,1.0,2718.0
gpt_5_2,weighted,3,1,q_865549,True,1.0,2724.0
gpt_5_2,weighted,3,1,q_573613,True,1.0,3099.0
gpt_5_2,weighted,3,1,q_529992,False,0.125,2781.0
gpt_5_2,weighted,3,1,q_858350,False,0.5,2835.0
gpt_5_2,weighted,3,1,q_305456,True,1.0,2928.0
gpt_5_2,weighted,3,1,q_109581,False,0.0,3427.0
gpt_5_2,weighted,3,1,q_361679,False,0.2222222222222222,3078.0
gpt_5_2,weighted,3,2,q_436836,True,1.0,2386.0
gpt_5_2,weighted,3,2,q_921827,True,1.0,2417.0
gpt_5_2,weighted,3,2,q_615025,True,1.0,2390.0
gpt_5_2,weighted,3,2,q_749733,False,0.0,2771.0
gpt_5_2,weighted,3,2,q_843520,False,0.0,2767.0
gpt_5_2,weighted,3,2,q_163034,True,1.0,2452.0
gpt_5_2,weighted,3,2,q_330900,True,1.0,2614.0
gpt_5_2,weighted,3,2,q_688191,True,1.0,2625.0
gpt_5_2,weighted,3,2,q_723334,False,0.5,2588.0
gpt_5_2,weighted,3,2,q_994296,True,1.0,2529.0
gpt_5_2,weighted,3,3,q_730666,True,1.0,2975.0
gpt_5_2,weighted,3,3,q_832605,False,0.0,3344.0
gpt_5_2,weighted,3,3,q_219727,False,0.0,3323.0
gpt_5_2,weighted,3,3,q_220189,True,1.0,3099.0
gpt_5_2,weighted,3,3,q_402899,False,0.25,3123.0
gpt_5_2,weighted,3,3,q_719781,True,1.0,3150.0
gpt_5_2,weighted,3,3,q_374718,True,1.0,3136.0
gpt_5_2,weighted,3,3,q_105589,True,1.0,3189.0
gpt_5_2,weighted,3,3,q_257518,False,0.16666666666666666,3263.0
gpt_5_2,weighted,3,3,q_787516,False,0.0,3772.0
gpt_5_2,weighted,1,1,q_133167,True,1.0,662.0
gpt_5_2,weighted,1,1,q_713576,True,1.0,726.0
gpt_5_2,weighted,1,1,q_816058,True,1.0,733.0
gpt_5_2,weighted,1,1,q_660959,True,1.0,768.0
gpt_5_2,weighted,1,2,q_678269,True,1.0,616.0
gpt_5_2,weighted,1,2,q_940931,True,1.0,623.0
gpt_5_2,weighted,1,2,q_225277,True,1.0,621.0
gpt_5_2,weighted,1,2,q_464951,True,1.0,678.0
gpt_5_2,weighted,1,2,q_249018,True,1.0,768.0
gpt_5_2,weighted,1,2,q_706270,True,1.0,764.0
gpt_5_2,weighted,1,2,q_154957,True,1.0,860.0
gpt_5_2,weighted,1,3,q_129000,False,0.0,626.0
gpt_5_2,weighted,1,3,q_688231,True,1.0,646.0
gpt_5_2,weighted,1,3,q_533661,True,1.0,862.0
gpt_5_2,weighted,1,3,q_791935,True,1.0,844.0
gpt_5_2,weighted,1,3,q_898257,True,1.0,878.0
gpt_5_2,weighted,4,1,q_164260,True,1.0,4698.0
gpt_5_2,weighted,4,1,q_195008,True,1.0,4704.0
gpt_5_2,weighted,4,1,q_247307,True,1.0,4698.0
gpt_5_2,weighted,4,1,q_516057,True,1.0,4692.0
gpt_5_2,weighted,4,1,q_935250,True,1.0,5099.0
gpt_5_2,weighted,4,1,q_219923,True,1.0,4704.0
gpt_5_2,weighted,4,1,q_816349,False,0.1,4852.0
gpt_5_2,weighted,4,1,q_199206,True,1.0,4858.0
gpt_5_2,weighted,4,1,q_596680,False,0.5,4909.0
gpt_5_2,weighted,4,1,q_169355,True,1.0,4871.0
gpt_5_2,weighted,4,2,q_540959,False,0.0,7475.0
gpt_5_2,weighted,4,2,q_136155,True,1.0,7164.0
gpt_5_2,weighted,4,2,q_983936,True,1.0,7158.0
gpt_5_2,weighted,4,2,q_258796,True,1.0,7165.0
gpt_5_2,weighted,4,2,q_329987,True,1.0,7539.0
gpt_5_2,weighted,4,2,q_270515,True,1.0,7301.0
gpt_5_2,weighted,4,2,q_596270,False,0.4,7415.0
gpt_5_2,weighted,4,2,q_297507,True,1.0,7450.0
gpt_5_2,weighted,4,2,q_547481,True,1.0,7315.0
gpt_5_2,weighted,4,2,q_918124,True,1.0,7403.0
gpt_5_2,weighted,4,3,q_922727,True,1.0,4992.0
gpt_5_2,weighted,4,3,q_347471,True,1.0,4994.0
gpt_5_2,weighted,4,3,q_128033,True,1.0,4989.0
gpt_5_2,weighted,4,3,q_892733,True,1.0,4995.0
gpt_5_2,weighted,4,3,q_408296,False,0.0,5304.0
gpt_5_2,weighted,4,3,q_137161,True,1.0,4989.0
gpt_5_2,weighted,4,3,q_352595,False,0.0,5346.0
gpt_5_2,weighted,4,3,q_136965,False,0.16666666666666666,5065.0
gpt_5_2,weighted,4,3,q_988888,True,1.0,5125.0
gpt_5_2,weighted,4,3,q_796298,False,0.1,5220.0
gpt_5_2,conflicting,2,1,q_886852,True,1.0,1227.0
gpt_5_2,conflicting,2,1,q_889237,True,1.0,1265.0
gpt_5_2,conflicting,2,1,q_882346,True,1.0,1375.0
gpt_5_2,conflicting,2,1,q_898079,True,1.0,1299.0
gpt_5_2,conflicting,2,1,q_958792,True,1.0,1426.0
gpt_5_2,conflicting,2,1,q_155096,True,1.0,1401.0
gpt_5_2,conflicting,2,1,q_477375,True,1.0,1359.0
gpt_5_2,conflicting,2,1,q_421190,False,0.0,1444.0
gpt_5_2,conflicting,2,1,q_796482,True,1.0,1357.0
gpt_5_2,conflicting,2,1,q_540576,True,1.0,1369.0
gpt_5_2,conflicting,2,2,q_264795,True,1.0,1321.0
gpt_5_2,conflicting,2,2,q_834874,True,1.0,1349.0
gpt_5_2,conflicting,2,2,q_394127,True,1.0,1358.0
gpt_5_2,conflicting,2,2,q_662192,True,1.0,1351.0
gpt_5_2,conflicting,2,2,q_467679,True,1.0,1450.0
gpt_5_2,conflicting,2,2,q_640334,True,1.0,1547.0
gpt_5_2,conflicting,2,2,q_439854,True,1.0,1439.0
gpt_5_2,conflicting,2,2,q_800533,True,1.0,1524.0
gpt_5_2,conflicting,2,2,q_725868,True,1.0,1641.0
gpt_5_2,conflicting,2,2,q_248231,True,1.0,1627.0
gpt_5_2,conflicting,2,3,q_664111,True,1.0,1242.0
gpt_5_2,conflicting,2,3,q_887730,True,1.0,1276.0
gpt_5_2,conflicting,2,3,q_459027,True,1.0,1309.0
gpt_5_2,conflicting,2,3,q_794697,True,1.0,1275.0
gpt_5_2,conflicting,2,3,q_658473,True,1.0,1377.0
gpt_5_2,conflicting,2,3,q_271826,True,1.0,1360.0
gpt_5_2,conflicting,2,3,q_671748,True,1.0,1298.0
gpt_5_2,conflicting,2,3,q_942650,True,1.0,1396.0
gpt_5_2,conflicting,2,3,q_282933,True,1.0,1344.0
gpt_5_2,conflicting,2,3,q_954064,True,1.0,1436.0
gpt_5_2,conflicting,3,1,q_667636,True,1.0,1843.0
gpt_5_2,conflicting,3,1,q_839143,True,1.0,1858.0
gpt_5_2,conflicting,3,1,q_279628,True,1.0,2016.0
gpt_5_2,conflicting,3,1,q_846391,True,1.0,2028.0
gpt_5_2,conflicting,3,1,q_157869,True,1.0,2012.0
gpt_5_2,conflicting,3,1,q_532864,True,1.0,2315.0
gpt_5_2,conflicting,3,1,q_354017,False,0.0,2335.0
gpt_5_2,conflicting,3,1,q_445554,False,0.0,2344.0
gpt_5_2,conflicting,3,1,q_916867,False,0.0,2831.0
gpt_5_2,conflicting,3,1,q_277988,True,1.0,3034.0
gpt_5_2,conflicting,3,2,q_965853,True,1.0,2046.0
gpt_5_2,conflicting,3,2,q_991823,True,1.0,2081.0
gpt_5_2,conflicting,3,2,q_653902,True,1.0,2004.0
gpt_5_2,conflicting,3,2,q_276255,True,1.0,2143.0
gpt_5_2,conflicting,3,2,q_660859,True,1.0,2268.0
gpt_5_2,conflicting,3,2,q_118146,True,1.0,2124.0
gpt_5_2,conflicting,3,2,q_946374,True,1.0,2183.0
gpt_5_2,conflicting,3,2,q_164280,False,0.0,2288.0
gpt_5_2,conflicting,3,2,q_994981,True,1.0,2280.0
gpt_5_2,conflicting,3,2,q_667304,True,1.0,2518.0
gpt_5_2,conflicting,3,3,q_229794,True,1.0,2059.0
gpt_5_2,conflicting,3,3,q_272455,True,1.0,2083.0
gpt_5_2,conflicting,3,3,q_410320,True,1.0,1902.0
gpt_5_2,conflicting,3,3,q_201497,True,1.0,1891.0
gpt_5_2,conflicting,3,3,q_727217,True,1.0,2062.0
gpt_5_2,conflicting,3,3,q_153735,True,1.0,2069.0
gpt_5_2,conflicting,3,3,q_532702,True,1.0,2253.0
gpt_5_2,conflicting,3,3,q_149945,False,0.0,2169.0
gpt_5_2,conflicting,3,3,q_294507,True,1.0,2242.0
gpt_5_2,conflicting,3,3,q_416863,False,0.0,2486.0
gpt_5_2,conflicting,1,1,q_146868,True,1.0,1091.0
gpt_5_2,conflicting,1,1,q_836946,True,1.0,1090.0
gpt_5_2,conflicting,1,1,q_525845,True,1.0,1144.0
gpt_5_2,conflicting,1,1,q_532309,False,0.0,1170.0
gpt_5_2,conflicting,1,1,q_372812,False,0.0,1241.0
gpt_5_2,conflicting,1,1,q_920055,True,1.0,1144.0
gpt_5_2,conflicting,1,1,q_127936,True,1.0,1205.0
gpt_5_2,conflicting,1,1,q_665549,True,1.0,1210.0
gpt_5_2,conflicting,1,1,q_223415,False,0.0,1336.0
gpt_5_2,conflicting,1,1,q_161940,False,0.0,1379.0
gpt_5_2,conflicting,1,2,q_368892,True,1.0,1041.0
gpt_5_2,conflicting,1,2,q_350021,True,1.0,1059.0
gpt_5_2,conflicting,1,2,q_329093,True,1.0,1086.0
gpt_5_2,conflicting,1,2,q_245002,False,0.0,1060.0
gpt_5_2,conflicting,1,2,q_731920,True,1.0,1119.0
gpt_5_2,conflicting,1,2,q_940328,False,0.0,1049.0
gpt_5_2,conflicting,1,2,q_942955,True,1.0,1116.0
gpt_5_2,conflicting,1,2,q_953208,True,1.0,1206.0
gpt_5_2,conflicting,1,2,q_925167,True,1.0,1205.0
gpt_5_2,conflicting,1,2,q_721715,True,1.0,1093.0
gpt_5_2,conflicting,1,3,q_863441,True,1.0,1074.0
gpt_5_2,conflicting,1,3,q_688137,True,1.0,1112.0
gpt_5_2,conflicting,1,3,q_289394,True,1.0,1157.0
gpt_5_2,conflicting,1,3,q_241313,True,1.0,1203.0
gpt_5_2,conflicting,1,3,q_962684,True,1.0,1097.0
gpt_5_2,conflicting,1,3,q_994684,True,1.0,1178.0
gpt_5_2,conflicting,1,3,q_262964,True,1.0,1139.0
gpt_5_2,conflicting,1,3,q_268990,True,1.0,1250.0
gpt_5_2,conflicting,1,3,q_467762,True,1.0,1182.0
gpt_5_2,conflicting,1,3,q_197624,True,1.0,1368.0
gpt_5_2,conflicting,4,1,q_801489,True,1.0,3544.0
gpt_5_2,conflicting,4,1,q_824339,True,1.0,3390.0
gpt_5_2,conflicting,4,1,q_576428,False,0.0,3698.0
gpt_5_2,conflicting,4,1,q_508581,True,1.0,3661.0
gpt_5_2,conflicting,4,1,q_584767,False,0.0,3593.0
gpt_5_2,conflicting,4,1,q_743721,True,1.0,3746.0
gpt_5_2,conflicting,4,1,q_122222,False,0.0,3803.0
gpt_5_2,conflicting,4,1,q_854515,True,1.0,3676.0
gpt_5_2,conflicting,4,1,q_121542,True,1.0,3892.0
gpt_5_2,conflicting,4,1,q_160988,True,1.0,4400.0
gpt_5_2,conflicting,4,2,q_338545,True,1.0,3524.0
gpt_5_2,conflicting,4,2,q_583104,True,1.0,3476.0
gpt_5_2,conflicting,4,2,q_615458,False,0.0,3644.0
gpt_5_2,conflicting,4,2,q_235972,True,1.0,3673.0
gpt_5_2,conflicting,4,2,q_183386,True,1.0,3889.0
gpt_5_2,conflicting,4,2,q_528408,False,0.0,3826.0
gpt_5_2,conflicting,4,2,q_368500,True,1.0,4033.0
gpt_5_2,conflicting,4,2,q_748584,True,1.0,4047.0
gpt_5_2,conflicting,4,2,q_418204,True,1.0,4011.0
gpt_5_2,conflicting,4,2,q_914815,False,0.0,4232.0
gpt_5_2,conflicting,4,3,q_883159,True,1.0,3532.0
gpt_5_2,conflicting,4,3,q_183171,True,1.0,3531.0
gpt_5_2,conflicting,4,3,q_850359,True,1.0,3536.0
gpt_5_2,conflicting,4,3,q_723915,True,1.0,3717.0
gpt_5_2,conflicting,4,3,q_802777,True,1.0,3551.0
gpt_5_2,conflicting,4,3,q_100757,False,0.0,3885.0
gpt_5_2,conflicting,4,3,q_662973,False,0.0,3825.0
gpt_5_2,conflicting,4,3,q_549637,False,0.0,4119.0
gpt_5_2,conflicting,4,3,q_534834,True,1.0,4154.0
gpt_5_2,conflicting,4,3,q_826096,True,1.0,4283.0
claude_sonnet_4_20250514,multihop,2,1,q_942912,True,1.0,2682.0
claude_sonnet_4_20250514,multihop,2,1,q_378073,True,1.0,2719.0
claude_sonnet_4_20250514,multihop,2,1,q_986362,True,1.0,2748.0
claude_sonnet_4_20250514,multihop,2,1,q_648931,True,1.0,2868.0
claude_sonnet_4_20250514,multihop,2,1,q_327208,True,1.0,2733.0
claude_sonnet_4_20250514,multihop,2,1,q_921620,True,1.0,2830.0
claude_sonnet_4_20250514,multihop,2,1,q_619868,True,1.0,2887.0
claude_sonnet_4_20250514,multihop,2,1,q_404139,True,1.0,2937.0
claude_sonnet_4_20250514,multihop,2,1,q_782242,True,1.0,3517.0
claude_sonnet_4_20250514,multihop,2,1,q_809401,True,1.0,3327.0
claude_sonnet_4_20250514,multihop,2,2,q_264873,False,0.0,1398.0
claude_sonnet_4_20250514,multihop,2,2,q_899577,True,1.0,1502.0
claude_sonnet_4_20250514,multihop,2,2,q_352253,True,1.0,1477.0
claude_sonnet_4_20250514,multihop,2,2,q_468744,True,1.0,1358.0
claude_sonnet_4_20250514,multihop,2,2,q_845797,True,1.0,1715.0
claude_sonnet_4_20250514,multihop,2,2,q_474168,True,1.0,1625.0
claude_sonnet_4_20250514,multihop,2,2,q_332261,True,1.0,1632.0
claude_sonnet_4_20250514,multihop,2,2,q_822987,True,1.0,1691.0
claude_sonnet_4_20250514,multihop,2,2,q_165693,True,1.0,1716.0
claude_sonnet_4_20250514,multihop,2,2,q_823798,True,1.0,1462.0
claude_sonnet_4_20250514,multihop,2,3,q_476218,True,1.0,2854.0
claude_sonnet_4_20250514,multihop,2,3,q_456014,False,0.0,2847.0
claude_sonnet_4_20250514,multihop,2,3,q_276905,True,1.0,2995.0
claude_sonnet_4_20250514,multihop,2,3,q_311817,True,1.0,3007.0
claude_sonnet_4_20250514,multihop,2,3,q_702979,True,1.0,3032.0
claude_sonnet_4_20250514,multihop,2,3,q_668322,True,1.0,3174.0
claude_sonnet_4_20250514,multihop,2,3,q_154389,True,1.0,3283.0
claude_sonnet_4_20250514,multihop,2,3,q_691332,True,1.0,3396.0
claude_sonnet_4_20250514,multihop,2,3,q_273960,True,1.0,3483.0
claude_sonnet_4_20250514,multihop,2,3,q_422113,True,1.0,3686.0
claude_sonnet_4_20250514,multihop,3,1,q_949742,True,1.0,11642.0
claude_sonnet_4_20250514,multihop,3,1,q_970394,True,1.0,11727.0
claude_sonnet_4_20250514,multihop,3,1,q_110447,True,1.0,11757.0
claude_sonnet_4_20250514,multihop,3,1,q_949179,True,1.0,11875.0
claude_sonnet_4_20250514,multihop,3,1,q_718331,True,1.0,12025.0
claude_sonnet_4_20250514,multihop,3,1,q_928183,True,1.0,12025.0
claude_sonnet_4_20250514,multihop,3,1,q_656389,True,1.0,12138.0
claude_sonnet_4_20250514,multihop,3,1,q_711435,True,1.0,12301.0
claude_sonnet_4_20250514,multihop,3,1,q_171433,True,1.0,12047.0
claude_sonnet_4_20250514,multihop,3,1,q_696500,False,0.0,12151.0
claude_sonnet_4_20250514,multihop,3,2,q_620975,True,1.0,10146.0
claude_sonnet_4_20250514,multihop,3,2,q_656667,True,1.0,10244.0
claude_sonnet_4_20250514,multihop,3,2,q_705550,False,0.5,10380.0
claude_sonnet_4_20250514,multihop,3,2,q_772039,True,1.0,10311.0
claude_sonnet_4_20250514,multihop,3,2,q_238241,True,1.0,10482.0
claude_sonnet_4_20250514,multihop,3,2,q_136638,True,1.0,10561.0
claude_sonnet_4_20250514,multihop,3,2,q_356683,True,1.0,10495.0
claude_sonnet_4_20250514,multihop,3,2,q_407914,True,1.0,10670.0
claude_sonnet_4_20250514,multihop,3,2,q_236270,True,1.0,10786.0
claude_sonnet_4_20250514,multihop,3,2,q_645447,True,1.0,10883.0
claude_sonnet_4_20250514,multihop,3,3,q_151997,True,1.0,8584.0
claude_sonnet_4_20250514,multihop,3,3,q_142070,True,1.0,8869.0
claude_sonnet_4_20250514,multihop,3,3,q_987193,True,1.0,9126.0
claude_sonnet_4_20250514,multihop,3,3,q_761818,True,1.0,9200.0
claude_sonnet_4_20250514,multihop,3,3,q_145687,False,0.0,9023.0
claude_sonnet_4_20250514,multihop,3,3,q_847630,True,1.0,9228.0
claude_sonnet_4_20250514,multihop,3,3,q_147200,True,1.0,9216.0
claude_sonnet_4_20250514,multihop,3,3,q_225196,True,1.0,9449.0
claude_sonnet_4_20250514,multihop,3,3,q_247843,True,1.0,9276.0
claude_sonnet_4_20250514,multihop,3,3,q_232217,True,1.0,9232.0
claude_sonnet_4_20250514,multihop,1,1,q_564488,True,1.0,887.0
claude_sonnet_4_20250514,multihop,1,1,q_167167,True,1.0,937.0
claude_sonnet_4_20250514,multihop,1,1,q_383626,True,1.0,1063.0
claude_sonnet_4_20250514,multihop,1,2,q_323749,True,1.0,927.0
claude_sonnet_4_20250514,multihop,1,2,q_528251,True,1.0,1068.0
claude_sonnet_4_20250514,multihop,1,2,q_234862,True,1.0,1208.0
claude_sonnet_4_20250514,multihop,1,3,q_730503,True,1.0,1076.0
claude_sonnet_4_20250514,multihop,1,3,q_680902,True,1.0,1048.0
claude_sonnet_4_20250514,multihop,1,3,q_253883,True,1.0,1169.0
claude_sonnet_4_20250514,multihop,1,3,q_686839,True,1.0,1107.0
claude_sonnet_4_20250514,multihop,1,3,q_893805,True,1.0,1200.0
claude_sonnet_4_20250514,multihop,1,3,q_803302,True,1.0,1076.0
claude_sonnet_4_20250514,multihop,1,3,q_475291,True,1.0,1337.0
claude_sonnet_4_20250514,multihop,1,3,q_292391,True,1.0,1127.0
claude_sonnet_4_20250514,multihop,1,3,q_274616,True,1.0,1359.0
claude_sonnet_4_20250514,multihop,1,3,q_683282,True,1.0,1372.0
claude_sonnet_4_20250514,multihop,4,1,q_941497,True,1.0,31054.0
claude_sonnet_4_20250514,multihop,4,1,q_626920,True,1.0,31344.0
claude_sonnet_4_20250514,multihop,4,1,q_932696,True,1.0,31419.0
claude_sonnet_4_20250514,multihop,4,1,q_241793,True,1.0,31329.0
claude_sonnet_4_20250514,multihop,4,1,q_117572,True,1.0,31350.0
claude_sonnet_4_20250514,multihop,4,1,q_780685,True,1.0,31490.0
claude_sonnet_4_20250514,multihop,4,1,q_644645,False,0.0,31982.0
claude_sonnet_4_20250514,multihop,4,1,q_786396,False,0.5,31895.0
claude_sonnet_4_20250514,multihop,4,1,q_670884,True,1.0,31781.0
claude_sonnet_4_20250514,multihop,4,1,q_503690,True,1.0,32554.0
claude_sonnet_4_20250514,multihop,4,2,q_963388,True,1.0,20350.0
claude_sonnet_4_20250514,multihop,4,2,q_713951,True,1.0,20427.0
claude_sonnet_4_20250514,multihop,4,2,q_439336,False,0.0,20369.0
claude_sonnet_4_20250514,multihop,4,2,q_721809,True,1.0,20543.0
claude_sonnet_4_20250514,multihop,4,2,q_450525,True,1.0,20464.0
claude_sonnet_4_20250514,multihop,4,2,q_454279,True,1.0,20576.0
claude_sonnet_4_20250514,multihop,4,2,q_386560,True,1.0,20627.0
claude_sonnet_4_20250514,multihop,4,2,q_941258,True,1.0,20980.0
claude_sonnet_4_20250514,multihop,4,2,q_243014,True,1.0,21016.0
claude_sonnet_4_20250514,multihop,4,2,q_638331,True,1.0,21154.0
claude_sonnet_4_20250514,multihop,4,3,q_273439,True,1.0,35642.0
claude_sonnet_4_20250514,multihop,4,3,q_637950,True,1.0,35681.0
claude_sonnet_4_20250514,multihop,4,3,q_982362,True,1.0,35870.0
claude_sonnet_4_20250514,multihop,4,3,q_100612,True,1.0,36073.0
claude_sonnet_4_20250514,multihop,4,3,q_778850,True,1.0,36393.0
claude_sonnet_4_20250514,multihop,4,3,q_144829,False,0.0,36708.0
claude_sonnet_4_20250514,multihop,4,3,q_885910,True,1.0,36670.0
claude_sonnet_4_20250514,multihop,4,3,q_525142,False,0.0,36852.0
claude_sonnet_4_20250514,multihop,4,3,q_608862,False,0.0,36802.0
claude_sonnet_4_20250514,multihop,4,3,q_726917,True,1.0,37007.0
claude_sonnet_4_20250514,hierarchical,2,1,q_390877,True,1.0,942.0
claude_sonnet_4_20250514,hierarchical,2,1,q_275237,True,1.0,969.0
claude_sonnet_4_20250514,hierarchical,2,1,q_770896,True,1.0,990.0
claude_sonnet_4_20250514,hierarchical,2,1,q_664453,True,1.0,1016.0
claude_sonnet_4_20250514,hierarchical,2,1,q_705693,True,1.0,963.0
claude_sonnet_4_20250514,hierarchical,2,1,q_184621,True,1.0,1004.0
claude_sonnet_4_20250514,hierarchical,2,1,q_904893,True,1.0,1015.0
claude_sonnet_4_20250514,hierarchical,2,1,q_901266,True,1.0,971.0
claude_sonnet_4_20250514,hierarchical,2,1,q_712590,True,1.0,1042.0
claude_sonnet_4_20250514,hierarchical,2,1,q_322710,False,0.0,1177.0
claude_sonnet_4_20250514,hierarchical,2,2,q_531167,True,1.0,793.0
claude_sonnet_4_20250514,hierarchical,2,2,q_642240,True,1.0,752.0
claude_sonnet_4_20250514,hierarchical,2,2,q_478914,True,1.0,725.0
claude_sonnet_4_20250514,hierarchical,2,2,q_993314,True,1.0,780.0
claude_sonnet_4_20250514,hierarchical,2,2,q_316392,True,1.0,792.0
claude_sonnet_4_20250514,hierarchical,2,2,q_700008,True,1.0,749.0
claude_sonnet_4_20250514,hierarchical,2,2,q_757781,True,1.0,727.0
claude_sonnet_4_20250514,hierarchical,2,2,q_429016,True,1.0,776.0
claude_sonnet_4_20250514,hierarchical,2,2,q_871434,True,1.0,800.0
claude_sonnet_4_20250514,hierarchical,2,2,q_274008,True,1.0,804.0
claude_sonnet_4_20250514,hierarchical,2,3,q_544245,True,1.0,752.0
claude_sonnet_4_20250514,hierarchical,2,3,q_485687,True,1.0,835.0
claude_sonnet_4_20250514,hierarchical,2,3,q_514106,True,1.0,783.0
claude_sonnet_4_20250514,hierarchical,2,3,q_588605,True,1.0,803.0
claude_sonnet_4_20250514,hierarchical,2,3,q_190862,True,1.0,819.0
claude_sonnet_4_20250514,hierarchical,2,3,q_730919,True,1.0,894.0
claude_sonnet_4_20250514,hierarchical,2,3,q_585598,True,1.0,818.0
claude_sonnet_4_20250514,hierarchical,2,3,q_994582,True,1.0,898.0
claude_sonnet_4_20250514,hierarchical,2,3,q_884440,True,1.0,913.0
claude_sonnet_4_20250514,hierarchical,2,3,q_396279,False,0.0,914.0
claude_sonnet_4_20250514,hierarchical,3,1,q_525098,True,1.0,1125.0
claude_sonnet_4_20250514,hierarchical,3,1,q_797357,True,1.0,1154.0
claude_sonnet_4_20250514,hierarchical,3,1,q_666755,False,0.0,1130.0
claude_sonnet_4_20250514,hierarchical,3,1,q_542854,True,1.0,1070.0
claude_sonnet_4_20250514,hierarchical,3,1,q_405713,False,0.0,1108.0
claude_sonnet_4_20250514,hierarchical,3,1,q_208020,False,0.0,1128.0
claude_sonnet_4_20250514,hierarchical,3,1,q_940613,True,1.0,1148.0
claude_sonnet_4_20250514,hierarchical,3,1,q_719006,False,0.0,1220.0
claude_sonnet_4_20250514,hierarchical,3,1,q_470401,False,0.0,1168.0
claude_sonnet_4_20250514,hierarchical,3,1,q_625450,True,1.0,1190.0
claude_sonnet_4_20250514,hierarchical,3,2,q_437762,True,1.0,1071.0
claude_sonnet_4_20250514,hierarchical,3,2,q_502913,True,1.0,1061.0
claude_sonnet_4_20250514,hierarchical,3,2,q_724762,True,1.0,1055.0
claude_sonnet_4_20250514,hierarchical,3,2,q_133184,True,1.0,1017.0
claude_sonnet_4_20250514,hierarchical,3,2,q_563799,True,1.0,1042.0
claude_sonnet_4_20250514,hierarchical,3,2,q_186882,True,1.0,1065.0
claude_sonnet_4_20250514,hierarchical,3,2,q_696255,True,1.0,1094.0
claude_sonnet_4_20250514,hierarchical,3,2,q_858963,True,1.0,1089.0
claude_sonnet_4_20250514,hierarchical,3,2,q_200928,False,0.0,1149.0
claude_sonnet_4_20250514,hierarchical,3,2,q_402275,True,1.0,1203.0
claude_sonnet_4_20250514,hierarchical,3,3,q_715046,True,1.0,1073.0
claude_sonnet_4_20250514,hierarchical,3,3,q_548586,True,1.0,1076.0
claude_sonnet_4_20250514,hierarchical,3,3,q_607324,True,1.0,1104.0
claude_sonnet_4_20250514,hierarchical,3,3,q_216158,True,1.0,1172.0
claude_sonnet_4_20250514,hierarchical,3,3,q_954521,False,0.0,1177.0
claude_sonnet_4_20250514,hierarchical,3,3,q_205518,True,1.0,1133.0
claude_sonnet_4_20250514,hierarchical,3,3,q_937062,False,0.0,1321.0
claude_sonnet_4_20250514,hierarchical,3,3,q_835301,True,1.0,1142.0
claude_sonnet_4_20250514,hierarchical,3,3,q_820824,True,1.0,1234.0
claude_sonnet_4_20250514,hierarchical,3,3,q_695563,False,0.8,1519.0
claude_sonnet_4_20250514,hierarchical,1,1,q_424489,True,1.0,444.0
claude_sonnet_4_20250514,hierarchical,1,1,q_612845,True,1.0,487.0
claude_sonnet_4_20250514,hierarchical,1,2,q_864609,True,1.0,449.0
claude_sonnet_4_20250514,hierarchical,1,2,q_561902,True,1.0,493.0
claude_sonnet_4_20250514,hierarchical,1,2,q_751175,True,1.0,515.0
claude_sonnet_4_20250514,hierarchical,1,2,q_735939,True,1.0,482.0
claude_sonnet_4_20250514,hierarchical,1,2,q_756368,True,1.0,505.0
claude_sonnet_4_20250514,hierarchical,1,2,q_693014,True,1.0,485.0
claude_sonnet_4_20250514,hierarchical,1,2,q_190768,True,1.0,497.0
claude_sonnet_4_20250514,hierarchical,1,2,q_232668,True,1.0,508.0
claude_sonnet_4_20250514,hierarchical,1,3,q_472113,True,1.0,452.0
claude_sonnet_4_20250514,hierarchical,1,3,q_448805,True,1.0,472.0
claude_sonnet_4_20250514,hierarchical,1,3,q_511813,True,1.0,528.0
claude_sonnet_4_20250514,hierarchical,1,3,q_308078,True,1.0,521.0
claude_sonnet_4_20250514,hierarchical,1,3,q_575625,True,1.0,493.0
claude_sonnet_4_20250514,hierarchical,1,3,q_673386,True,1.0,510.0
claude_sonnet_4_20250514,hierarchical,4,1,q_143627,True,1.0,1944.0
claude_sonnet_4_20250514,hierarchical,4,1,q_910720,True,1.0,1881.0
claude_sonnet_4_20250514,hierarchical,4,1,q_629457,True,1.0,1899.0
claude_sonnet_4_20250514,hierarchical,4,1,q_472333,True,1.0,1945.0
claude_sonnet_4_20250514,hierarchical,4,1,q_269301,True,1.0,1913.0
claude_sonnet_4_20250514,hierarchical,4,1,q_114328,True,1.0,1941.0
claude_sonnet_4_20250514,hierarchical,4,1,q_941734,True,1.0,1905.0
claude_sonnet_4_20250514,hierarchical,4,1,q_587640,True,1.0,1944.0
claude_sonnet_4_20250514,hierarchical,4,1,q_789186,True,1.0,1971.0
claude_sonnet_4_20250514,hierarchical,4,1,q_370991,False,0.0,2083.0
claude_sonnet_4_20250514,hierarchical,4,2,q_177961,True,1.0,1988.0
claude_sonnet_4_20250514,hierarchical,4,2,q_983532,True,1.0,1989.0
claude_sonnet_4_20250514,hierarchical,4,2,q_157858,True,1.0,2001.0
claude_sonnet_4_20250514,hierarchical,4,2,q_811784,True,1.0,2008.0
claude_sonnet_4_20250514,hierarchical,4,2,q_868670,True,1.0,2046.0
claude_sonnet_4_20250514,hierarchical,4,2,q_788226,True,1.0,2040.0
claude_sonnet_4_20250514,hierarchical,4,2,q_166068,True,1.0,2036.0
claude_sonnet_4_20250514,hierarchical,4,2,q_738154,True,1.0,2025.0
claude_sonnet_4_20250514,hierarchical,4,2,q_289826,True,1.0,2069.0
claude_sonnet_4_20250514,hierarchical,4,2,q_493004,True,1.0,2001.0
claude_sonnet_4_20250514,hierarchical,4,3,q_898760,True,1.0,2010.0
claude_sonnet_4_20250514,hierarchical,4,3,q_497258,True,1.0,2094.0
claude_sonnet_4_20250514,hierarchical,4,3,q_112425,True,1.0,1991.0
claude_sonnet_4_20250514,hierarchical,4,3,q_962387,True,1.0,1998.0
claude_sonnet_4_20250514,hierarchical,4,3,q_676972,True,1.0,2088.0
claude_sonnet_4_20250514,hierarchical,4,3,q_762982,True,1.0,2050.0
claude_sonnet_4_20250514,hierarchical,4,3,q_895813,True,1.0,2040.0
claude_sonnet_4_20250514,hierarchical,4,3,q_573717,True,1.0,2040.0
claude_sonnet_4_20250514,hierarchical,4,3,q_144790,True,1.0,1971.0
claude_sonnet_4_20250514,hierarchical,4,3,q_589161,True,1.0,2045.0
claude_sonnet_4_20250514,temporal,2,1,q_110981,True,1.0,935.0
claude_sonnet_4_20250514,temporal,2,1,q_723108,True,1.0,1030.0
claude_sonnet_4_20250514,temporal,2,1,q_341223,True,1.0,927.0
claude_sonnet_4_20250514,temporal,2,1,q_272731,True,1.0,1034.0
claude_sonnet_4_20250514,temporal,2,1,q_802957,True,1.0,1175.0
claude_sonnet_4_20250514,temporal,2,1,q_864552,False,0.0,1112.0
claude_sonnet_4_20250514,temporal,2,1,q_455497,False,0.0,1071.0
claude_sonnet_4_20250514,temporal,2,1,q_248549,False,0.0,1102.0
claude_sonnet_4_20250514,temporal,2,1,q_673027,False,0.0,1228.0
claude_sonnet_4_20250514,temporal,2,1,q_605459,False,0.0,1066.0
claude_sonnet_4_20250514,temporal,2,2,q_818838,True,1.0,815.0
claude_sonnet_4_20250514,temporal,2,2,q_808189,True,1.0,1025.0
claude_sonnet_4_20250514,temporal,2,2,q_208237,False,0.0,873.0
claude_sonnet_4_20250514,temporal,2,2,q_152795,True,1.0,868.0
claude_sonnet_4_20250514,temporal,2,2,q_357629,True,1.0,1147.0
claude_sonnet_4_20250514,temporal,2,2,q_191706,True,1.0,966.0
claude_sonnet_4_20250514,temporal,2,2,q_244619,True,1.0,910.0
claude_sonnet_4_20250514,temporal,2,2,q_792135,True,1.0,943.0
claude_sonnet_4_20250514,temporal,2,2,q_367863,True,1.0,879.0
claude_sonnet_4_20250514,temporal,2,2,q_236344,True,1.0,1052.0
claude_sonnet_4_20250514,temporal,2,3,q_281602,True,1.0,1342.0
claude_sonnet_4_20250514,temporal,2,3,q_118947,True,1.0,1226.0
claude_sonnet_4_20250514,temporal,2,3,q_358254,True,1.0,1002.0
claude_sonnet_4_20250514,temporal,2,3,q_363444,True,1.0,1428.0
claude_sonnet_4_20250514,temporal,2,3,q_169346,True,1.0,1497.0
claude_sonnet_4_20250514,temporal,2,3,q_675453,True,1.0,1069.0
claude_sonnet_4_20250514,temporal,2,3,q_575668,False,0.0,1478.0
claude_sonnet_4_20250514,temporal,2,3,q_694498,True,1.0,1259.0
claude_sonnet_4_20250514,temporal,2,3,q_589852,True,1.0,1538.0
claude_sonnet_4_20250514,temporal,2,3,q_557594,True,1.0,1598.0
claude_sonnet_4_20250514,temporal,3,1,q_675648,True,1.0,869.0
claude_sonnet_4_20250514,temporal,3,1,q_640403,True,1.0,1175.0
claude_sonnet_4_20250514,temporal,3,1,q_856132,True,1.0,859.0
claude_sonnet_4_20250514,temporal,3,1,q_462307,True,1.0,1499.0
claude_sonnet_4_20250514,temporal,3,1,q_398072,True,1.0,1553.0
claude_sonnet_4_20250514,temporal,3,1,q_175464,False,0.0,1548.0
claude_sonnet_4_20250514,temporal,3,1,q_297677,False,0.0,1159.0
claude_sonnet_4_20250514,temporal,3,1,q_908915,True,1.0,1359.0
claude_sonnet_4_20250514,temporal,3,1,q_155484,True,1.0,1702.0
claude_sonnet_4_20250514,temporal,3,1,q_223156,True,1.0,1171.0
claude_sonnet_4_20250514,temporal,3,2,q_584318,True,1.0,782.0
claude_sonnet_4_20250514,temporal,3,2,q_754803,True,1.0,761.0
claude_sonnet_4_20250514,temporal,3,2,q_975143,True,1.0,863.0
claude_sonnet_4_20250514,temporal,3,2,q_659379,True,1.0,1307.0
claude_sonnet_4_20250514,temporal,3,2,q_637571,True,1.0,1320.0
claude_sonnet_4_20250514,temporal,3,2,q_246608,True,1.0,1227.0
claude_sonnet_4_20250514,temporal,3,2,q_880410,True,1.0,957.0
claude_sonnet_4_20250514,temporal,3,2,q_951002,True,1.0,1344.0
claude_sonnet_4_20250514,temporal,3,2,q_688099,False,0.0,992.0
claude_sonnet_4_20250514,temporal,3,2,q_791806,True,1.0,1140.0
claude_sonnet_4_20250514,temporal,3,3,q_303086,True,1.0,897.0
claude_sonnet_4_20250514,temporal,3,3,q_491097,True,1.0,1073.0
claude_sonnet_4_20250514,temporal,3,3,q_199612,True,1.0,1532.0
claude_sonnet_4_20250514,temporal,3,3,q_894845,True,1.0,1264.0
claude_sonnet_4_20250514,temporal,3,3,q_499898,True,1.0,1077.0
claude_sonnet_4_20250514,temporal,3,3,q_204372,True,1.0,1052.0
claude_sonnet_4_20250514,temporal,3,3,q_961435,True,1.0,1276.0
claude_sonnet_4_20250514,temporal,3,3,q_480869,True,1.0,1135.0
claude_sonnet_4_20250514,temporal,3,3,q_740968,False,0.0,1484.0
claude_sonnet_4_20250514,temporal,3,3,q_810293,False,0.0,1451.0
claude_sonnet_4_20250514,temporal,1,1,q_603960,False,0.0,1140.0
claude_sonnet_4_20250514,temporal,1,1,q_188062,False,0.0,1271.0
claude_sonnet_4_20250514,temporal,1,1,q_677642,False,0.0,1041.0
claude_sonnet_4_20250514,temporal,1,1,q_345632,True,1.0,1043.0
claude_sonnet_4_20250514,temporal,1,1,q_277684,True,1.0,1025.0
claude_sonnet_4_20250514,temporal,1,1,q_649587,True,1.0,1364.0
claude_sonnet_4_20250514,temporal,1,1,q_256351,False,0.0,1396.0
claude_sonnet_4_20250514,temporal,1,1,q_736762,True,1.0,1230.0
claude_sonnet_4_20250514,temporal,1,1,q_958081,True,1.0,1307.0
claude_sonnet_4_20250514,temporal,1,2,q_646878,True,1.0,1036.0
claude_sonnet_4_20250514,temporal,1,2,q_812976,True,1.0,1251.0
claude_sonnet_4_20250514,temporal,1,2,q_395337,True,1.0,1095.0
claude_sonnet_4_20250514,temporal,1,2,q_431821,True,1.0,1178.0
claude_sonnet_4_20250514,temporal,1,2,q_338252,True,1.0,1319.0
claude_sonnet_4_20250514,temporal,1,2,q_224139,True,1.0,1066.0
claude_sonnet_4_20250514,temporal,1,2,q_315828,True,1.0,1112.0
claude_sonnet_4_20250514,temporal,1,2,q_386081,True,1.0,1294.0
claude_sonnet_4_20250514,temporal,1,2,q_612510,True,1.0,1299.0
claude_sonnet_4_20250514,temporal,1,2,q_261791,True,1.0,1538.0
claude_sonnet_4_20250514,temporal,1,3,q_879712,True,1.0,845.0
claude_sonnet_4_20250514,temporal,1,3,q_594214,True,1.0,1244.0
claude_sonnet_4_20250514,temporal,1,3,q_367289,True,1.0,887.0
claude_sonnet_4_20250514,temporal,1,3,q_609142,True,1.0,1039.0
claude_sonnet_4_20250514,temporal,1,3,q_863402,True,1.0,1140.0
claude_sonnet_4_20250514,temporal,1,3,q_482716,True,1.0,1266.0
claude_sonnet_4_20250514,temporal,1,3,q_534995,True,1.0,1191.0
claude_sonnet_4_20250514,temporal,1,3,q_382437,True,1.0,927.0
claude_sonnet_4_20250514,temporal,1,3,q_787594,True,1.0,983.0
claude_sonnet_4_20250514,temporal,4,1,q_306979,True,1.0,933.0
claude_sonnet_4_20250514,temporal,4,1,q_461090,True,1.0,975.0
claude_sonnet_4_20250514,temporal,4,1,q_864187,True,1.0,936.0
claude_sonnet_4_20250514,temporal,4,1,q_732992,True,1.0,990.0
claude_sonnet_4_20250514,temporal,4,1,q_479999,True,1.0,1598.0
claude_sonnet_4_20250514,temporal,4,1,q_727668,True,1.0,1472.0
claude_sonnet_4_20250514,temporal,4,1,q_863112,True,1.0,1331.0
claude_sonnet_4_20250514,temporal,4,1,q_981788,True,1.0,1566.0
claude_sonnet_4_20250514,temporal,4,1,q_715385,False,0.0,1417.0
claude_sonnet_4_20250514,temporal,4,1,q_370551,True,1.0,1382.0
claude_sonnet_4_20250514,temporal,4,2,q_910471,True,1.0,1052.0
claude_sonnet_4_20250514,temporal,4,2,q_469384,True,1.0,814.0
claude_sonnet_4_20250514,temporal,4,2,q_159790,True,1.0,1295.0
claude_sonnet_4_20250514,temporal,4,2,q_223469,True,1.0,822.0
claude_sonnet_4_20250514,temporal,4,2,q_652945,True,1.0,1286.0
claude_sonnet_4_20250514,temporal,4,2,q_413629,True,1.0,1245.0
claude_sonnet_4_20250514,temporal,4,2,q_452271,True,1.0,1422.0
claude_sonnet_4_20250514,temporal,4,2,q_889583,True,1.0,1174.0
claude_sonnet_4_20250514,temporal,4,2,q_178323,True,1.0,1309.0
claude_sonnet_4_20250514,temporal,4,2,q_660466,True,1.0,1036.0
claude_sonnet_4_20250514,temporal,4,3,q_303853,True,1.0,780.0
claude_sonnet_4_20250514,temporal,4,3,q_763519,True,1.0,767.0
claude_sonnet_4_20250514,temporal,4,3,q_382114,True,1.0,1334.0
claude_sonnet_4_20250514,temporal,4,3,q_364638,True,1.0,1280.0
claude_sonnet_4_20250514,temporal,4,3,q_136085,False,0.0,1098.0
claude_sonnet_4_20250514,temporal,4,3,q_720968,True,1.0,1172.0
claude_sonnet_4_20250514,temporal,4,3,q_975021,False,0.0,1031.0
claude_sonnet_4_20250514,temporal,4,3,q_297453,True,1.0,1309.0
claude_sonnet_4_20250514,temporal,4,3,q_555992,True,1.0,1227.0
claude_sonnet_4_20250514,temporal,4,3,q_302794,True,1.0,1274.0
claude_sonnet_4_20250514,weighted,2,1,q_872439,True,1.0,1308.0
claude_sonnet_4_20250514,weighted,2,1,q_525126,True,1.0,1294.0
claude_sonnet_4_20250514,weighted,2,1,q_213872,True,1.0,1538.0
claude_sonnet_4_20250514,weighted,2,1,q_863464,True,1.0,1767.0
claude_sonnet_4_20250514,weighted,2,1,q_634355,True,1.0,2492.0
claude_sonnet_4_20250514,weighted,2,1,q_861611,True,1.0,2673.0
claude_sonnet_4_20250514,weighted,2,1,q_753276,True,1.0,1925.0
claude_sonnet_4_20250514,weighted,2,1,q_922981,True,1.0,1965.0
claude_sonnet_4_20250514,weighted,2,1,q_356749,False,0.0,2080.0
claude_sonnet_4_20250514,weighted,2,1,q_298733,False,0.0,2439.0
claude_sonnet_4_20250514,weighted,2,2,q_454334,True,1.0,1479.0
claude_sonnet_4_20250514,weighted,2,2,q_545467,True,1.0,1473.0
claude_sonnet_4_20250514,weighted,2,2,q_314972,True,1.0,1490.0
claude_sonnet_4_20250514,weighted,2,2,q_991319,True,1.0,1683.0
claude_sonnet_4_20250514,weighted,2,2,q_972070,True,1.0,1964.0
claude_sonnet_4_20250514,weighted,2,2,q_935784,False,0.0,1966.0
claude_sonnet_4_20250514,weighted,2,2,q_267504,True,1.0,2713.0
claude_sonnet_4_20250514,weighted,2,2,q_481529,True,1.0,2261.0
claude_sonnet_4_20250514,weighted,2,2,q_204158,False,0.0,2764.0
claude_sonnet_4_20250514,weighted,2,2,q_944239,True,1.0,2756.0
claude_sonnet_4_20250514,weighted,2,3,q_482251,True,1.0,1173.0
claude_sonnet_4_20250514,weighted,2,3,q_566988,True,1.0,1508.0
claude_sonnet_4_20250514,weighted,2,3,q_370470,True,1.0,1641.0
claude_sonnet_4_20250514,weighted,2,3,q_661709,True,1.0,1616.0
claude_sonnet_4_20250514,weighted,2,3,q_599298,False,0.0,2467.0
claude_sonnet_4_20250514,weighted,2,3,q_713462,True,1.0,1840.0
claude_sonnet_4_20250514,weighted,2,3,q_122575,False,0.0,1863.0
claude_sonnet_4_20250514,weighted,2,3,q_389834,True,1.0,1781.0
claude_sonnet_4_20250514,weighted,2,3,q_152619,False,0.0,1852.0
claude_sonnet_4_20250514,weighted,2,3,q_639526,False,0.0,2077.0
claude_sonnet_4_20250514,weighted,3,1,q_278076,True,1.0,3193.0
claude_sonnet_4_20250514,weighted,3,1,q_865549,True,1.0,3221.0
claude_sonnet_4_20250514,weighted,3,1,q_997774,True,1.0,3209.0
claude_sonnet_4_20250514,weighted,3,1,q_858350,False,0.0,3751.0
claude_sonnet_4_20250514,weighted,3,1,q_529992,False,0.75,4002.0
claude_sonnet_4_20250514,weighted,3,1,q_305456,True,1.0,4079.0
claude_sonnet_4_20250514,weighted,3,1,q_361679,True,1.0,4352.0
claude_sonnet_4_20250514,weighted,3,1,q_508273,False,0.0,6369.0
claude_sonnet_4_20250514,weighted,3,1,q_109581,True,1.0,6757.0
claude_sonnet_4_20250514,weighted,3,1,q_573613,True,1.0,6683.0
claude_sonnet_4_20250514,weighted,3,2,q_615025,True,1.0,2801.0
claude_sonnet_4_20250514,weighted,3,2,q_436836,True,1.0,2793.0
claude_sonnet_4_20250514,weighted,3,2,q_163034,True,1.0,2927.0
claude_sonnet_4_20250514,weighted,3,2,q_921827,True,1.0,3013.0
claude_sonnet_4_20250514,weighted,3,2,q_330900,False,0.0,3223.0
claude_sonnet_4_20250514,weighted,3,2,q_994296,True,1.0,3260.0
claude_sonnet_4_20250514,weighted,3,2,q_688191,True,1.0,3575.0
claude_sonnet_4_20250514,weighted,3,2,q_723334,False,0.0,3522.0
claude_sonnet_4_20250514,weighted,3,2,q_843520,False,0.0,5871.0
claude_sonnet_4_20250514,weighted,3,2,q_749733,True,1.0,5989.0
claude_sonnet_4_20250514,weighted,3,3,q_730666,True,1.0,3503.0
claude_sonnet_4_20250514,weighted,3,3,q_719781,True,1.0,4169.0
claude_sonnet_4_20250514,weighted,3,3,q_257518,True,1.0,4305.0
claude_sonnet_4_20250514,weighted,3,3,q_105589,True,1.0,4395.0
claude_sonnet_4_20250514,weighted,3,3,q_787516,False,0.0,4687.0
claude_sonnet_4_20250514,weighted,3,3,q_402899,False,0.0,4657.0
claude_sonnet_4_20250514,weighted,3,3,q_374718,True,1.0,4930.0
claude_sonnet_4_20250514,weighted,3,3,q_220189,True,1.0,5113.0
claude_sonnet_4_20250514,weighted,3,3,q_219727,False,0.0,7266.0
claude_sonnet_4_20250514,weighted,3,3,q_832605,False,0.0,6979.0
claude_sonnet_4_20250514,weighted,1,1,q_133167,True,1.0,1232.0
claude_sonnet_4_20250514,weighted,1,1,q_816058,True,1.0,1239.0
claude_sonnet_4_20250514,weighted,1,1,q_713576,True,1.0,1275.0
claude_sonnet_4_20250514,weighted,1,1,q_660959,True,1.0,1366.0
claude_sonnet_4_20250514,weighted,1,2,q_678269,True,1.0,755.0
claude_sonnet_4_20250514,weighted,1,2,q_225277,True,1.0,765.0
claude_sonnet_4_20250514,weighted,1,2,q_940931,True,1.0,762.0
claude_sonnet_4_20250514,weighted,1,2,q_464951,True,1.0,1283.0
claude_sonnet_4_20250514,weighted,1,2,q_154957,True,1.0,1289.0
claude_sonnet_4_20250514,weighted,1,2,q_706270,True,1.0,1300.0
claude_sonnet_4_20250514,weighted,1,2,q_249018,True,1.0,1229.0
claude_sonnet_4_20250514,weighted,1,3,q_688231,True,1.0,790.0
claude_sonnet_4_20250514,weighted,1,3,q_898257,True,1.0,1284.0
claude_sonnet_4_20250514,weighted,1,3,q_533661,True,1.0,1236.0
claude_sonnet_4_20250514,weighted,1,3,q_129000,True,1.0,1257.0
claude_sonnet_4_20250514,weighted,1,3,q_791935,True,1.0,1274.0
claude_sonnet_4_20250514,weighted,4,1,q_516057,True,1.0,5508.0
claude_sonnet_4_20250514,weighted,4,1,q_219923,True,1.0,5511.0
claude_sonnet_4_20250514,weighted,4,1,q_195008,True,1.0,5513.0
claude_sonnet_4_20250514,weighted,4,1,q_164260,True,1.0,5514.0
claude_sonnet_4_20250514,weighted,4,1,q_247307,True,1.0,5523.0
claude_sonnet_4_20250514,weighted,4,1,q_935250,True,1.0,6361.0
claude_sonnet_4_20250514,weighted,4,1,q_169355,False,0.0,6023.0
claude_sonnet_4_20250514,weighted,4,1,q_596680,False,0.0,6379.0
claude_sonnet_4_20250514,weighted,4,1,q_199206,True,1.0,6455.0
claude_sonnet_4_20250514,weighted,4,1,q_816349,False,0.1,6682.0
claude_sonnet_4_20250514,weighted,4,2,q_983936,True,1.0,8386.0
claude_sonnet_4_20250514,weighted,4,2,q_258796,True,1.0,8418.0
claude_sonnet_4_20250514,weighted,4,2,q_136155,True,1.0,8404.0
claude_sonnet_4_20250514,weighted,4,2,q_329987,True,1.0,9077.0
claude_sonnet_4_20250514,weighted,4,2,q_596270,False,0.6,8990.0
claude_sonnet_4_20250514,weighted,4,2,q_297507,True,1.0,9038.0
claude_sonnet_4_20250514,weighted,4,2,q_270515,False,0.0,9372.0
claude_sonnet_4_20250514,weighted,4,2,q_918124,True,1.0,9911.0
claude_sonnet_4_20250514,weighted,4,2,q_547481,True,1.0,9829.0
claude_sonnet_4_20250514,weighted,4,2,q_540959,False,0.0,12790.0
claude_sonnet_4_20250514,weighted,4,3,q_137161,True,1.0,5850.0
claude_sonnet_4_20250514,weighted,4,3,q_128033,True,1.0,5855.0
claude_sonnet_4_20250514,weighted,4,3,q_922727,True,1.0,5854.0
claude_sonnet_4_20250514,weighted,4,3,q_892733,True,1.0,5852.0
claude_sonnet_4_20250514,weighted,4,3,q_347471,True,1.0,5857.0
claude_sonnet_4_20250514,weighted,4,3,q_136965,True,1.0,6521.0
claude_sonnet_4_20250514,weighted,4,3,q_988888,False,0.0,6991.0
claude_sonnet_4_20250514,weighted,4,3,q_408296,False,0.0,7306.0
claude_sonnet_4_20250514,weighted,4,3,q_796298,False,0.4,7405.0
claude_sonnet_4_20250514,weighted,4,3,q_352595,False,0.0,10244.0
claude_sonnet_4_20250514,conflicting,2,1,q_886852,True,1.0,1729.0
claude_sonnet_4_20250514,conflicting,2,1,q_882346,True,1.0,1757.0
claude_sonnet_4_20250514,conflicting,2,1,q_889237,True,1.0,1843.0
claude_sonnet_4_20250514,conflicting,2,1,q_540576,True,1.0,1747.0
claude_sonnet_4_20250514,conflicting,2,1,q_958792,True,1.0,1730.0
claude_sonnet_4_20250514,conflicting,2,1,q_477375,True,1.0,1851.0
claude_sonnet_4_20250514,conflicting,2,1,q_898079,True,1.0,1767.0
claude_sonnet_4_20250514,conflicting,2,1,q_155096,True,1.0,1887.0
claude_sonnet_4_20250514,conflicting,2,1,q_421190,True,1.0,2010.0
claude_sonnet_4_20250514,conflicting,2,1,q_796482,True,1.0,2269.0
claude_sonnet_4_20250514,conflicting,2,2,q_394127,True,1.0,1751.0
claude_sonnet_4_20250514,conflicting,2,2,q_800533,False,0.0,1913.0
claude_sonnet_4_20250514,conflicting,2,2,q_467679,True,1.0,1925.0
claude_sonnet_4_20250514,conflicting,2,2,q_264795,True,1.0,1861.0
claude_sonnet_4_20250514,conflicting,2,2,q_439854,True,1.0,1871.0
claude_sonnet_4_20250514,conflicting,2,2,q_662192,True,1.0,2038.0
claude_sonnet_4_20250514,conflicting,2,2,q_640334,True,1.0,2005.0
claude_sonnet_4_20250514,conflicting,2,2,q_248231,True,1.0,2081.0
claude_sonnet_4_20250514,conflicting,2,2,q_834874,True,1.0,2106.0
claude_sonnet_4_20250514,conflicting,2,2,q_725868,True,1.0,2051.0
claude_sonnet_4_20250514,conflicting,2,3,q_658473,True,1.0,1659.0
claude_sonnet_4_20250514,conflicting,2,3,q_282933,True,1.0,1753.0
claude_sonnet_4_20250514,conflicting,2,3,q_942650,True,1.0,1770.0
claude_sonnet_4_20250514,conflicting,2,3,q_954064,True,1.0,1815.0
claude_sonnet_4_20250514,conflicting,2,3,q_794697,True,1.0,1770.0
claude_sonnet_4_20250514,conflicting,2,3,q_671748,True,1.0,1801.0
claude_sonnet_4_20250514,conflicting,2,3,q_887730,True,1.0,1691.0
claude_sonnet_4_20250514,conflicting,2,3,q_271826,True,1.0,1744.0
claude_sonnet_4_20250514,conflicting,2,3,q_664111,True,1.0,1910.0
claude_sonnet_4_20250514,conflicting,2,3,q_459027,True,1.0,1950.0
claude_sonnet_4_20250514,conflicting,3,1,q_846391,True,1.0,2464.0
claude_sonnet_4_20250514,conflicting,3,1,q_279628,True,1.0,2520.0
claude_sonnet_4_20250514,conflicting,3,1,q_839143,True,1.0,2577.0
claude_sonnet_4_20250514,conflicting,3,1,q_667636,True,1.0,2613.0
claude_sonnet_4_20250514,conflicting,3,1,q_157869,True,1.0,2833.0
claude_sonnet_4_20250514,conflicting,3,1,q_277988,True,1.0,2988.0
claude_sonnet_4_20250514,conflicting,3,1,q_916867,True,1.0,3195.0
claude_sonnet_4_20250514,conflicting,3,1,q_532864,True,1.0,3057.0
claude_sonnet_4_20250514,conflicting,3,1,q_445554,True,1.0,3284.0
claude_sonnet_4_20250514,conflicting,3,1,q_354017,True,1.0,3729.0
claude_sonnet_4_20250514,conflicting,3,2,q_118146,True,1.0,2752.0
claude_sonnet_4_20250514,conflicting,3,2,q_164280,True,1.0,2805.0
claude_sonnet_4_20250514,conflicting,3,2,q_653902,True,1.0,2749.0
claude_sonnet_4_20250514,conflicting,3,2,q_965853,True,1.0,2796.0
claude_sonnet_4_20250514,conflicting,3,2,q_991823,True,1.0,2893.0
claude_sonnet_4_20250514,conflicting,3,2,q_946374,True,1.0,2957.0
claude_sonnet_4_20250514,conflicting,3,2,q_660859,True,1.0,3062.0
claude_sonnet_4_20250514,conflicting,3,2,q_276255,True,1.0,3254.0
claude_sonnet_4_20250514,conflicting,3,2,q_994981,True,1.0,3126.0
claude_sonnet_4_20250514,conflicting,3,2,q_667304,False,0.0,3029.0
claude_sonnet_4_20250514,conflicting,3,3,q_229794,True,1.0,2560.0
claude_sonnet_4_20250514,conflicting,3,3,q_201497,True,1.0,2364.0
claude_sonnet_4_20250514,conflicting,3,3,q_410320,True,1.0,2464.0
claude_sonnet_4_20250514,conflicting,3,3,q_272455,True,1.0,2619.0
claude_sonnet_4_20250514,conflicting,3,3,q_153735,True,1.0,2870.0
claude_sonnet_4_20250514,conflicting,3,3,q_294507,True,1.0,3002.0
claude_sonnet_4_20250514,conflicting,3,3,q_727217,True,1.0,2995.0
claude_sonnet_4_20250514,conflicting,3,3,q_532702,True,1.0,3034.0
claude_sonnet_4_20250514,conflicting,3,3,q_416863,True,1.0,3209.0
claude_sonnet_4_20250514,conflicting,3,3,q_149945,False,0.0,3444.0
claude_sonnet_4_20250514,conflicting,1,1,q_532309,True,1.0,1550.0
claude_sonnet_4_20250514,conflicting,1,1,q_372812,True,1.0,1533.0
claude_sonnet_4_20250514,conflicting,1,1,q_665549,True,1.0,1573.0
claude_sonnet_4_20250514,conflicting,1,1,q_127936,True,1.0,1430.0
claude_sonnet_4_20250514,conflicting,1,1,q_146868,True,1.0,1536.0
claude_sonnet_4_20250514,conflicting,1,1,q_920055,True,1.0,1525.0
claude_sonnet_4_20250514,conflicting,1,1,q_525845,True,1.0,1654.0
claude_sonnet_4_20250514,conflicting,1,1,q_836946,True,1.0,1566.0
claude_sonnet_4_20250514,conflicting,1,1,q_161940,True,1.0,1549.0
claude_sonnet_4_20250514,conflicting,1,1,q_223415,False,0.0,1678.0
claude_sonnet_4_20250514,conflicting,1,2,q_350021,True,1.0,1451.0
claude_sonnet_4_20250514,conflicting,1,2,q_368892,True,1.0,1431.0
claude_sonnet_4_20250514,conflicting,1,2,q_721715,True,1.0,1557.0
claude_sonnet_4_20250514,conflicting,1,2,q_731920,True,1.0,1642.0
claude_sonnet_4_20250514,conflicting,1,2,q_245002,True,1.0,1596.0
claude_sonnet_4_20250514,conflicting,1,2,q_940328,True,1.0,1580.0
claude_sonnet_4_20250514,conflicting,1,2,q_329093,True,1.0,1619.0
claude_sonnet_4_20250514,conflicting,1,2,q_942955,True,1.0,1674.0
claude_sonnet_4_20250514,conflicting,1,2,q_953208,True,1.0,1705.0
claude_sonnet_4_20250514,conflicting,1,2,q_925167,True,1.0,1746.0
claude_sonnet_4_20250514,conflicting,1,3,q_688137,True,1.0,1451.0
claude_sonnet_4_20250514,conflicting,1,3,q_289394,True,1.0,1522.0
claude_sonnet_4_20250514,conflicting,1,3,q_962684,True,1.0,1492.0
claude_sonnet_4_20250514,conflicting,1,3,q_863441,True,1.0,1853.0
claude_sonnet_4_20250514,conflicting,1,3,q_262964,True,1.0,1635.0
claude_sonnet_4_20250514,conflicting,1,3,q_197624,True,1.0,1838.0
claude_sonnet_4_20250514,conflicting,1,3,q_467762,True,1.0,1680.0
claude_sonnet_4_20250514,conflicting,1,3,q_994684,True,1.0,1607.0
claude_sonnet_4_20250514,conflicting,1,3,q_268990,True,1.0,1457.0
claude_sonnet_4_20250514,conflicting,1,3,q_241313,True,1.0,1800.0
claude_sonnet_4_20250514,conflicting,4,1,q_801489,True,1.0,4423.0
claude_sonnet_4_20250514,conflicting,4,1,q_824339,True,1.0,4333.0
claude_sonnet_4_20250514,conflicting,4,1,q_584767,True,1.0,5067.0
claude_sonnet_4_20250514,conflicting,4,1,q_508581,True,1.0,5385.0
claude_sonnet_4_20250514,conflicting,4,1,q_121542,True,1.0,5567.0
claude_sonnet_4_20250514,conflicting,4,1,q_160988,True,1.0,5637.0
claude_sonnet_4_20250514,conflicting,4,1,q_743721,False,0.0,5551.0
claude_sonnet_4_20250514,conflicting,4,1,q_854515,True,1.0,5642.0
claude_sonnet_4_20250514,conflicting,4,1,q_122222,True,1.0,5860.0
claude_sonnet_4_20250514,conflicting,4,1,q_576428,True,1.0,5823.0
claude_sonnet_4_20250514,conflicting,4,2,q_338545,True,1.0,4309.0
claude_sonnet_4_20250514,conflicting,4,2,q_583104,True,1.0,4802.0
claude_sonnet_4_20250514,conflicting,4,2,q_528408,True,1.0,5045.0
claude_sonnet_4_20250514,conflicting,4,2,q_368500,True,1.0,4968.0
claude_sonnet_4_20250514,conflicting,4,2,q_914815,True,1.0,5228.0
claude_sonnet_4_20250514,conflicting,4,2,q_418204,True,1.0,5265.0
claude_sonnet_4_20250514,conflicting,4,2,q_183386,True,1.0,5413.0
claude_sonnet_4_20250514,conflicting,4,2,q_235972,True,1.0,5292.0
claude_sonnet_4_20250514,conflicting,4,2,q_748584,True,1.0,5622.0
claude_sonnet_4_20250514,conflicting,4,2,q_615458,True,1.0,5334.0
claude_sonnet_4_20250514,conflicting,4,3,q_883159,True,1.0,4442.0
claude_sonnet_4_20250514,conflicting,4,3,q_723915,True,1.0,4680.0
claude_sonnet_4_20250514,conflicting,4,3,q_850359,True,1.0,4531.0
claude_sonnet_4_20250514,conflicting,4,3,q_802777,True,1.0,4529.0
claude_sonnet_4_20250514,conflicting,4,3,q_183171,True,1.0,4536.0
claude_sonnet_4_20250514,conflicting,4,3,q_662973,True,1.0,5400.0
claude_sonnet_4_20250514,conflicting,4,3,q_549637,True,1.0,5555.0
claude_sonnet_4_20250514,conflicting,4,3,q_826096,True,1.0,5661.0
claude_sonnet_4_20250514,conflicting,4,3,q_100757,True,1.0,5674.0
claude_sonnet_4_20250514,conflicting,4,3,q_534834,True,1.0,5730.0
claude_3_5_haiku_20241022,multihop,2,1,q_327208,True,1.0,2417.0
claude_3_5_haiku_20241022,multihop,2,1,q_782242,True,1.0,2583.0
claude_3_5_haiku_20241022,multihop,2,1,q_648931,True,1.0,2517.0
claude_3_5_haiku_20241022,multihop,2,1,q_378073,True,1.0,2500.0
claude_3_5_haiku_20241022,multihop,2,1,q_942912,True,1.0,2594.0
claude_3_5_haiku_20241022,multihop,2,1,q_921620,True,1.0,2577.0
claude_3_5_haiku_20241022,multihop,2,1,q_404139,False,0.0,2538.0
claude_3_5_haiku_20241022,multihop,2,1,q_809401,True,1.0,2615.0
claude_3_5_haiku_20241022,multihop,2,1,q_619868,True,1.0,2595.0
claude_3_5_haiku_20241022,multihop,2,1,q_986362,False,0.0,2551.0
claude_3_5_haiku_20241022,multihop,2,2,q_845797,False,0.0,1244.0
claude_3_5_haiku_20241022,multihop,2,2,q_468744,True,1.0,1245.0
claude_3_5_haiku_20241022,multihop,2,2,q_823798,True,1.0,1264.0
claude_3_5_haiku_20241022,multihop,2,2,q_899577,False,0.0,1321.0
claude_3_5_haiku_20241022,multihop,2,2,q_332261,True,1.0,1276.0
claude_3_5_haiku_20241022,multihop,2,2,q_822987,True,1.0,1334.0
claude_3_5_haiku_20241022,multihop,2,2,q_352253,True,1.0,1330.0
claude_3_5_haiku_20241022,multihop,2,2,q_474168,True,1.0,1341.0
claude_3_5_haiku_20241022,multihop,2,2,q_264873,True,1.0,1358.0
claude_3_5_haiku_20241022,multihop,2,2,q_165693,False,0.0,1347.0
claude_3_5_haiku_20241022,multihop,2,3,q_668322,True,1.0,2754.0
claude_3_5_haiku_20241022,multihop,2,3,q_311817,True,1.0,2793.0
claude_3_5_haiku_20241022,multihop,2,3,q_276905,True,1.0,2815.0
claude_3_5_haiku_20241022,multihop,2,3,q_691332,True,1.0,2800.0
claude_3_5_haiku_20241022,multihop,2,3,q_702979,True,1.0,2759.0
claude_3_5_haiku_20241022,multihop,2,3,q_154389,True,1.0,2801.0
claude_3_5_haiku_20241022,multihop,2,3,q_476218,True,1.0,2808.0
claude_3_5_haiku_20241022,multihop,2,3,q_273960,False,0.0,2862.0
claude_3_5_haiku_20241022,multihop,2,3,q_456014,True,1.0,2902.0
claude_3_5_haiku_20241022,multihop,2,3,q_422113,True,1.0,2847.0
claude_3_5_haiku_20241022,multihop,3,1,q_928183,True,1.0,11397.0
claude_3_5_haiku_20241022,multihop,3,1,q_110447,True,1.0,11433.0
claude_3_5_haiku_20241022,multihop,3,1,q_696500,True,1.0,11466.0
claude_3_5_haiku_20241022,multihop,3,1,q_711435,False,0.0,11465.0
claude_3_5_haiku_20241022,multihop,3,1,q_718331,False,0.0,11531.0
claude_3_5_haiku_20241022,multihop,3,1,q_970394,True,1.0,11571.0
claude_3_5_haiku_20241022,multihop,3,1,q_949742,False,0.0,11537.0
claude_3_5_haiku_20241022,multihop,3,1,q_656389,False,0.0,11487.0
claude_3_5_haiku_20241022,multihop,3,1,q_949179,True,1.0,11562.0
claude_3_5_haiku_20241022,multihop,3,1,q_171433,True,1.0,11667.0
claude_3_5_haiku_20241022,multihop,3,2,q_238241,False,0.0,9824.0
claude_3_5_haiku_20241022,multihop,3,2,q_136638,True,1.0,9851.0
claude_3_5_haiku_20241022,multihop,3,2,q_407914,True,1.0,9890.0
claude_3_5_haiku_20241022,multihop,3,2,q_656667,True,1.0,9841.0
claude_3_5_haiku_20241022,multihop,3,2,q_620975,True,1.0,9870.0
claude_3_5_haiku_20241022,multihop,3,2,q_236270,False,0.0,9904.0
claude_3_5_haiku_20241022,multihop,3,2,q_356683,False,0.0,9949.0
claude_3_5_haiku_20241022,multihop,3,2,q_705550,True,1.0,9904.0
claude_3_5_haiku_20241022,multihop,3,2,q_772039,False,0.0,9919.0
claude_3_5_haiku_20241022,multihop,3,2,q_645447,False,0.0,10017.0
claude_3_5_haiku_20241022,multihop,3,3,q_247843,True,1.0,8478.0
claude_3_5_haiku_20241022,multihop,3,3,q_987193,True,1.0,8469.0
claude_3_5_haiku_20241022,multihop,3,3,q_232217,True,1.0,8437.0
claude_3_5_haiku_20241022,multihop,3,3,q_225196,True,1.0,8487.0
claude_3_5_haiku_20241022,multihop,3,3,q_847630,True,1.0,8471.0
claude_3_5_haiku_20241022,multihop,3,3,q_761818,True,1.0,8462.0
claude_3_5_haiku_20241022,multihop,3,3,q_142070,False,0.0,8484.0
claude_3_5_haiku_20241022,multihop,3,3,q_151997,False,0.0,8561.0
claude_3_5_haiku_20241022,multihop,3,3,q_147200,True,1.0,8497.0
claude_3_5_haiku_20241022,multihop,3,3,q_145687,False,0.0,8633.0
claude_3_5_haiku_20241022,multihop,1,1,q_383626,True,1.0,813.0
claude_3_5_haiku_20241022,multihop,1,1,q_564488,True,1.0,805.0
claude_3_5_haiku_20241022,multihop,1,1,q_167167,True,1.0,851.0
claude_3_5_haiku_20241022,multihop,1,2,q_528251,True,1.0,832.0
claude_3_5_haiku_20241022,multihop,1,2,q_234862,True,1.0,882.0
claude_3_5_haiku_20241022,multihop,1,2,q_323749,True,1.0,899.0
claude_3_5_haiku_20241022,multihop,1,3,q_680902,True,1.0,931.0
claude_3_5_haiku_20241022,multihop,1,3,q_292391,True,1.0,943.0
claude_3_5_haiku_20241022,multihop,1,3,q_730503,True,1.0,929.0
claude_3_5_haiku_20241022,multihop,1,3,q_893805,False,0.0,957.0
claude_3_5_haiku_20241022,multihop,1,3,q_683282,True,1.0,986.0
claude_3_5_haiku_20241022,multihop,1,3,q_274616,True,1.0,1009.0
claude_3_5_haiku_20241022,multihop,1,3,q_803302,True,1.0,1034.0
claude_3_5_haiku_20241022,multihop,1,3,q_253883,True,1.0,1042.0
claude_3_5_haiku_20241022,multihop,1,3,q_475291,False,0.0,1015.0
claude_3_5_haiku_20241022,multihop,1,3,q_686839,True,1.0,1012.0
claude_3_5_haiku_20241022,multihop,4,1,q_786396,False,0.0,30962.0
claude_3_5_haiku_20241022,multihop,4,1,q_932696,False,0.0,30982.0
claude_3_5_haiku_20241022,multihop,4,1,q_670884,False,0.0,30965.0
claude_3_5_haiku_20241022,multihop,4,1,q_626920,True,1.0,30949.0
claude_3_5_haiku_20241022,multihop,4,1,q_644645,False,0.0,31046.0
claude_3_5_haiku_20241022,multihop,4,1,q_503690,False,0.0,30898.0
claude_3_5_haiku_20241022,multihop,4,1,q_241793,False,0.0,31036.0
claude_3_5_haiku_20241022,multihop,4,1,q_780685,False,0.0,30970.0
claude_3_5_haiku_20241022,multihop,4,1,q_941497,False,0.0,30967.0
claude_3_5_haiku_20241022,multihop,4,1,q_117572,False,0.0,31095.0
claude_3_5_haiku_20241022,multihop,4,2,q_386560,True,1.0,20014.0
claude_3_5_haiku_20241022,multihop,4,2,q_721809,False,0.0,20084.0
claude_3_5_haiku_20241022,multihop,4,2,q_638331,True,1.0,20128.0
claude_3_5_haiku_20241022,multihop,4,2,q_450525,True,1.0,20091.0
claude_3_5_haiku_20241022,multihop,4,2,q_439336,False,0.0,20096.0
claude_3_5_haiku_20241022,multihop,4,2,q_963388,False,0.0,20093.0
claude_3_5_haiku_20241022,multihop,4,2,q_454279,False,0.0,20123.0
claude_3_5_haiku_20241022,multihop,4,2,q_713951,False,0.0,20180.0
claude_3_5_haiku_20241022,multihop,4,2,q_243014,False,0.0,20168.0
claude_3_5_haiku_20241022,multihop,4,2,q_941258,True,1.0,20177.0
claude_3_5_haiku_20241022,multihop,4,3,q_637950,False,0.0,35155.0
claude_3_5_haiku_20241022,multihop,4,3,q_778850,False,0.0,35262.0
claude_3_5_haiku_20241022,multihop,4,3,q_525142,False,0.0,
claude_3_5_haiku_20241022,multihop,4,3,q_982362,False,0.0,
claude_3_5_haiku_20241022,multihop,4,3,q_100612,False,0.0,
claude_3_5_haiku_20241022,multihop,4,3,q_726917,False,0.0,
claude_3_5_haiku_20241022,multihop,4,3,q_144829,False,0.0,
claude_3_5_haiku_20241022,multihop,4,3,q_273439,False,0.0,
claude_3_5_haiku_20241022,multihop,4,3,q_608862,False,0.0,35177.0
claude_3_5_haiku_20241022,multihop,4,3,q_885910,True,1.0,35176.0
claude_3_5_haiku_20241022,hierarchical,2,1,q_390877,True,1.0,861.0
claude_3_5_haiku_20241022,hierarchical,2,1,q_712590,True,1.0,869.0
claude_3_5_haiku_20241022,hierarchical,2,1,q_901266,True,1.0,890.0
claude_3_5_haiku_20241022,hierarchical,2,1,q_322710,True,1.0,932.0
claude_3_5_haiku_20241022,hierarchical,2,1,q_904893,True,1.0,990.0
claude_3_5_haiku_20241022,hierarchical,2,1,q_664453,True,1.0,1025.0
claude_3_5_haiku_20241022,hierarchical,2,1,q_184621,False,0.0,961.0
claude_3_5_haiku_20241022,hierarchical,2,1,q_770896,False,0.0,1003.0
claude_3_5_haiku_20241022,hierarchical,2,1,q_705693,False,0.0,989.0
claude_3_5_haiku_20241022,hierarchical,2,1,q_275237,False,0.0,987.0
claude_3_5_haiku_20241022,hierarchical,2,2,q_993314,True,1.0,710.0
claude_3_5_haiku_20241022,hierarchical,2,2,q_531167,True,1.0,689.0
claude_3_5_haiku_20241022,hierarchical,2,2,q_700008,True,1.0,708.0
claude_3_5_haiku_20241022,hierarchical,2,2,q_274008,True,1.0,723.0
claude_3_5_haiku_20241022,hierarchical,2,2,q_757781,True,1.0,671.0
claude_3_5_haiku_20241022,hierarchical,2,2,q_871434,True,1.0,743.0
claude_3_5_haiku_20241022,hierarchical,2,2,q_429016,True,1.0,764.0
claude_3_5_haiku_20241022,hierarchical,2,2,q_316392,True,1.0,727.0
claude_3_5_haiku_20241022,hierarchical,2,2,q_642240,False,0.0,735.0
claude_3_5_haiku_20241022,hierarchical,2,2,q_478914,False,0.0,761.0
claude_3_5_haiku_20241022,hierarchical,2,3,q_585598,True,1.0,695.0
claude_3_5_haiku_20241022,hierarchical,2,3,q_190862,True,1.0,754.0
claude_3_5_haiku_20241022,hierarchical,2,3,q_884440,True,1.0,738.0
claude_3_5_haiku_20241022,hierarchical,2,3,q_588605,True,1.0,770.0
claude_3_5_haiku_20241022,hierarchical,2,3,q_994582,True,1.0,775.0
claude_3_5_haiku_20241022,hierarchical,2,3,q_730919,True,1.0,764.0
claude_3_5_haiku_20241022,hierarchical,2,3,q_514106,True,1.0,789.0
claude_3_5_haiku_20241022,hierarchical,2,3,q_544245,False,0.0,754.0
claude_3_5_haiku_20241022,hierarchical,2,3,q_485687,True,1.0,777.0
claude_3_5_haiku_20241022,hierarchical,2,3,q_396279,False,0.0,819.0
claude_3_5_haiku_20241022,hierarchical,3,1,q_625450,True,1.0,1015.0
claude_3_5_haiku_20241022,hierarchical,3,1,q_940613,True,1.0,1052.0
claude_3_5_haiku_20241022,hierarchical,3,1,q_797357,True,1.0,1074.0
claude_3_5_haiku_20241022,hierarchical,3,1,q_405713,True,1.0,1078.0
claude_3_5_haiku_20241022,hierarchical,3,1,q_208020,True,1.0,1071.0
claude_3_5_haiku_20241022,hierarchical,3,1,q_525098,True,1.0,1103.0
claude_3_5_haiku_20241022,hierarchical,3,1,q_542854,True,1.0,1087.0
claude_3_5_haiku_20241022,hierarchical,3,1,q_666755,True,1.0,1110.0
claude_3_5_haiku_20241022,hierarchical,3,1,q_470401,False,0.0,1101.0
claude_3_5_haiku_20241022,hierarchical,3,1,q_719006,False,0.0,1139.0
claude_3_5_haiku_20241022,hierarchical,3,2,q_186882,True,1.0,991.0
claude_3_5_haiku_20241022,hierarchical,3,2,q_724762,True,1.0,1023.0
claude_3_5_haiku_20241022,hierarchical,3,2,q_696255,True,1.0,1059.0
claude_3_5_haiku_20241022,hierarchical,3,2,q_858963,True,1.0,1048.0
claude_3_5_haiku_20241022,hierarchical,3,2,q_563799,True,1.0,1023.0
claude_3_5_haiku_20241022,hierarchical,3,2,q_437762,True,1.0,1066.0
claude_3_5_haiku_20241022,hierarchical,3,2,q_502913,True,1.0,1069.0
claude_3_5_haiku_20241022,hierarchical,3,2,q_133184,True,1.0,1022.0
claude_3_5_haiku_20241022,hierarchical,3,2,q_402275,True,1.0,976.0
claude_3_5_haiku_20241022,hierarchical,3,2,q_200928,False,0.0,1141.0
claude_3_5_haiku_20241022,hierarchical,3,3,q_835301,True,1.0,987.0
claude_3_5_haiku_20241022,hierarchical,3,3,q_820824,True,1.0,987.0
claude_3_5_haiku_20241022,hierarchical,3,3,q_548586,True,1.0,1017.0
claude_3_5_haiku_20241022,hierarchical,3,3,q_715046,True,1.0,1024.0
claude_3_5_haiku_20241022,hierarchical,3,3,q_695563,True,1.0,1068.0
claude_3_5_haiku_20241022,hierarchical,3,3,q_216158,True,1.0,1038.0
claude_3_5_haiku_20241022,hierarchical,3,3,q_205518,True,1.0,1074.0
claude_3_5_haiku_20241022,hierarchical,3,3,q_607324,True,1.0,1056.0
claude_3_5_haiku_20241022,hierarchical,3,3,q_937062,True,1.0,1109.0
claude_3_5_haiku_20241022,hierarchical,3,3,q_954521,False,0.0,1068.0
claude_3_5_haiku_20241022,hierarchical,1,1,q_612845,True,1.0,442.0
claude_3_5_haiku_20241022,hierarchical,1,1,q_424489,True,1.0,429.0
claude_3_5_haiku_20241022,hierarchical,1,2,q_232668,True,1.0,451.0
claude_3_5_haiku_20241022,hierarchical,1,2,q_756368,True,1.0,468.0
claude_3_5_haiku_20241022,hierarchical,1,2,q_190768,True,1.0,482.0
claude_3_5_haiku_20241022,hierarchical,1,2,q_864609,True,1.0,449.0
claude_3_5_haiku_20241022,hierarchical,1,2,q_751175,True,1.0,500.0
claude_3_5_haiku_20241022,hierarchical,1,2,q_693014,True,1.0,503.0
claude_3_5_haiku_20241022,hierarchical,1,2,q_561902,True,1.0,515.0
claude_3_5_haiku_20241022,hierarchical,1,2,q_735939,False,0.0,530.0
claude_3_5_haiku_20241022,hierarchical,1,3,q_511813,True,1.0,473.0
claude_3_5_haiku_20241022,hierarchical,1,3,q_308078,True,1.0,479.0
claude_3_5_haiku_20241022,hierarchical,1,3,q_673386,True,1.0,478.0
claude_3_5_haiku_20241022,hierarchical,1,3,q_472113,True,1.0,503.0
claude_3_5_haiku_20241022,hierarchical,1,3,q_448805,True,1.0,536.0
claude_3_5_haiku_20241022,hierarchical,1,3,q_575625,True,1.0,459.0
claude_3_5_haiku_20241022,hierarchical,4,1,q_941734,True,1.0,1833.0
claude_3_5_haiku_20241022,hierarchical,4,1,q_587640,True,1.0,1796.0
claude_3_5_haiku_20241022,hierarchical,4,1,q_269301,True,1.0,1797.0
claude_3_5_haiku_20241022,hierarchical,4,1,q_472333,True,1.0,1875.0
claude_3_5_haiku_20241022,hierarchical,4,1,q_143627,True,1.0,1873.0
claude_3_5_haiku_20241022,hierarchical,4,1,q_789186,True,1.0,1845.0
claude_3_5_haiku_20241022,hierarchical,4,1,q_114328,True,1.0,1881.0
claude_3_5_haiku_20241022,hierarchical,4,1,q_629457,True,1.0,1915.0
claude_3_5_haiku_20241022,hierarchical,4,1,q_910720,True,1.0,1902.0
claude_3_5_haiku_20241022,hierarchical,4,1,q_370991,False,0.0,1943.0
claude_3_5_haiku_20241022,hierarchical,4,2,q_166068,True,1.0,1893.0
claude_3_5_haiku_20241022,hierarchical,4,2,q_738154,True,1.0,1899.0
claude_3_5_haiku_20241022,hierarchical,4,2,q_157858,True,1.0,1958.0
claude_3_5_haiku_20241022,hierarchical,4,2,q_177961,True,1.0,1984.0
claude_3_5_haiku_20241022,hierarchical,4,2,q_289826,True,1.0,1978.0
claude_3_5_haiku_20241022,hierarchical,4,2,q_868670,True,1.0,1998.0
claude_3_5_haiku_20241022,hierarchical,4,2,q_788226,True,1.0,1984.0
claude_3_5_haiku_20241022,hierarchical,4,2,q_811784,True,1.0,1982.0
claude_3_5_haiku_20241022,hierarchical,4,2,q_983532,True,1.0,1989.0
claude_3_5_haiku_20241022,hierarchical,4,2,q_493004,False,0.0,2045.0
claude_3_5_haiku_20241022,hierarchical,4,3,q_589161,True,1.0,1883.0
claude_3_5_haiku_20241022,hierarchical,4,3,q_573717,True,1.0,1897.0
claude_3_5_haiku_20241022,hierarchical,4,3,q_895813,True,1.0,1932.0
claude_3_5_haiku_20241022,hierarchical,4,3,q_112425,True,1.0,1937.0
claude_3_5_haiku_20241022,hierarchical,4,3,q_898760,True,1.0,1966.0
claude_3_5_haiku_20241022,hierarchical,4,3,q_497258,True,1.0,1997.0
claude_3_5_haiku_20241022,hierarchical,4,3,q_676972,True,1.0,2003.0
claude_3_5_haiku_20241022,hierarchical,4,3,q_962387,True,1.0,1966.0
claude_3_5_haiku_20241022,hierarchical,4,3,q_144790,True,1.0,2066.0
claude_3_5_haiku_20241022,hierarchical,4,3,q_762982,True,1.0,1975.0
claude_3_5_haiku_20241022,temporal,2,1,q_864552,False,0.0,733.0
claude_3_5_haiku_20241022,temporal,2,1,q_248549,False,0.0,748.0
claude_3_5_haiku_20241022,temporal,2,1,q_455497,True,1.0,799.0
claude_3_5_haiku_20241022,temporal,2,1,q_673027,False,0.0,812.0
claude_3_5_haiku_20241022,temporal,2,1,q_341223,True,1.0,739.0
claude_3_5_haiku_20241022,temporal,2,1,q_605459,False,0.0,742.0
claude_3_5_haiku_20241022,temporal,2,1,q_723108,True,1.0,860.0
claude_3_5_haiku_20241022,temporal,2,1,q_802957,False,0.0,1022.0
claude_3_5_haiku_20241022,temporal,2,1,q_110981,True,1.0,931.0
claude_3_5_haiku_20241022,temporal,2,1,q_272731,True,1.0,957.0
claude_3_5_haiku_20241022,temporal,2,2,q_792135,False,0.0,707.0
claude_3_5_haiku_20241022,temporal,2,2,q_367863,True,1.0,670.0
claude_3_5_haiku_20241022,temporal,2,2,q_818838,False,0.0,709.0
claude_3_5_haiku_20241022,temporal,2,2,q_152795,True,1.0,711.0
claude_3_5_haiku_20241022,temporal,2,2,q_191706,True,1.0,827.0
claude_3_5_haiku_20241022,temporal,2,2,q_208237,False,0.0,748.0
claude_3_5_haiku_20241022,temporal,2,2,q_357629,True,1.0,945.0
claude_3_5_haiku_20241022,temporal,2,2,q_244619,True,1.0,767.0
claude_3_5_haiku_20241022,temporal,2,2,q_236344,True,1.0,785.0
claude_3_5_haiku_20241022,temporal,2,2,q_808189,True,1.0,1041.0
claude_3_5_haiku_20241022,temporal,2,3,q_675453,True,1.0,855.0
claude_3_5_haiku_20241022,temporal,2,3,q_358254,False,0.0,867.0
claude_3_5_haiku_20241022,temporal,2,3,q_575668,True,1.0,1137.0
claude_3_5_haiku_20241022,temporal,2,3,q_557594,False,0.0,1219.0
claude_3_5_haiku_20241022,temporal,2,3,q_118947,True,1.0,1116.0
claude_3_5_haiku_20241022,temporal,2,3,q_694498,False,0.0,1055.0
claude_3_5_haiku_20241022,temporal,2,3,q_281602,True,1.0,1248.0
claude_3_5_haiku_20241022,temporal,2,3,q_169346,True,1.0,1215.0
claude_3_5_haiku_20241022,temporal,2,3,q_363444,True,1.0,1335.0
claude_3_5_haiku_20241022,temporal,2,3,q_589852,True,1.0,1483.0
claude_3_5_haiku_20241022,temporal,3,1,q_856132,True,1.0,837.0
claude_3_5_haiku_20241022,temporal,3,1,q_175464,False,0.0,1069.0
claude_3_5_haiku_20241022,temporal,3,1,q_675648,True,1.0,885.0
claude_3_5_haiku_20241022,temporal,3,1,q_223156,True,1.0,862.0
claude_3_5_haiku_20241022,temporal,3,1,q_297677,False,0.0,955.0
claude_3_5_haiku_20241022,temporal,3,1,q_155484,True,1.0,1281.0
claude_3_5_haiku_20241022,temporal,3,1,q_908915,True,1.0,1133.0
claude_3_5_haiku_20241022,temporal,3,1,q_462307,True,1.0,1264.0
claude_3_5_haiku_20241022,temporal,3,1,q_398072,True,1.0,1317.0
claude_3_5_haiku_20241022,temporal,3,1,q_640403,False,0.6666666666666666,1204.0
claude_3_5_haiku_20241022,temporal,3,2,q_754803,True,1.0,790.0
claude_3_5_haiku_20241022,temporal,3,2,q_791806,True,1.0,963.0
claude_3_5_haiku_20241022,temporal,3,2,q_975143,True,1.0,806.0
claude_3_5_haiku_20241022,temporal,3,2,q_880410,True,1.0,855.0
claude_3_5_haiku_20241022,temporal,3,2,q_584318,True,1.0,856.0
claude_3_5_haiku_20241022,temporal,3,2,q_688099,True,1.0,825.0
claude_3_5_haiku_20241022,temporal,3,2,q_637571,True,1.0,1303.0
claude_3_5_haiku_20241022,temporal,3,2,q_246608,True,1.0,1154.0
claude_3_5_haiku_20241022,temporal,3,2,q_659379,True,1.0,1310.0
claude_3_5_haiku_20241022,temporal,3,2,q_951002,True,1.0,1273.0
claude_3_5_haiku_20241022,temporal,3,3,q_491097,True,1.0,888.0
claude_3_5_haiku_20241022,temporal,3,3,q_480869,True,1.0,892.0
claude_3_5_haiku_20241022,temporal,3,3,q_303086,False,0.0,933.0
claude_3_5_haiku_20241022,temporal,3,3,q_740968,False,0.0,1074.0
claude_3_5_haiku_20241022,temporal,3,3,q_499898,False,0.0,988.0
claude_3_5_haiku_20241022,temporal,3,3,q_810293,False,0.0,996.0
claude_3_5_haiku_20241022,temporal,3,3,q_894845,True,1.0,1242.0
claude_3_5_haiku_20241022,temporal,3,3,q_204372,True,1.0,1047.0
claude_3_5_haiku_20241022,temporal,3,3,q_961435,True,1.0,1147.0
claude_3_5_haiku_20241022,temporal,3,3,q_199612,True,1.0,1459.0
claude_3_5_haiku_20241022,temporal,1,1,q_277684,False,0.0,735.0
claude_3_5_haiku_20241022,temporal,1,1,q_649587,False,0.0,883.0
claude_3_5_haiku_20241022,temporal,1,1,q_256351,False,0.0,868.0
claude_3_5_haiku_20241022,temporal,1,1,q_188062,False,0.0,866.0
claude_3_5_haiku_20241022,temporal,1,1,q_958081,True,1.0,877.0
claude_3_5_haiku_20241022,temporal,1,1,q_603960,False,0.0,856.0
claude_3_5_haiku_20241022,temporal,1,1,q_345632,True,1.0,788.0
claude_3_5_haiku_20241022,temporal,1,1,q_677642,True,1.0,837.0
claude_3_5_haiku_20241022,temporal,1,1,q_736762,False,0.0,913.0
claude_3_5_haiku_20241022,temporal,1,2,q_646878,True,1.0,833.0
claude_3_5_haiku_20241022,temporal,1,2,q_612510,True,1.0,878.0
claude_3_5_haiku_20241022,temporal,1,2,q_338252,True,1.0,946.0
claude_3_5_haiku_20241022,temporal,1,2,q_386081,True,1.0,901.0
claude_3_5_haiku_20241022,temporal,1,2,q_431821,True,1.0,860.0
claude_3_5_haiku_20241022,temporal,1,2,q_315828,True,1.0,881.0
claude_3_5_haiku_20241022,temporal,1,2,q_224139,True,1.0,853.0
claude_3_5_haiku_20241022,temporal,1,2,q_395337,True,1.0,992.0
claude_3_5_haiku_20241022,temporal,1,2,q_812976,False,0.0,1119.0
claude_3_5_haiku_20241022,temporal,1,2,q_261791,True,1.0,1028.0
claude_3_5_haiku_20241022,temporal,1,3,q_367289,True,1.0,747.0
claude_3_5_haiku_20241022,temporal,1,3,q_609142,True,1.0,831.0
claude_3_5_haiku_20241022,temporal,1,3,q_482716,False,0.0,981.0
claude_3_5_haiku_20241022,temporal,1,3,q_863402,True,1.0,860.0
claude_3_5_haiku_20241022,temporal,1,3,q_594214,True,1.0,1136.0
claude_3_5_haiku_20241022,temporal,1,3,q_382437,True,1.0,753.0
claude_3_5_haiku_20241022,temporal,1,3,q_787594,True,1.0,845.0
claude_3_5_haiku_20241022,temporal,1,3,q_534995,True,1.0,1046.0
claude_3_5_haiku_20241022,temporal,1,3,q_879712,False,0.0,778.0
claude_3_5_haiku_20241022,temporal,4,1,q_864187,True,1.0,940.0
claude_3_5_haiku_20241022,temporal,4,1,q_732992,True,1.0,929.0
claude_3_5_haiku_20241022,temporal,4,1,q_306979,False,0.0,979.0
claude_3_5_haiku_20241022,temporal,4,1,q_461090,True,1.0,978.0
claude_3_5_haiku_20241022,temporal,4,1,q_715385,False,0.0,1005.0
claude_3_5_haiku_20241022,temporal,4,1,q_370551,False,0.0,1150.0
claude_3_5_haiku_20241022,temporal,4,1,q_981788,True,1.0,1097.0
claude_3_5_haiku_20241022,temporal,4,1,q_727668,True,1.0,1244.0
claude_3_5_haiku_20241022,temporal,4,1,q_863112,False,0.0,1033.0
claude_3_5_haiku_20241022,temporal,4,1,q_479999,False,0.0,1240.0
claude_3_5_haiku_20241022,temporal,4,2,q_223469,True,1.0,766.0
claude_3_5_haiku_20241022,temporal,4,2,q_889583,True,1.0,1030.0
claude_3_5_haiku_20241022,temporal,4,2,q_469384,True,1.0,795.0
claude_3_5_haiku_20241022,temporal,4,2,q_452271,True,1.0,1236.0
claude_3_5_haiku_20241022,temporal,4,2,q_660466,True,1.0,903.0
claude_3_5_haiku_20241022,temporal,4,2,q_178323,True,1.0,1206.0
claude_3_5_haiku_20241022,temporal,4,2,q_159790,True,1.0,1276.0
claude_3_5_haiku_20241022,temporal,4,2,q_910471,True,1.0,1100.0
claude_3_5_haiku_20241022,temporal,4,2,q_413629,True,1.0,1209.0
claude_3_5_haiku_20241022,temporal,4,2,q_652945,True,1.0,1207.0
claude_3_5_haiku_20241022,temporal,4,3,q_302794,True,1.0,1011.0
claude_3_5_haiku_20241022,temporal,4,3,q_303853,True,1.0,792.0
claude_3_5_haiku_20241022,temporal,4,3,q_555992,False,0.0,959.0
claude_3_5_haiku_20241022,temporal,4,3,q_720968,True,1.0,991.0
claude_3_5_haiku_20241022,temporal,4,3,q_975021,True,1.0,803.0
claude_3_5_haiku_20241022,temporal,4,3,q_136085,False,0.0,846.0
claude_3_5_haiku_20241022,temporal,4,3,q_763519,True,1.0,803.0
claude_3_5_haiku_20241022,temporal,4,3,q_297453,True,1.0,1160.0
claude_3_5_haiku_20241022,temporal,4,3,q_382114,True,1.0,1264.0
claude_3_5_haiku_20241022,temporal,4,3,q_364638,True,1.0,1225.0
claude_3_5_haiku_20241022,weighted,2,1,q_525126,True,1.0,1334.0
claude_3_5_haiku_20241022,weighted,2,1,q_872439,True,1.0,1352.0
claude_3_5_haiku_20241022,weighted,2,1,q_213872,True,1.0,1390.0
claude_3_5_haiku_20241022,weighted,2,1,q_922981,False,0.0,1458.0
claude_3_5_haiku_20241022,weighted,2,1,q_753276,True,1.0,1498.0
claude_3_5_haiku_20241022,weighted,2,1,q_863464,True,1.0,1473.0
claude_3_5_haiku_20241022,weighted,2,1,q_634355,True,1.0,1693.0
claude_3_5_haiku_20241022,weighted,2,1,q_298733,False,0.5,1554.0
claude_3_5_haiku_20241022,weighted,2,1,q_356749,False,0.5,1674.0
claude_3_5_haiku_20241022,weighted,2,1,q_861611,False,0.0,1826.0
claude_3_5_haiku_20241022,weighted,2,2,q_454334,True,1.0,1495.0
claude_3_5_haiku_20241022,weighted,2,2,q_545467,True,1.0,1504.0
claude_3_5_haiku_20241022,weighted,2,2,q_314972,True,1.0,1517.0
claude_3_5_haiku_20241022,weighted,2,2,q_481529,True,1.0,1672.0
claude_3_5_haiku_20241022,weighted,2,2,q_267504,False,0.0,1777.0
claude_3_5_haiku_20241022,weighted,2,2,q_972070,False,0.6,1675.0
claude_3_5_haiku_20241022,weighted,2,2,q_991319,False,0.0,1653.0
claude_3_5_haiku_20241022,weighted,2,2,q_935784,False,1.0,1691.0
claude_3_5_haiku_20241022,weighted,2,2,q_944239,False,0.0,1847.0
claude_3_5_haiku_20241022,weighted,2,2,q_204158,False,0.0,2196.0
claude_3_5_haiku_20241022,weighted,2,3,q_482251,True,1.0,1191.0
claude_3_5_haiku_20241022,weighted,2,3,q_389834,False,0.0,1361.0
claude_3_5_haiku_20241022,weighted,2,3,q_152619,True,1.0,1347.0
claude_3_5_haiku_20241022,weighted,2,3,q_713462,True,1.0,1375.0
claude_3_5_haiku_20241022,weighted,2,3,q_122575,False,1.0,1436.0
claude_3_5_haiku_20241022,weighted,2,3,q_639526,False,1.0,1388.0
claude_3_5_haiku_20241022,weighted,2,3,q_370470,False,0.3333333333333333,1401.0
claude_3_5_haiku_20241022,weighted,2,3,q_566988,False,0.6,1420.0
claude_3_5_haiku_20241022,weighted,2,3,q_661709,False,0.0,1431.0
claude_3_5_haiku_20241022,weighted,2,3,q_599298,True,1.0,1950.0
claude_3_5_haiku_20241022,weighted,3,1,q_997774,True,1.0,3242.0
claude_3_5_haiku_20241022,weighted,3,1,q_278076,True,1.0,3224.0
claude_3_5_haiku_20241022,weighted,3,1,q_865549,True,1.0,3250.0
claude_3_5_haiku_20241022,weighted,3,1,q_573613,False,0.0,3674.0
claude_3_5_haiku_20241022,weighted,3,1,q_858350,False,1.0,3444.0
claude_3_5_haiku_20241022,weighted,3,1,q_529992,False,0.25,3450.0
claude_3_5_haiku_20241022,weighted,3,1,q_305456,False,0.5,3463.0
claude_3_5_haiku_20241022,weighted,3,1,q_109581,False,0.0,3833.0
claude_3_5_haiku_20241022,weighted,3,1,q_361679,False,0.4444444444444444,3487.0
claude_3_5_haiku_20241022,weighted,3,1,q_508273,False,0.0,4065.0
claude_3_5_haiku_20241022,weighted,3,2,q_615025,True,1.0,2828.0
claude_3_5_haiku_20241022,weighted,3,2,q_436836,True,1.0,2827.0
claude_3_5_haiku_20241022,weighted,3,2,q_163034,True,1.0,2856.0
claude_3_5_haiku_20241022,weighted,3,2,q_921827,True,1.0,2872.0
claude_3_5_haiku_20241022,weighted,3,2,q_994296,True,1.0,2928.0
claude_3_5_haiku_20241022,weighted,3,2,q_330900,True,1.0,3121.0
claude_3_5_haiku_20241022,weighted,3,2,q_723334,True,1.0,3019.0
claude_3_5_haiku_20241022,weighted,3,2,q_749733,False,0.0,3397.0
claude_3_5_haiku_20241022,weighted,3,2,q_688191,True,1.0,3099.0
claude_3_5_haiku_20241022,weighted,3,2,q_843520,False,0.0,3795.0
claude_3_5_haiku_20241022,weighted,3,3,q_730666,True,1.0,3518.0
claude_3_5_haiku_20241022,weighted,3,3,q_105589,True,1.0,3693.0
claude_3_5_haiku_20241022,weighted,3,3,q_374718,False,0.0,3751.0
claude_3_5_haiku_20241022,weighted,3,3,q_220189,True,1.0,3696.0
claude_3_5_haiku_20241022,weighted,3,3,q_257518,False,0.3333333333333333,3735.0
claude_3_5_haiku_20241022,weighted,3,3,q_402899,False,0.375,3782.0
claude_3_5_haiku_20241022,weighted,3,3,q_719781,False,0.0,3800.0
claude_3_5_haiku_20241022,weighted,3,3,q_787516,False,0.0,4264.0
claude_3_5_haiku_20241022,weighted,3,3,q_832605,False,0.0,4205.0
claude_3_5_haiku_20241022,weighted,3,3,q_219727,False,0.0,4477.0
claude_3_5_haiku_20241022,weighted,1,1,q_713576,True,1.0,1029.0
claude_3_5_haiku_20241022,weighted,1,1,q_133167,True,1.0,1047.0
claude_3_5_haiku_20241022,weighted,1,1,q_660959,False,0.0,1052.0
claude_3_5_haiku_20241022,weighted,1,1,q_816058,True,1.0,1064.0
claude_3_5_haiku_20241022,weighted,1,2,q_940931,True,1.0,749.0
claude_3_5_haiku_20241022,weighted,1,2,q_678269,True,1.0,798.0
claude_3_5_haiku_20241022,weighted,1,2,q_225277,True,1.0,790.0
claude_3_5_haiku_20241022,weighted,1,2,q_706270,False,0.0,991.0
claude_3_5_haiku_20241022,weighted,1,2,q_249018,True,1.0,969.0
claude_3_5_haiku_20241022,weighted,1,2,q_464951,True,1.0,1082.0
claude_3_5_haiku_20241022,weighted,1,2,q_154957,True,1.0,1084.0
claude_3_5_haiku_20241022,weighted,1,3,q_898257,True,1.0,818.0
claude_3_5_haiku_20241022,weighted,1,3,q_688231,True,1.0,812.0
claude_3_5_haiku_20241022,weighted,1,3,q_129000,True,1.0,999.0
claude_3_5_haiku_20241022,weighted,1,3,q_533661,True,1.0,947.0
claude_3_5_haiku_20241022,weighted,1,3,q_791935,True,1.0,973.0
claude_3_5_haiku_20241022,weighted,4,1,q_516057,True,1.0,5515.0
claude_3_5_haiku_20241022,weighted,4,1,q_219923,True,1.0,5535.0
claude_3_5_haiku_20241022,weighted,4,1,q_164260,True,1.0,5542.0
claude_3_5_haiku_20241022,weighted,4,1,q_247307,True,1.0,5542.0
claude_3_5_haiku_20241022,weighted,4,1,q_195008,True,1.0,5542.0
claude_3_5_haiku_20241022,weighted,4,1,q_596680,False,1.0,5679.0
claude_3_5_haiku_20241022,weighted,4,1,q_169355,False,0.0,5697.0
claude_3_5_haiku_20241022,weighted,4,1,q_816349,False,0.2,5746.0
claude_3_5_haiku_20241022,weighted,4,1,q_199206,False,0.0,5780.0
claude_3_5_haiku_20241022,weighted,4,1,q_935250,False,0.0,6177.0
claude_3_5_haiku_20241022,weighted,4,2,q_136155,True,1.0,8403.0
claude_3_5_haiku_20241022,weighted,4,2,q_983936,True,1.0,8424.0
claude_3_5_haiku_20241022,weighted,4,2,q_258796,True,1.0,8419.0
claude_3_5_haiku_20241022,weighted,4,2,q_270515,False,0.0,8487.0
claude_3_5_haiku_20241022,weighted,4,2,q_329987,True,1.0,8889.0
claude_3_5_haiku_20241022,weighted,4,2,q_547481,True,1.0,8558.0
claude_3_5_haiku_20241022,weighted,4,2,q_918124,False,0.0,8652.0
claude_3_5_haiku_20241022,weighted,4,2,q_596270,False,0.4,8642.0
claude_3_5_haiku_20241022,weighted,4,2,q_297507,True,1.0,8648.0
claude_3_5_haiku_20241022,weighted,4,2,q_540959,False,0.0,9108.0
claude_3_5_haiku_20241022,weighted,4,3,q_128033,True,1.0,5880.0
claude_3_5_haiku_20241022,weighted,4,3,q_137161,True,1.0,5856.0
claude_3_5_haiku_20241022,weighted,4,3,q_347471,True,1.0,5871.0
claude_3_5_haiku_20241022,weighted,4,3,q_892733,True,1.0,5878.0
claude_3_5_haiku_20241022,weighted,4,3,q_922727,True,1.0,5875.0
claude_3_5_haiku_20241022,weighted,4,3,q_796298,False,0.3,6080.0
claude_3_5_haiku_20241022,weighted,4,3,q_136965,False,0.6666666666666666,6119.0
claude_3_5_haiku_20241022,weighted,4,3,q_408296,False,0.0,6471.0
claude_3_5_haiku_20241022,weighted,4,3,q_352595,False,0.0,6476.0
claude_3_5_haiku_20241022,weighted,4,3,q_988888,False,1.0,6172.0
claude_3_5_haiku_20241022,conflicting,2,1,q_155096,True,1.0,1547.0
claude_3_5_haiku_20241022,conflicting,2,1,q_898079,False,0.0,1567.0
claude_3_5_haiku_20241022,conflicting,2,1,q_882346,True,1.0,1570.0
claude_3_5_haiku_20241022,conflicting,2,1,q_889237,True,1.0,1548.0
claude_3_5_haiku_20241022,conflicting,2,1,q_886852,True,1.0,1583.0
claude_3_5_haiku_20241022,conflicting,2,1,q_477375,True,1.0,1609.0
claude_3_5_haiku_20241022,conflicting,2,1,q_540576,False,0.0,1594.0
claude_3_5_haiku_20241022,conflicting,2,1,q_796482,True,1.0,1614.0
claude_3_5_haiku_20241022,conflicting,2,1,q_958792,True,1.0,1621.0
claude_3_5_haiku_20241022,conflicting,2,1,q_421190,False,0.0,1606.0
claude_3_5_haiku_20241022,conflicting,2,2,q_662192,True,1.0,1579.0
claude_3_5_haiku_20241022,conflicting,2,2,q_394127,True,1.0,1577.0
claude_3_5_haiku_20241022,conflicting,2,2,q_640334,True,1.0,1573.0
claude_3_5_haiku_20241022,conflicting,2,2,q_725868,True,1.0,1592.0
claude_3_5_haiku_20241022,conflicting,2,2,q_834874,True,1.0,1593.0
claude_3_5_haiku_20241022,conflicting,2,2,q_264795,True,1.0,1641.0
claude_3_5_haiku_20241022,conflicting,2,2,q_467679,True,1.0,1648.0
claude_3_5_haiku_20241022,conflicting,2,2,q_800533,False,0.0,1603.0
claude_3_5_haiku_20241022,conflicting,2,2,q_439854,True,1.0,1628.0
claude_3_5_haiku_20241022,conflicting,2,2,q_248231,True,1.0,1611.0
claude_3_5_haiku_20241022,conflicting,2,3,q_887730,True,1.0,1560.0
claude_3_5_haiku_20241022,conflicting,2,3,q_271826,True,1.0,1543.0
claude_3_5_haiku_20241022,conflicting,2,3,q_664111,True,1.0,1581.0
claude_3_5_haiku_20241022,conflicting,2,3,q_671748,True,1.0,1580.0
claude_3_5_haiku_20241022,conflicting,2,3,q_942650,True,1.0,1574.0
claude_3_5_haiku_20241022,conflicting,2,3,q_282933,True,1.0,1593.0
claude_3_5_haiku_20241022,conflicting,2,3,q_954064,True,1.0,1555.0
claude_3_5_haiku_20241022,conflicting,2,3,q_794697,True,1.0,1579.0
claude_3_5_haiku_20241022,conflicting,2,3,q_459027,True,1.0,1605.0
claude_3_5_haiku_20241022,conflicting,2,3,q_658473,False,0.0,1585.0
claude_3_5_haiku_20241022,conflicting,3,1,q_279628,True,1.0,2582.0
claude_3_5_haiku_20241022,conflicting,3,1,q_846391,True,1.0,2603.0
claude_3_5_haiku_20241022,conflicting,3,1,q_839143,False,0.0,2431.0
claude_3_5_haiku_20241022,conflicting,3,1,q_667636,True,1.0,2407.0
claude_3_5_haiku_20241022,conflicting,3,1,q_445554,True,1.0,2484.0
claude_3_5_haiku_20241022,conflicting,3,1,q_532864,True,1.0,2485.0
claude_3_5_haiku_20241022,conflicting,3,1,q_157869,True,1.0,2511.0
claude_3_5_haiku_20241022,conflicting,3,1,q_277988,True,1.0,2471.0
claude_3_5_haiku_20241022,conflicting,3,1,q_916867,True,1.0,2488.0
claude_3_5_haiku_20241022,conflicting,3,1,q_354017,False,0.0,2507.0
claude_3_5_haiku_20241022,conflicting,3,2,q_991823,True,1.0,2392.0
claude_3_5_haiku_20241022,conflicting,3,2,q_965853,True,1.0,2420.0
claude_3_5_haiku_20241022,conflicting,3,2,q_118146,True,1.0,2392.0
claude_3_5_haiku_20241022,conflicting,3,2,q_164280,True,1.0,2439.0
claude_3_5_haiku_20241022,conflicting,3,2,q_653902,True,1.0,2412.0
claude_3_5_haiku_20241022,conflicting,3,2,q_660859,True,1.0,2437.0
claude_3_5_haiku_20241022,conflicting,3,2,q_946374,False,0.0,2420.0
claude_3_5_haiku_20241022,conflicting,3,2,q_276255,True,1.0,2419.0
claude_3_5_haiku_20241022,conflicting,3,2,q_994981,True,1.0,2449.0
claude_3_5_haiku_20241022,conflicting,3,2,q_667304,False,0.0,2479.0
claude_3_5_haiku_20241022,conflicting,3,3,q_410320,True,1.0,2377.0
claude_3_5_haiku_20241022,conflicting,3,3,q_229794,True,1.0,2560.0
claude_3_5_haiku_20241022,conflicting,3,3,q_272455,True,1.0,2567.0
claude_3_5_haiku_20241022,conflicting,3,3,q_201497,True,1.0,2394.0
claude_3_5_haiku_20241022,conflicting,3,3,q_149945,False,0.0,2476.0
claude_3_5_haiku_20241022,conflicting,3,3,q_153735,True,1.0,2477.0
claude_3_5_haiku_20241022,conflicting,3,3,q_727217,False,0.0,2483.0
claude_3_5_haiku_20241022,conflicting,3,3,q_294507,True,1.0,2540.0
claude_3_5_haiku_20241022,conflicting,3,3,q_416863,False,0.0,2502.0
claude_3_5_haiku_20241022,conflicting,3,3,q_532702,True,1.0,2513.0
claude_3_5_haiku_20241022,conflicting,1,1,q_920055,False,0.0,1234.0
claude_3_5_haiku_20241022,conflicting,1,1,q_161940,True,1.0,1285.0
claude_3_5_haiku_20241022,conflicting,1,1,q_146868,True,1.0,1262.0
claude_3_5_haiku_20241022,conflicting,1,1,q_532309,True,1.0,1291.0
claude_3_5_haiku_20241022,conflicting,1,1,q_223415,True,1.0,1305.0
claude_3_5_haiku_20241022,conflicting,1,1,q_665549,True,1.0,1290.0
claude_3_5_haiku_20241022,conflicting,1,1,q_127936,False,0.0,1281.0
claude_3_5_haiku_20241022,conflicting,1,1,q_372812,False,0.0,1328.0
claude_3_5_haiku_20241022,conflicting,1,1,q_525845,False,0.0,1316.0
claude_3_5_haiku_20241022,conflicting,1,1,q_836946,False,0.0,1358.0
claude_3_5_haiku_20241022,conflicting,1,2,q_953208,True,1.0,1268.0
claude_3_5_haiku_20241022,conflicting,1,2,q_245002,True,1.0,1266.0
claude_3_5_haiku_20241022,conflicting,1,2,q_731920,True,1.0,1302.0
claude_3_5_haiku_20241022,conflicting,1,2,q_350021,True,1.0,1289.0
claude_3_5_haiku_20241022,conflicting,1,2,q_925167,True,1.0,1286.0
claude_3_5_haiku_20241022,conflicting,1,2,q_942955,True,1.0,1317.0
claude_3_5_haiku_20241022,conflicting,1,2,q_329093,True,1.0,1332.0
claude_3_5_haiku_20241022,conflicting,1,2,q_721715,True,1.0,1328.0
claude_3_5_haiku_20241022,conflicting,1,2,q_368892,True,1.0,1331.0
claude_3_5_haiku_20241022,conflicting,1,2,q_940328,False,0.0,1325.0
claude_3_5_haiku_20241022,conflicting,1,3,q_863441,True,1.0,1341.0
claude_3_5_haiku_20241022,conflicting,1,3,q_688137,False,0.0,1331.0
claude_3_5_haiku_20241022,conflicting,1,3,q_289394,True,1.0,1298.0
claude_3_5_haiku_20241022,conflicting,1,3,q_268990,False,0.0,1350.0
claude_3_5_haiku_20241022,conflicting,1,3,q_262964,True,1.0,1367.0
claude_3_5_haiku_20241022,conflicting,1,3,q_994684,True,1.0,1347.0
claude_3_5_haiku_20241022,conflicting,1,3,q_962684,True,1.0,1343.0
claude_3_5_haiku_20241022,conflicting,1,3,q_241313,True,1.0,1380.0
claude_3_5_haiku_20241022,conflicting,1,3,q_467762,True,1.0,1383.0
claude_3_5_haiku_20241022,conflicting,1,3,q_197624,True,1.0,1376.0
claude_3_5_haiku_20241022,conflicting,4,1,q_801489,True,1.0,4383.0
claude_3_5_haiku_20241022,conflicting,4,1,q_824339,False,0.0,4224.0
claude_3_5_haiku_20241022,conflicting,4,1,q_584767,True,1.0,4322.0
claude_3_5_haiku_20241022,conflicting,4,1,q_743721,False,0.0,4321.0
claude_3_5_haiku_20241022,conflicting,4,1,q_160988,True,1.0,4333.0
claude_3_5_haiku_20241022,conflicting,4,1,q_121542,True,1.0,4342.0
claude_3_5_haiku_20241022,conflicting,4,1,q_854515,False,0.0,4351.0
claude_3_5_haiku_20241022,conflicting,4,1,q_576428,True,1.0,4332.0
claude_3_5_haiku_20241022,conflicting,4,1,q_508581,False,0.0,4355.0
claude_3_5_haiku_20241022,conflicting,4,1,q_122222,False,0.0,4337.0
claude_3_5_haiku_20241022,conflicting,4,2,q_183386,False,0.0,4235.0
claude_3_5_haiku_20241022,conflicting,4,2,q_615458,False,0.0,4283.0
claude_3_5_haiku_20241022,conflicting,4,2,q_368500,True,1.0,4274.0
claude_3_5_haiku_20241022,conflicting,4,2,q_338545,True,1.0,4263.0
claude_3_5_haiku_20241022,conflicting,4,2,q_235972,True,1.0,4300.0
claude_3_5_haiku_20241022,conflicting,4,2,q_583104,False,0.0,4270.0
claude_3_5_haiku_20241022,conflicting,4,2,q_528408,True,1.0,4322.0
claude_3_5_haiku_20241022,conflicting,4,2,q_418204,True,1.0,4279.0
claude_3_5_haiku_20241022,conflicting,4,2,q_748584,False,0.0,4305.0
claude_3_5_haiku_20241022,conflicting,4,2,q_914815,False,0.0,4310.0
claude_3_5_haiku_20241022,conflicting,4,3,q_850359,True,1.0,4415.0
claude_3_5_haiku_20241022,conflicting,4,3,q_183171,True,1.0,4417.0
claude_3_5_haiku_20241022,conflicting,4,3,q_802777,True,1.0,4438.0
claude_3_5_haiku_20241022,conflicting,4,3,q_883159,True,1.0,4448.0
claude_3_5_haiku_20241022,conflicting,4,3,q_723915,False,0.0,4657.0
claude_3_5_haiku_20241022,conflicting,4,3,q_100757,False,0.0,4548.0
claude_3_5_haiku_20241022,conflicting,4,3,q_534834,False,0.0,4540.0
claude_3_5_haiku_20241022,conflicting,4,3,q_662973,False,0.0,4557.0
claude_3_5_haiku_20241022,conflicting,4,3,q_549637,False,0.0,4559.0
claude_3_5_haiku_20241022,conflicting,4,3,q_826096,True,1.0,4534.0
gpt_4o,multihop,2,1,q_619868,True,1.0,2013.0
gpt_4o,multihop,2,1,q_809401,True,1.0,1997.0
gpt_4o,multihop,2,1,q_648931,True,1.0,1986.0
gpt_4o,multihop,2,1,q_942912,True,1.0,2015.0
gpt_4o,multihop,2,1,q_404139,True,1.0,2012.0
gpt_4o,multihop,2,1,q_921620,True,1.0,2012.0
gpt_4o,multihop,2,1,q_378073,True,1.0,1993.0
gpt_4o,multihop,2,1,q_782242,True,1.0,2009.0
gpt_4o,multihop,2,1,q_986362,True,1.0,2239.0
gpt_4o,multihop,2,1,q_327208,True,1.0,2129.0
gpt_4o,multihop,2,2,q_264873,True,1.0,1044.0
gpt_4o,multihop,2,2,q_845797,True,1.0,1047.0
gpt_4o,multihop,2,2,q_352253,True,1.0,1073.0
gpt_4o,multihop,2,2,q_474168,False,0.0,1061.0
gpt_4o,multihop,2,2,q_822987,True,1.0,1077.0
gpt_4o,multihop,2,2,q_165693,True,1.0,1045.0
gpt_4o,multihop,2,2,q_332261,False,0.0,1090.0
gpt_4o,multihop,2,2,q_468744,True,1.0,1106.0
gpt_4o,multihop,2,2,q_823798,True,1.0,1124.0
gpt_4o,multihop,2,2,q_899577,False,0.0,1118.0
gpt_4o,multihop,2,3,q_273960,True,1.0,2148.0
gpt_4o,multihop,2,3,q_311817,True,1.0,2147.0
gpt_4o,multihop,2,3,q_702979,True,1.0,2158.0
gpt_4o,multihop,2,3,q_456014,False,0.0,2174.0
gpt_4o,multihop,2,3,q_691332,False,0.0,2216.0
gpt_4o,multihop,2,3,q_276905,False,0.5,2204.0
gpt_4o,multihop,2,3,q_668322,False,0.0,2158.0
gpt_4o,multihop,2,3,q_154389,False,0.5,2185.0
gpt_4o,multihop,2,3,q_476218,True,1.0,2197.0
gpt_4o,multihop,2,3,q_422113,True,1.0,2305.0
gpt_4o,multihop,3,1,q_949742,False,0.0,9377.0
gpt_4o,multihop,3,1,q_970394,True,1.0,9363.0
gpt_4o,multihop,3,1,q_656389,False,0.5,9451.0
gpt_4o,multihop,3,1,q_696500,False,0.0,9352.0
gpt_4o,multihop,3,1,q_949179,False,0.5,9429.0
gpt_4o,multihop,3,1,q_711435,True,1.0,9643.0
gpt_4o,multihop,3,1,q_110447,True,1.0,9587.0
gpt_4o,multihop,3,1,q_928183,True,1.0,9684.0
gpt_4o,multihop,3,1,q_171433,True,1.0,9945.0
gpt_4o,multihop,3,1,q_718331,True,1.0,9585.0
gpt_4o,multihop,3,2,q_238241,True,1.0,8079.0
gpt_4o,multihop,3,2,q_656667,True,1.0,8091.0
gpt_4o,multihop,3,2,q_236270,False,0.0,8129.0
gpt_4o,multihop,3,2,q_407914,False,0.0,8145.0
gpt_4o,multihop,3,2,q_645447,True,1.0,8092.0
gpt_4o,multihop,3,2,q_620975,False,0.0,8264.0
gpt_4o,multihop,3,2,q_356683,True,1.0,8363.0
gpt_4o,multihop,3,2,q_705550,True,1.0,8399.0
gpt_4o,multihop,3,2,q_136638,True,1.0,8334.0
gpt_4o,multihop,3,2,q_772039,True,1.0,8454.0
gpt_4o,multihop,3,3,q_247843,False,0.0,6983.0
gpt_4o,multihop,3,3,q_847630,False,0.0,6993.0
gpt_4o,multihop,3,3,q_761818,False,0.0,6945.0
gpt_4o,multihop,3,3,q_232217,True,1.0,6958.0
gpt_4o,multihop,3,3,q_145687,False,0.0,7062.0
gpt_4o,multihop,3,3,q_225196,False,0.0,6975.0
gpt_4o,multihop,3,3,q_151997,False,0.0,7134.0
gpt_4o,multihop,3,3,q_147200,False,0.0,7144.0
gpt_4o,multihop,3,3,q_987193,False,0.0,7138.0
gpt_4o,multihop,3,3,q_142070,False,0.0,8039.0
gpt_4o,multihop,1,1,q_564488,True,1.0,885.0
gpt_4o,multihop,1,1,q_383626,True,1.0,963.0
gpt_4o,multihop,1,1,q_167167,True,1.0,1102.0
gpt_4o,multihop,1,2,q_528251,True,1.0,705.0
gpt_4o,multihop,1,2,q_234862,True,1.0,806.0
gpt_4o,multihop,1,2,q_323749,True,1.0,933.0
gpt_4o,multihop,1,3,q_686839,True,1.0,752.0
gpt_4o,multihop,1,3,q_730503,True,1.0,822.0
gpt_4o,multihop,1,3,q_680902,True,1.0,741.0
gpt_4o,multihop,1,3,q_253883,True,1.0,814.0
gpt_4o,multihop,1,3,q_893805,True,1.0,855.0
gpt_4o,multihop,1,3,q_292391,True,1.0,840.0
gpt_4o,multihop,1,3,q_683282,True,1.0,897.0
gpt_4o,multihop,1,3,q_274616,True,1.0,876.0
gpt_4o,multihop,1,3,q_803302,True,1.0,1042.0
gpt_4o,multihop,1,3,q_475291,True,1.0,957.0
gpt_4o,multihop,4,1,q_644645,False,0.0,24955.0
gpt_4o,multihop,4,1,q_117572,False,0.0,25031.0
gpt_4o,multihop,4,1,q_780685,True,1.0,24966.0
gpt_4o,multihop,4,1,q_670884,True,1.0,24977.0
gpt_4o,multihop,4,1,q_786396,False,0.0,25051.0
gpt_4o,multihop,4,1,q_241793,False,0.0,24984.0
gpt_4o,multihop,4,1,q_932696,False,0.0,24969.0
gpt_4o,multihop,4,1,q_941497,True,1.0,25253.0
gpt_4o,multihop,4,1,q_626920,True,1.0,25258.0
gpt_4o,multihop,4,1,q_503690,True,1.0,24996.0
gpt_4o,multihop,4,2,q_713951,False,0.0,16626.0
gpt_4o,multihop,4,2,q_243014,False,0.0,16635.0
gpt_4o,multihop,4,2,q_450525,False,0.0,16649.0
gpt_4o,multihop,4,2,q_963388,True,1.0,16563.0
gpt_4o,multihop,4,2,q_721809,False,0.0,16687.0
gpt_4o,multihop,4,2,q_439336,False,0.0,16670.0
gpt_4o,multihop,4,2,q_941258,True,1.0,16666.0
gpt_4o,multihop,4,2,q_386560,True,1.0,16788.0
gpt_4o,multihop,4,2,q_454279,False,0.0,16979.0
gpt_4o,multihop,4,2,q_638331,False,0.0,16623.0
gpt_4o,multihop,4,3,q_525142,False,0.0,28521.0
gpt_4o,multihop,4,3,q_100612,False,0.0,28523.0
gpt_4o,multihop,4,3,q_637950,False,0.0,28531.0
gpt_4o,multihop,4,3,q_608862,False,0.0,28591.0
gpt_4o,multihop,4,3,q_144829,True,1.0,28743.0
gpt_4o,multihop,4,3,q_982362,True,1.0,28533.0
gpt_4o,multihop,4,3,q_273439,True,1.0,28626.0
gpt_4o,multihop,4,3,q_726917,True,1.0,28659.0
gpt_4o,multihop,4,3,q_885910,False,0.0,28554.0
gpt_4o,multihop,4,3,q_778850,False,0.0,28525.0
gpt_4o,hierarchical,2,1,q_664453,True,1.0,771.0
gpt_4o,hierarchical,2,1,q_705693,True,1.0,753.0
gpt_4o,hierarchical,2,1,q_770896,True,1.0,753.0
gpt_4o,hierarchical,2,1,q_275237,True,1.0,746.0
gpt_4o,hierarchical,2,1,q_904893,True,1.0,770.0
gpt_4o,hierarchical,2,1,q_712590,True,1.0,718.0
gpt_4o,hierarchical,2,1,q_390877,True,1.0,753.0
gpt_4o,hierarchical,2,1,q_901266,True,1.0,762.0
gpt_4o,hierarchical,2,1,q_184621,True,1.0,746.0
gpt_4o,hierarchical,2,1,q_322710,True,1.0,797.0
gpt_4o,hierarchical,2,2,q_429016,True,1.0,582.0
gpt_4o,hierarchical,2,2,q_871434,True,1.0,587.0
gpt_4o,hierarchical,2,2,q_642240,True,1.0,581.0
gpt_4o,hierarchical,2,2,q_531167,True,1.0,588.0
gpt_4o,hierarchical,2,2,q_757781,True,1.0,587.0
gpt_4o,hierarchical,2,2,q_993314,True,1.0,638.0
gpt_4o,hierarchical,2,2,q_700008,True,1.0,581.0
gpt_4o,hierarchical,2,2,q_274008,True,1.0,633.0
gpt_4o,hierarchical,2,2,q_478914,True,1.0,599.0
gpt_4o,hierarchical,2,2,q_316392,True,1.0,629.0
gpt_4o,hierarchical,2,3,q_544245,True,1.0,592.0
gpt_4o,hierarchical,2,3,q_514106,True,1.0,613.0
gpt_4o,hierarchical,2,3,q_485687,True,1.0,612.0
gpt_4o,hierarchical,2,3,q_994582,True,1.0,603.0
gpt_4o,hierarchical,2,3,q_588605,True,1.0,598.0
gpt_4o,hierarchical,2,3,q_730919,True,1.0,629.0
gpt_4o,hierarchical,2,3,q_190862,True,1.0,600.0
gpt_4o,hierarchical,2,3,q_884440,True,1.0,626.0
gpt_4o,hierarchical,2,3,q_585598,True,1.0,617.0
gpt_4o,hierarchical,2,3,q_396279,False,0.0,634.0
gpt_4o,hierarchical,3,1,q_542854,True,1.0,830.0
gpt_4o,hierarchical,3,1,q_719006,True,1.0,852.0
gpt_4o,hierarchical,3,1,q_797357,True,1.0,930.0
gpt_4o,hierarchical,3,1,q_405713,False,0.0,869.0
gpt_4o,hierarchical,3,1,q_208020,False,0.0,894.0
gpt_4o,hierarchical,3,1,q_525098,True,1.0,913.0
gpt_4o,hierarchical,3,1,q_470401,True,1.0,859.0
gpt_4o,hierarchical,3,1,q_625450,True,1.0,862.0
gpt_4o,hierarchical,3,1,q_666755,False,0.0,896.0
gpt_4o,hierarchical,3,1,q_940613,True,1.0,909.0
gpt_4o,hierarchical,3,2,q_186882,True,1.0,776.0
gpt_4o,hierarchical,3,2,q_133184,True,1.0,791.0
gpt_4o,hierarchical,3,2,q_563799,True,1.0,802.0
gpt_4o,hierarchical,3,2,q_502913,True,1.0,839.0
gpt_4o,hierarchical,3,2,q_437762,True,1.0,871.0
gpt_4o,hierarchical,3,2,q_724762,True,1.0,822.0
gpt_4o,hierarchical,3,2,q_402275,True,1.0,829.0
gpt_4o,hierarchical,3,2,q_696255,True,1.0,913.0
gpt_4o,hierarchical,3,2,q_858963,True,1.0,871.0
gpt_4o,hierarchical,3,2,q_200928,False,0.0,872.0
gpt_4o,hierarchical,3,3,q_835301,True,1.0,796.0
gpt_4o,hierarchical,3,3,q_607324,True,1.0,814.0
gpt_4o,hierarchical,3,3,q_937062,True,1.0,873.0
gpt_4o,hierarchical,3,3,q_715046,True,1.0,838.0
gpt_4o,hierarchical,3,3,q_820824,True,1.0,863.0
gpt_4o,hierarchical,3,3,q_205518,True,1.0,878.0
gpt_4o,hierarchical,3,3,q_548586,True,1.0,863.0
gpt_4o,hierarchical,3,3,q_954521,True,1.0,885.0
gpt_4o,hierarchical,3,3,q_216158,True,1.0,877.0
gpt_4o,hierarchical,3,3,q_695563,True,1.0,908.0
gpt_4o,hierarchical,1,1,q_424489,True,1.0,312.0
gpt_4o,hierarchical,1,1,q_612845,True,1.0,362.0
gpt_4o,hierarchical,1,2,q_864609,True,1.0,363.0
gpt_4o,hierarchical,1,2,q_693014,True,1.0,397.0
gpt_4o,hierarchical,1,2,q_232668,True,1.0,414.0
gpt_4o,hierarchical,1,2,q_190768,True,1.0,385.0
gpt_4o,hierarchical,1,2,q_561902,True,1.0,392.0
gpt_4o,hierarchical,1,2,q_751175,True,1.0,399.0
gpt_4o,hierarchical,1,2,q_735939,True,1.0,406.0
gpt_4o,hierarchical,1,2,q_756368,True,1.0,436.0
gpt_4o,hierarchical,1,3,q_308078,True,1.0,361.0
gpt_4o,hierarchical,1,3,q_448805,True,1.0,361.0
gpt_4o,hierarchical,1,3,q_472113,True,1.0,346.0
gpt_4o,hierarchical,1,3,q_511813,True,1.0,372.0
gpt_4o,hierarchical,1,3,q_673386,True,1.0,362.0
gpt_4o,hierarchical,1,3,q_575625,True,1.0,362.0
gpt_4o,hierarchical,4,1,q_910720,True,1.0,1468.0
gpt_4o,hierarchical,4,1,q_114328,True,1.0,1467.0
gpt_4o,hierarchical,4,1,q_941734,True,1.0,1482.0
gpt_4o,hierarchical,4,1,q_587640,True,1.0,1441.0
gpt_4o,hierarchical,4,1,q_143627,True,1.0,1507.0
gpt_4o,hierarchical,4,1,q_789186,True,1.0,1484.0
gpt_4o,hierarchical,4,1,q_269301,True,1.0,1461.0
gpt_4o,hierarchical,4,1,q_370991,True,1.0,1463.0
gpt_4o,hierarchical,4,1,q_629457,True,1.0,1507.0
gpt_4o,hierarchical,4,1,q_472333,True,1.0,1602.0
gpt_4o,hierarchical,4,2,q_788226,True,1.0,1592.0
gpt_4o,hierarchical,4,2,q_157858,True,1.0,1609.0
gpt_4o,hierarchical,4,2,q_811784,True,1.0,1616.0
gpt_4o,hierarchical,4,2,q_868670,True,1.0,1595.0
gpt_4o,hierarchical,4,2,q_166068,True,1.0,1562.0
gpt_4o,hierarchical,4,2,q_738154,True,1.0,1561.0
gpt_4o,hierarchical,4,2,q_177961,False,0.5,1720.0
gpt_4o,hierarchical,4,2,q_289826,True,1.0,1597.0
gpt_4o,hierarchical,4,2,q_493004,True,1.0,1577.0
gpt_4o,hierarchical,4,2,q_983532,True,1.0,1648.0
gpt_4o,hierarchical,4,3,q_895813,True,1.0,1557.0
gpt_4o,hierarchical,4,3,q_898760,True,1.0,1593.0
gpt_4o,hierarchical,4,3,q_144790,True,1.0,1564.0
gpt_4o,hierarchical,4,3,q_676972,True,1.0,1590.0
gpt_4o,hierarchical,4,3,q_962387,True,1.0,1550.0
gpt_4o,hierarchical,4,3,q_112425,True,1.0,1589.0
gpt_4o,hierarchical,4,3,q_589161,True,1.0,1535.0
gpt_4o,hierarchical,4,3,q_573717,True,1.0,1547.0
gpt_4o,hierarchical,4,3,q_497258,True,1.0,1658.0
gpt_4o,hierarchical,4,3,q_762982,True,1.0,1660.0
gpt_4o,temporal,2,1,q_802957,False,0.0,839.0
gpt_4o,temporal,2,1,q_673027,False,0.0,727.0
gpt_4o,temporal,2,1,q_272731,True,1.0,673.0
gpt_4o,temporal,2,1,q_723108,True,1.0,656.0
gpt_4o,temporal,2,1,q_341223,True,1.0,677.0
gpt_4o,temporal,2,1,q_110981,True,1.0,722.0
gpt_4o,temporal,2,1,q_248549,True,1.0,689.0
gpt_4o,temporal,2,1,q_864552,False,0.0,727.0
gpt_4o,temporal,2,1,q_455497,True,1.0,689.0
gpt_4o,temporal,2,1,q_605459,False,0.0,695.0
gpt_4o,temporal,2,2,q_191706,True,1.0,680.0
gpt_4o,temporal,2,2,q_818838,True,1.0,640.0
gpt_4o,temporal,2,2,q_808189,True,1.0,838.0
gpt_4o,temporal,2,2,q_357629,True,1.0,781.0
gpt_4o,temporal,2,2,q_236344,True,1.0,580.0
gpt_4o,temporal,2,2,q_208237,False,0.0,704.0
gpt_4o,temporal,2,2,q_367863,True,1.0,642.0
gpt_4o,temporal,2,2,q_152795,True,1.0,728.0
gpt_4o,temporal,2,2,q_792135,True,1.0,800.0
gpt_4o,temporal,2,2,q_244619,True,1.0,852.0
gpt_4o,temporal,2,3,q_281602,True,1.0,1067.0
gpt_4o,temporal,2,3,q_358254,True,1.0,791.0
gpt_4o,temporal,2,3,q_694498,False,0.0,978.0
gpt_4o,temporal,2,3,q_575668,False,0.0,1111.0
gpt_4o,temporal,2,3,q_118947,False,0.0,952.0
gpt_4o,temporal,2,3,q_675453,False,0.0,809.0
gpt_4o,temporal,2,3,q_589852,True,1.0,1251.0
gpt_4o,temporal,2,3,q_363444,True,1.0,1124.0
gpt_4o,temporal,2,3,q_169346,True,1.0,1027.0
gpt_4o,temporal,2,3,q_557594,False,0.0,1250.0
gpt_4o,temporal,3,1,q_675648,True,1.0,713.0
gpt_4o,temporal,3,1,q_856132,True,1.0,710.0
gpt_4o,temporal,3,1,q_155484,False,0.0,1059.0
gpt_4o,temporal,3,1,q_175464,False,0.0,943.0
gpt_4o,temporal,3,1,q_908915,True,1.0,930.0
gpt_4o,temporal,3,1,q_640403,True,1.0,923.0
gpt_4o,temporal,3,1,q_223156,True,1.0,737.0
gpt_4o,temporal,3,1,q_297677,False,0.0,745.0
gpt_4o,temporal,3,1,q_398072,True,1.0,1170.0
gpt_4o,temporal,3,1,q_462307,False,0.0,1210.0
gpt_4o,temporal,3,2,q_791806,True,1.0,889.0
gpt_4o,temporal,3,2,q_584318,True,1.0,672.0
gpt_4o,temporal,3,2,q_754803,True,1.0,665.0
gpt_4o,temporal,3,2,q_975143,True,1.0,632.0
gpt_4o,temporal,3,2,q_951002,True,1.0,1012.0
gpt_4o,temporal,3,2,q_246608,True,1.0,949.0
gpt_4o,temporal,3,2,q_637571,True,1.0,1153.0
gpt_4o,temporal,3,2,q_688099,True,1.0,746.0
gpt_4o,temporal,3,2,q_880410,True,1.0,697.0
gpt_4o,temporal,3,2,q_659379,True,1.0,1096.0
gpt_4o,temporal,3,3,q_499898,True,1.0,739.0
gpt_4o,temporal,3,3,q_491097,True,1.0,766.0
gpt_4o,temporal,3,3,q_480869,True,1.0,760.0
gpt_4o,temporal,3,3,q_204372,True,1.0,799.0
gpt_4o,temporal,3,3,q_810293,False,0.0,873.0
gpt_4o,temporal,3,3,q_199612,True,1.0,1305.0
gpt_4o,temporal,3,3,q_961435,True,1.0,962.0
gpt_4o,temporal,3,3,q_894845,True,1.0,1012.0
gpt_4o,temporal,3,3,q_740968,True,1.0,1079.0
gpt_4o,temporal,3,3,q_303086,True,1.0,868.0
gpt_4o,temporal,1,1,q_188062,False,0.0,750.0
gpt_4o,temporal,1,1,q_256351,False,0.0,838.0
gpt_4o,temporal,1,1,q_958081,True,1.0,800.0
gpt_4o,temporal,1,1,q_345632,True,1.0,759.0
gpt_4o,temporal,1,1,q_649587,False,0.0,901.0
gpt_4o,temporal,1,1,q_736762,True,1.0,775.0
gpt_4o,temporal,1,1,q_277684,True,1.0,646.0
gpt_4o,temporal,1,1,q_677642,False,0.0,733.0
gpt_4o,temporal,1,1,q_603960,False,0.0,840.0
gpt_4o,temporal,1,2,q_612510,True,1.0,833.0
gpt_4o,temporal,1,2,q_646878,True,1.0,759.0
gpt_4o,temporal,1,2,q_386081,True,1.0,821.0
gpt_4o,temporal,1,2,q_315828,True,1.0,759.0
gpt_4o,temporal,1,2,q_261791,True,1.0,818.0
gpt_4o,temporal,1,2,q_812976,True,1.0,976.0
gpt_4o,temporal,1,2,q_395337,True,1.0,831.0
gpt_4o,temporal,1,2,q_338252,True,1.0,876.0
gpt_4o,temporal,1,2,q_431821,True,1.0,759.0
gpt_4o,temporal,1,2,q_224139,True,1.0,714.0
gpt_4o,temporal,1,3,q_787594,True,1.0,676.0
gpt_4o,temporal,1,3,q_879712,True,1.0,546.0
gpt_4o,temporal,1,3,q_594214,True,1.0,1011.0
gpt_4o,temporal,1,3,q_482716,False,0.0,945.0
gpt_4o,temporal,1,3,q_609142,True,1.0,743.0
gpt_4o,temporal,1,3,q_534995,False,0.0,853.0
gpt_4o,temporal,1,3,q_382437,True,1.0,644.0
gpt_4o,temporal,1,3,q_367289,True,1.0,708.0
gpt_4o,temporal,1,3,q_863402,False,0.0,794.0
gpt_4o,temporal,4,1,q_732992,True,1.0,770.0
gpt_4o,temporal,4,1,q_306979,True,1.0,794.0
gpt_4o,temporal,4,1,q_461090,True,1.0,816.0
gpt_4o,temporal,4,1,q_864187,True,1.0,772.0
gpt_4o,temporal,4,1,q_479999,False,0.0,1114.0
gpt_4o,temporal,4,1,q_863112,False,0.0,882.0
gpt_4o,temporal,4,1,q_727668,True,1.0,988.0
gpt_4o,temporal,4,1,q_370551,False,0.0,1008.0
gpt_4o,temporal,4,1,q_981788,False,0.0,1019.0
gpt_4o,temporal,4,1,q_715385,False,0.0,1042.0
gpt_4o,temporal,4,2,q_223469,True,1.0,610.0
gpt_4o,temporal,4,2,q_178323,True,1.0,993.0
gpt_4o,temporal,4,2,q_452271,True,1.0,1067.0
gpt_4o,temporal,4,2,q_660466,True,1.0,788.0
gpt_4o,temporal,4,2,q_469384,True,1.0,648.0
gpt_4o,temporal,4,2,q_413629,True,1.0,959.0
gpt_4o,temporal,4,2,q_910471,True,1.0,939.0
gpt_4o,temporal,4,2,q_889583,True,1.0,888.0
gpt_4o,temporal,4,2,q_652945,True,1.0,1052.0
gpt_4o,temporal,4,2,q_159790,True,1.0,1111.0
gpt_4o,temporal,4,3,q_303853,True,1.0,659.0
gpt_4o,temporal,4,3,q_763519,True,1.0,650.0
gpt_4o,temporal,4,3,q_720968,True,1.0,860.0
gpt_4o,temporal,4,3,q_302794,True,1.0,922.0
gpt_4o,temporal,4,3,q_382114,True,1.0,1126.0
gpt_4o,temporal,4,3,q_555992,True,1.0,888.0
gpt_4o,temporal,4,3,q_297453,True,1.0,1001.0
gpt_4o,temporal,4,3,q_136085,False,0.0,739.0
gpt_4o,temporal,4,3,q_364638,True,1.0,999.0
gpt_4o,temporal,4,3,q_975021,False,0.0,747.0
gpt_4o,weighted,2,1,q_872439,True,1.0,1127.0
gpt_4o,weighted,2,1,q_525126,True,1.0,1139.0
gpt_4o,weighted,2,1,q_213872,True,1.0,1175.0
gpt_4o,weighted,2,1,q_634355,False,0.0,1350.0
gpt_4o,weighted,2,1,q_863464,False,0.0,1399.0
gpt_4o,weighted,2,1,q_861611,True,1.0,1862.0
gpt_4o,weighted,2,1,q_753276,True,1.0,1395.0
gpt_4o,weighted,2,1,q_298733,False,1.0,1328.0
gpt_4o,weighted,2,1,q_356749,False,1.0,1497.0
gpt_4o,weighted,2,1,q_922981,False,0.0,1421.0
gpt_4o,weighted,2,2,q_314972,True,1.0,1280.0
gpt_4o,weighted,2,2,q_454334,True,1.0,1281.0
gpt_4o,weighted,2,2,q_545467,True,1.0,1265.0
gpt_4o,weighted,2,2,q_935784,False,1.0,1367.0
gpt_4o,weighted,2,2,q_972070,False,0.8,1759.0
gpt_4o,weighted,2,2,q_481529,True,1.0,1513.0
gpt_4o,weighted,2,2,q_267504,False,0.0,1632.0
gpt_4o,weighted,2,2,q_991319,True,1.0,1791.0
gpt_4o,weighted,2,2,q_204158,True,1.0,2256.0
gpt_4o,weighted,2,2,q_944239,False,0.0,2132.0
gpt_4o,weighted,2,3,q_482251,True,1.0,1010.0
gpt_4o,weighted,2,3,q_370470,False,0.3333333333333333,1152.0
gpt_4o,weighted,2,3,q_566988,True,1.0,1194.0
gpt_4o,weighted,2,3,q_661709,False,0.0,1163.0
gpt_4o,weighted,2,3,q_599298,True,1.0,1588.0
gpt_4o,weighted,2,3,q_713462,True,1.0,1242.0
gpt_4o,weighted,2,3,q_389834,False,0.0,1270.0
gpt_4o,weighted,2,3,q_639526,False,1.0,1337.0
gpt_4o,weighted,2,3,q_152619,True,1.0,1239.0
gpt_4o,weighted,2,3,q_122575,False,1.0,1143.0
gpt_4o,weighted,3,1,q_278076,True,1.0,2741.0
gpt_4o,weighted,3,1,q_865549,True,1.0,2753.0
gpt_4o,weighted,3,1,q_997774,True,1.0,2764.0
gpt_4o,weighted,3,1,q_573613,False,0.0,3078.0
gpt_4o,weighted,3,1,q_109581,False,0.0,3300.0
gpt_4o,weighted,3,1,q_305456,False,1.0,3068.0
gpt_4o,weighted,3,1,q_508273,False,0.0,3494.0
gpt_4o,weighted,3,1,q_361679,False,0.2222222222222222,2984.0
gpt_4o,weighted,3,1,q_858350,False,1.0,3540.0
gpt_4o,weighted,3,1,q_529992,False,0.5,3297.0
gpt_4o,weighted,3,2,q_615025,True,1.0,2417.0
gpt_4o,weighted,3,2,q_921827,True,1.0,2434.0
gpt_4o,weighted,3,2,q_436836,True,1.0,2429.0
gpt_4o,weighted,3,2,q_163034,True,1.0,2449.0
gpt_4o,weighted,3,2,q_688191,True,1.0,2586.0
gpt_4o,weighted,3,2,q_330900,True,1.0,2602.0
gpt_4o,weighted,3,2,q_994296,False,0.75,2543.0
gpt_4o,weighted,3,2,q_843520,False,0.0,3646.0
gpt_4o,weighted,3,2,q_723334,False,1.0,2609.0
gpt_4o,weighted,3,2,q_749733,False,0.0,4817.0
gpt_4o,weighted,3,3,q_730666,True,1.0,3003.0
gpt_4o,weighted,3,3,q_374718,True,1.0,3361.0
gpt_4o,weighted,3,3,q_257518,True,1.0,3339.0
gpt_4o,weighted,3,3,q_787516,False,0.0,3598.0
gpt_4o,weighted,3,3,q_220189,True,1.0,3174.0
gpt_4o,weighted,3,3,q_719781,True,1.0,3347.0
gpt_4o,weighted,3,3,q_219727,False,0.0,3787.0
gpt_4o,weighted,3,3,q_832605,False,0.0,4195.0
gpt_4o,weighted,3,3,q_402899,False,0.625,19320.0
gpt_4o,weighted,3,3,q_105589,True,1.0,3170.0
gpt_4o,weighted,1,1,q_133167,True,1.0,876.0
gpt_4o,weighted,1,1,q_816058,True,1.0,910.0
gpt_4o,weighted,1,1,q_660959,True,1.0,1010.0
gpt_4o,weighted,1,1,q_713576,True,1.0,988.0
gpt_4o,weighted,1,2,q_678269,True,1.0,640.0
gpt_4o,weighted,1,2,q_940931,True,1.0,647.0
gpt_4o,weighted,1,2,q_225277,True,1.0,668.0
gpt_4o,weighted,1,2,q_464951,True,1.0,914.0
gpt_4o,weighted,1,2,q_249018,True,1.0,1020.0
gpt_4o,weighted,1,2,q_154957,True,1.0,1140.0
gpt_4o,weighted,1,2,q_706270,True,1.0,1136.0
gpt_4o,weighted,1,3,q_688231,True,1.0,696.0
gpt_4o,weighted,1,3,q_129000,True,1.0,892.0
gpt_4o,weighted,1,3,q_898257,True,1.0,882.0
gpt_4o,weighted,1,3,q_791935,True,1.0,1020.0
gpt_4o,weighted,1,3,q_533661,True,1.0,985.0
gpt_4o,weighted,4,1,q_516057,True,1.0,4717.0
gpt_4o,weighted,4,1,q_195008,True,1.0,4773.0
gpt_4o,weighted,4,1,q_219923,True,1.0,4744.0
gpt_4o,weighted,4,1,q_164260,True,1.0,4725.0
gpt_4o,weighted,4,1,q_247307,True,1.0,4740.0
gpt_4o,weighted,4,1,q_935250,False,0.0,5067.0
gpt_4o,weighted,4,1,q_596680,False,1.0,4853.0
gpt_4o,weighted,4,1,q_816349,False,0.2,4815.0
gpt_4o,weighted,4,1,q_169355,False,0.0,5047.0
gpt_4o,weighted,4,1,q_199206,False,0.0,21026.0
gpt_4o,weighted,4,2,q_136155,True,1.0,7178.0
gpt_4o,weighted,4,2,q_258796,True,1.0,7201.0
gpt_4o,weighted,4,2,q_983936,True,1.0,7188.0
gpt_4o,weighted,4,2,q_297507,True,1.0,7316.0
gpt_4o,weighted,4,2,q_329987,False,0.0,7552.0
gpt_4o,weighted,4,2,q_547481,True,1.0,7422.0
gpt_4o,weighted,4,2,q_270515,True,1.0,7501.0
gpt_4o,weighted,4,2,q_540959,False,0.0,15092.0
gpt_4o,weighted,4,2,q_918124,True,1.0,7395.0
gpt_4o,weighted,4,2,q_596270,False,0.4,7649.0
gpt_4o,weighted,4,3,q_347471,True,1.0,5029.0
gpt_4o,weighted,4,3,q_128033,True,1.0,5037.0
gpt_4o,weighted,4,3,q_137161,True,1.0,5029.0
gpt_4o,weighted,4,3,q_922727,True,1.0,5033.0
gpt_4o,weighted,4,3,q_892733,True,1.0,5065.0
gpt_4o,weighted,4,3,q_136965,False,0.3333333333333333,5156.0
gpt_4o,weighted,4,3,q_352595,False,0.0,6085.0
gpt_4o,weighted,4,3,q_988888,False,0.0,5516.0
gpt_4o,weighted,4,3,q_408296,False,0.0,12116.0
gpt_4o,weighted,4,3,q_796298,False,0.6,5296.0
gpt_4o,conflicting,2,1,q_882346,True,1.0,1314.0
gpt_4o,conflicting,2,1,q_540576,True,1.0,1320.0
gpt_4o,conflicting,2,1,q_958792,True,1.0,1330.0
gpt_4o,conflicting,2,1,q_889237,False,0.0,1460.0
gpt_4o,conflicting,2,1,q_477375,True,1.0,1374.0
gpt_4o,conflicting,2,1,q_421190,True,1.0,1420.0
gpt_4o,conflicting,2,1,q_886852,True,1.0,1357.0
gpt_4o,conflicting,2,1,q_898079,True,1.0,1434.0
gpt_4o,conflicting,2,1,q_796482,False,0.0,1440.0
gpt_4o,conflicting,2,1,q_155096,True,1.0,1371.0
gpt_4o,conflicting,2,2,q_248231,True,1.0,1389.0
gpt_4o,conflicting,2,2,q_662192,True,1.0,1507.0
gpt_4o,conflicting,2,2,q_394127,True,1.0,1476.0
gpt_4o,conflicting,2,2,q_640334,False,0.0,1471.0
gpt_4o,conflicting,2,2,q_800533,True,1.0,1430.0
gpt_4o,conflicting,2,2,q_264795,True,1.0,1440.0
gpt_4o,conflicting,2,2,q_467679,True,1.0,1447.0
gpt_4o,conflicting,2,2,q_834874,False,0.0,1563.0
gpt_4o,conflicting,2,2,q_439854,True,1.0,1428.0
gpt_4o,conflicting,2,2,q_725868,True,1.0,1540.0
gpt_4o,conflicting,2,3,q_942650,True,1.0,1397.0
gpt_4o,conflicting,2,3,q_887730,True,1.0,1377.0
gpt_4o,conflicting,2,3,q_671748,True,1.0,1399.0
gpt_4o,conflicting,2,3,q_658473,False,0.0,1461.0
gpt_4o,conflicting,2,3,q_271826,True,1.0,1378.0
gpt_4o,conflicting,2,3,q_282933,True,1.0,1468.0
gpt_4o,conflicting,2,3,q_954064,True,1.0,1479.0
gpt_4o,conflicting,2,3,q_459027,True,1.0,1704.0
gpt_4o,conflicting,2,3,q_664111,True,1.0,1382.0
gpt_4o,conflicting,2,3,q_794697,True,1.0,1766.0
gpt_4o,conflicting,3,1,q_279628,True,1.0,2028.0
gpt_4o,conflicting,3,1,q_846391,True,1.0,2042.0
gpt_4o,conflicting,3,1,q_839143,True,1.0,1910.0
gpt_4o,conflicting,3,1,q_667636,True,1.0,1883.0
gpt_4o,conflicting,3,1,q_354017,False,0.0,2188.0
gpt_4o,conflicting,3,1,q_445554,True,1.0,2380.0
gpt_4o,conflicting,3,1,q_532864,False,0.0,2283.0
gpt_4o,conflicting,3,1,q_157869,True,1.0,2305.0
gpt_4o,conflicting,3,1,q_277988,True,1.0,2321.0
gpt_4o,conflicting,3,1,q_916867,False,0.0,18198.0
gpt_4o,conflicting,3,2,q_118146,True,1.0,2201.0
gpt_4o,conflicting,3,2,q_965853,False,0.0,2194.0
gpt_4o,conflicting,3,2,q_164280,True,1.0,2143.0
gpt_4o,conflicting,3,2,q_991823,False,0.0,2106.0
gpt_4o,conflicting,3,2,q_660859,False,0.0,2210.0
gpt_4o,conflicting,3,2,q_276255,True,1.0,2333.0
gpt_4o,conflicting,3,2,q_667304,False,0.0,2195.0
gpt_4o,conflicting,3,2,q_653902,True,1.0,2199.0
gpt_4o,conflicting,3,2,q_994981,True,1.0,2199.0
gpt_4o,conflicting,3,2,q_946374,True,1.0,2343.0
gpt_4o,conflicting,3,3,q_229794,True,1.0,2100.0
gpt_4o,conflicting,3,3,q_153735,True,1.0,2014.0
gpt_4o,conflicting,3,3,q_201497,True,1.0,1938.0
gpt_4o,conflicting,3,3,q_272455,True,1.0,2110.0
gpt_4o,conflicting,3,3,q_410320,True,1.0,1945.0
gpt_4o,conflicting,3,3,q_294507,True,1.0,2134.0
gpt_4o,conflicting,3,3,q_149945,False,0.0,2093.0
gpt_4o,conflicting,3,3,q_727217,True,1.0,2022.0
gpt_4o,conflicting,3,3,q_416863,True,1.0,2207.0
gpt_4o,conflicting,3,3,q_532702,True,1.0,2199.0
gpt_4o,conflicting,1,1,q_920055,True,1.0,1290.0
gpt_4o,conflicting,1,1,q_223415,True,1.0,1287.0
gpt_4o,conflicting,1,1,q_665549,True,1.0,1247.0
gpt_4o,conflicting,1,1,q_146868,True,1.0,1152.0
gpt_4o,conflicting,1,1,q_161940,False,0.0,1246.0
gpt_4o,conflicting,1,1,q_836946,True,1.0,1148.0
gpt_4o,conflicting,1,1,q_525845,True,1.0,1286.0
gpt_4o,conflicting,1,1,q_372812,True,1.0,1331.0
gpt_4o,conflicting,1,1,q_127936,True,1.0,1219.0
gpt_4o,conflicting,1,1,q_532309,True,1.0,1264.0
gpt_4o,conflicting,1,2,q_731920,True,1.0,1177.0
gpt_4o,conflicting,1,2,q_721715,True,1.0,1266.0
gpt_4o,conflicting,1,2,q_940328,True,1.0,1166.0
gpt_4o,conflicting,1,2,q_368892,True,1.0,1126.0
gpt_4o,conflicting,1,2,q_329093,True,1.0,1176.0
gpt_4o,conflicting,1,2,q_942955,True,1.0,1266.0
gpt_4o,conflicting,1,2,q_953208,True,1.0,1277.0
gpt_4o,conflicting,1,2,q_925167,True,1.0,1265.0
gpt_4o,conflicting,1,2,q_350021,True,1.0,1116.0
gpt_4o,conflicting,1,2,q_245002,False,0.0,1172.0
gpt_4o,conflicting,1,3,q_863441,True,1.0,1159.0
gpt_4o,conflicting,1,3,q_994684,True,1.0,1131.0
gpt_4o,conflicting,1,3,q_289394,True,1.0,1141.0
gpt_4o,conflicting,1,3,q_962684,True,1.0,1167.0
gpt_4o,conflicting,1,3,q_268990,True,1.0,1198.0
gpt_4o,conflicting,1,3,q_262964,False,0.0,1262.0
gpt_4o,conflicting,1,3,q_241313,False,0.0,1282.0
gpt_4o,conflicting,1,3,q_197624,True,1.0,1402.0
gpt_4o,conflicting,1,3,q_467762,True,1.0,1241.0
gpt_4o,conflicting,1,3,q_688137,False,0.0,1246.0
gpt_4o,conflicting,4,1,q_801489,True,1.0,3553.0
gpt_4o,conflicting,4,1,q_824339,True,1.0,3427.0
gpt_4o,conflicting,4,1,q_122222,False,0.0,3603.0
gpt_4o,conflicting,4,1,q_576428,True,1.0,3823.0
gpt_4o,conflicting,4,1,q_584767,True,1.0,3663.0
gpt_4o,conflicting,4,1,q_160988,True,1.0,3800.0
gpt_4o,conflicting,4,1,q_854515,True,1.0,3747.0
gpt_4o,conflicting,4,1,q_121542,False,0.0,3618.0
gpt_4o,conflicting,4,1,q_743721,True,1.0,3725.0
gpt_4o,conflicting,4,1,q_508581,True,1.0,3802.0
gpt_4o,conflicting,4,2,q_338545,False,0.0,3524.0
gpt_4o,conflicting,4,2,q_748584,False,0.0,3663.0
gpt_4o,conflicting,4,2,q_418204,False,0.0,3686.0
gpt_4o,conflicting,4,2,q_368500,True,1.0,3701.0
gpt_4o,conflicting,4,2,q_615458,False,0.0,3642.0
gpt_4o,conflicting,4,2,q_528408,False,0.0,3643.0
gpt_4o,conflicting,4,2,q_183386,False,0.0,3644.0
gpt_4o,conflicting,4,2,q_235972,False,0.0,3623.0
gpt_4o,conflicting,4,2,q_914815,True,1.0,3708.0
gpt_4o,conflicting,4,2,q_583104,False,0.0,3510.0
gpt_4o,conflicting,4,3,q_723915,True,1.0,3757.0
gpt_4o,conflicting,4,3,q_850359,True,1.0,3596.0
gpt_4o,conflicting,4,3,q_802777,True,1.0,3600.0
gpt_4o,conflicting,4,3,q_883159,False,0.0,3709.0
gpt_4o,conflicting,4,3,q_662973,True,1.0,3710.0
gpt_4o,conflicting,4,3,q_183171,True,1.0,3596.0
gpt_4o,conflicting,4,3,q_534834,True,1.0,4042.0
gpt_4o,conflicting,4,3,q_549637,False,0.0,3896.0
gpt_4o,conflicting,4,3,q_826096,True,1.0,4054.0
gpt_4o,conflicting,4,3,q_100757,False,0.0,4574.0
gpt_5_mini,multihop,2,1,q_378073,True,1.0,1988.0
gpt_5_mini,multihop,2,1,q_809401,True,1.0,2126.0
gpt_5_mini,multihop,2,1,q_782242,True,1.0,2161.0
gpt_5_mini,multihop,2,1,q_942912,True,1.0,2377.0
gpt_5_mini,multihop,2,1,q_327208,True,1.0,2378.0
gpt_5_mini,multihop,2,1,q_648931,True,1.0,2523.0
gpt_5_mini,multihop,2,1,q_619868,False,0.0,
gpt_5_mini,multihop,2,1,q_404139,False,0.0,2670.0
gpt_5_mini,multihop,2,1,q_986362,True,1.0,2794.0
gpt_5_mini,multihop,2,1,q_921620,False,0.0,
gpt_5_mini,multihop,2,2,q_823798,True,1.0,1005.0
gpt_5_mini,multihop,2,2,q_264873,True,1.0,1155.0
gpt_5_mini,multihop,2,2,q_845797,True,1.0,1244.0
gpt_5_mini,multihop,2,2,q_332261,True,1.0,1438.0
gpt_5_mini,multihop,2,2,q_352253,False,0.0,
gpt_5_mini,multihop,2,2,q_822987,True,1.0,1464.0
gpt_5_mini,multihop,2,2,q_468744,True,1.0,1882.0
gpt_5_mini,multihop,2,2,q_474168,True,1.0,1910.0
gpt_5_mini,multihop,2,2,q_899577,False,0.0,
gpt_5_mini,multihop,2,2,q_165693,True,1.0,2166.0
gpt_5_mini,multihop,2,3,q_311817,True,1.0,2226.0
gpt_5_mini,multihop,2,3,q_154389,True,1.0,2245.0
gpt_5_mini,multihop,2,3,q_668322,True,1.0,2191.0
gpt_5_mini,multihop,2,3,q_476218,True,1.0,2270.0
gpt_5_mini,multihop,2,3,q_456014,False,0.0,2359.0
gpt_5_mini,multihop,2,3,q_691332,True,1.0,2464.0
gpt_5_mini,multihop,2,3,q_276905,True,1.0,2425.0
gpt_5_mini,multihop,2,3,q_422113,False,0.0,2611.0
gpt_5_mini,multihop,2,3,q_273960,True,1.0,2673.0
gpt_5_mini,multihop,2,3,q_702979,True,1.0,2716.0
gpt_5_mini,multihop,3,1,q_110447,True,1.0,9720.0
gpt_5_mini,multihop,3,1,q_656389,False,0.0,9765.0
gpt_5_mini,multihop,3,1,q_970394,True,1.0,9769.0
gpt_5_mini,multihop,3,1,q_696500,False,0.0,9821.0
gpt_5_mini,multihop,3,1,q_949179,True,1.0,9898.0
gpt_5_mini,multihop,3,1,q_949742,True,1.0,10097.0
gpt_5_mini,multihop,3,1,q_171433,False,0.0,
gpt_5_mini,multihop,3,1,q_928183,False,0.0,
gpt_5_mini,multihop,3,1,q_711435,True,1.0,10308.0
gpt_5_mini,multihop,3,1,q_718331,True,1.0,10686.0
gpt_5_mini,multihop,3,2,q_645447,True,1.0,8422.0
gpt_5_mini,multihop,3,2,q_705550,False,0.5,8350.0
gpt_5_mini,multihop,3,2,q_136638,True,1.0,8347.0
gpt_5_mini,multihop,3,2,q_656667,False,0.0,8561.0
gpt_5_mini,multihop,3,2,q_407914,True,1.0,8602.0
gpt_5_mini,multihop,3,2,q_772039,False,0.0,
gpt_5_mini,multihop,3,2,q_236270,False,0.0,
gpt_5_mini,multihop,3,2,q_620975,True,1.0,8800.0
gpt_5_mini,multihop,3,2,q_238241,True,1.0,9102.0
gpt_5_mini,multihop,3,2,q_356683,True,1.0,8833.0
gpt_5_mini,multihop,3,3,q_142070,False,0.0,6912.0
gpt_5_mini,multihop,3,3,q_761818,False,0.0,6951.0
gpt_5_mini,multihop,3,3,q_145687,True,1.0,6980.0
gpt_5_mini,multihop,3,3,q_247843,True,1.0,7285.0
gpt_5_mini,multihop,3,3,q_987193,True,1.0,7251.0
gpt_5_mini,multihop,3,3,q_232217,True,1.0,7350.0
gpt_5_mini,multihop,3,3,q_147200,False,0.0,7490.0
gpt_5_mini,multihop,3,3,q_847630,True,1.0,7418.0
gpt_5_mini,multihop,3,3,q_225196,False,0.0,
gpt_5_mini,multihop,3,3,q_151997,False,0.0,
gpt_5_mini,multihop,1,1,q_383626,True,1.0,1108.0
gpt_5_mini,multihop,1,1,q_564488,True,1.0,1112.0
gpt_5_mini,multihop,1,1,q_167167,True,1.0,1045.0
gpt_5_mini,multihop,1,2,q_323749,True,1.0,1170.0
gpt_5_mini,multihop,1,2,q_234862,True,1.0,1255.0
gpt_5_mini,multihop,1,2,q_528251,False,0.0,1328.0
gpt_5_mini,multihop,1,3,q_253883,True,1.0,999.0
gpt_5_mini,multihop,1,3,q_730503,True,1.0,960.0
gpt_5_mini,multihop,1,3,q_292391,True,1.0,1013.0
gpt_5_mini,multihop,1,3,q_680902,False,0.0,1266.0
gpt_5_mini,multihop,1,3,q_475291,False,0.0,1042.0
gpt_5_mini,multihop,1,3,q_683282,False,0.0,1138.0
gpt_5_mini,multihop,1,3,q_274616,True,1.0,1536.0
gpt_5_mini,multihop,1,3,q_686839,True,1.0,1557.0
gpt_5_mini,multihop,1,3,q_803302,True,1.0,1591.0
gpt_5_mini,multihop,1,3,q_893805,False,0.0,1590.0
gpt_5_mini,multihop,4,1,q_670884,True,1.0,24928.0
gpt_5_mini,multihop,4,1,q_241793,False,0.0,
gpt_5_mini,multihop,4,1,q_644645,False,0.0,25389.0
gpt_5_mini,multihop,4,1,q_117572,True,1.0,25374.0
gpt_5_mini,multihop,4,1,q_626920,False,0.0,25463.0
gpt_5_mini,multihop,4,1,q_932696,True,1.0,25718.0
gpt_5_mini,multihop,4,1,q_780685,True,1.0,25568.0
gpt_5_mini,multihop,4,1,q_941497,False,0.0,
gpt_5_mini,multihop,4,1,q_503690,True,1.0,25662.0
gpt_5_mini,multihop,4,1,q_786396,False,0.0,
gpt_5_mini,multihop,4,2,q_713951,False,0.0,16785.0
gpt_5_mini,multihop,4,2,q_439336,False,0.0,16928.0
gpt_5_mini,multihop,4,2,q_386560,True,1.0,16940.0
gpt_5_mini,multihop,4,2,q_963388,True,1.0,17116.0
gpt_5_mini,multihop,4,2,q_243014,True,1.0,16989.0
gpt_5_mini,multihop,4,2,q_454279,False,0.0,16951.0
gpt_5_mini,multihop,4,2,q_941258,True,1.0,17179.0
gpt_5_mini,multihop,4,2,q_450525,True,1.0,17335.0
gpt_5_mini,multihop,4,2,q_638331,False,0.0,
gpt_5_mini,multihop,4,2,q_721809,False,0.0,
gpt_5_mini,multihop,4,3,q_144829,True,1.0,28464.0
gpt_5_mini,multihop,4,3,q_885910,True,1.0,28585.0
gpt_5_mini,multihop,4,3,q_273439,True,1.0,28551.0
gpt_5_mini,multihop,4,3,q_778850,True,1.0,28689.0
gpt_5_mini,multihop,4,3,q_726917,True,1.0,29111.0
gpt_5_mini,multihop,4,3,q_100612,True,1.0,28972.0
gpt_5_mini,multihop,4,3,q_637950,False,0.0,
gpt_5_mini,multihop,4,3,q_982362,True,1.0,29208.0
gpt_5_mini,multihop,4,3,q_525142,False,0.0,29327.0
gpt_5_mini,multihop,4,3,q_608862,False,0.0,
gpt_5_mini,hierarchical,2,1,q_712590,True,1.0,725.0
gpt_5_mini,hierarchical,2,1,q_664453,True,1.0,762.0
gpt_5_mini,hierarchical,2,1,q_901266,True,1.0,734.0
gpt_5_mini,hierarchical,2,1,q_770896,True,1.0,751.0
gpt_5_mini,hierarchical,2,1,q_184621,True,1.0,771.0
gpt_5_mini,hierarchical,2,1,q_322710,True,1.0,779.0
gpt_5_mini,hierarchical,2,1,q_904893,True,1.0,786.0
gpt_5_mini,hierarchical,2,1,q_390877,True,1.0,729.0
gpt_5_mini,hierarchical,2,1,q_705693,True,1.0,804.0
gpt_5_mini,hierarchical,2,1,q_275237,True,1.0,769.0
gpt_5_mini,hierarchical,2,2,q_531167,True,1.0,551.0
gpt_5_mini,hierarchical,2,2,q_316392,True,1.0,554.0
gpt_5_mini,hierarchical,2,2,q_871434,False,0.5,586.0
gpt_5_mini,hierarchical,2,2,q_993314,True,1.0,576.0
gpt_5_mini,hierarchical,2,2,q_757781,True,1.0,540.0
gpt_5_mini,hierarchical,2,2,q_274008,True,1.0,584.0
gpt_5_mini,hierarchical,2,2,q_700008,True,1.0,560.0
gpt_5_mini,hierarchical,2,2,q_642240,True,1.0,580.0
gpt_5_mini,hierarchical,2,2,q_478914,True,1.0,563.0
gpt_5_mini,hierarchical,2,2,q_429016,True,1.0,660.0
gpt_5_mini,hierarchical,2,3,q_190862,True,1.0,586.0
gpt_5_mini,hierarchical,2,3,q_730919,True,1.0,612.0
gpt_5_mini,hierarchical,2,3,q_514106,True,1.0,592.0
gpt_5_mini,hierarchical,2,3,q_585598,True,1.0,559.0
gpt_5_mini,hierarchical,2,3,q_485687,True,1.0,602.0
gpt_5_mini,hierarchical,2,3,q_544245,True,1.0,587.0
gpt_5_mini,hierarchical,2,3,q_588605,True,1.0,606.0
gpt_5_mini,hierarchical,2,3,q_884440,True,1.0,627.0
gpt_5_mini,hierarchical,2,3,q_396279,True,1.0,607.0
gpt_5_mini,hierarchical,2,3,q_994582,True,1.0,616.0
gpt_5_mini,hierarchical,3,1,q_940613,True,1.0,813.0
gpt_5_mini,hierarchical,3,1,q_525098,True,1.0,826.0
gpt_5_mini,hierarchical,3,1,q_797357,True,1.0,855.0
gpt_5_mini,hierarchical,3,1,q_542854,True,1.0,815.0
gpt_5_mini,hierarchical,3,1,q_405713,True,1.0,862.0
gpt_5_mini,hierarchical,3,1,q_625450,True,1.0,832.0
gpt_5_mini,hierarchical,3,1,q_208020,True,1.0,863.0
gpt_5_mini,hierarchical,3,1,q_470401,True,1.0,888.0
gpt_5_mini,hierarchical,3,1,q_719006,True,1.0,898.0
gpt_5_mini,hierarchical,3,1,q_666755,True,1.0,888.0
gpt_5_mini,hierarchical,3,2,q_437762,True,1.0,822.0
gpt_5_mini,hierarchical,3,2,q_502913,True,1.0,803.0
gpt_5_mini,hierarchical,3,2,q_402275,True,1.0,776.0
gpt_5_mini,hierarchical,3,2,q_696255,True,1.0,808.0
gpt_5_mini,hierarchical,3,2,q_563799,True,1.0,812.0
gpt_5_mini,hierarchical,3,2,q_133184,True,1.0,801.0
gpt_5_mini,hierarchical,3,2,q_186882,True,1.0,781.0
gpt_5_mini,hierarchical,3,2,q_858963,True,1.0,855.0
gpt_5_mini,hierarchical,3,2,q_724762,True,1.0,834.0
gpt_5_mini,hierarchical,3,2,q_200928,True,1.0,819.0
gpt_5_mini,hierarchical,3,3,q_835301,True,1.0,811.0
gpt_5_mini,hierarchical,3,3,q_715046,True,1.0,840.0
gpt_5_mini,hierarchical,3,3,q_937062,True,1.0,854.0
gpt_5_mini,hierarchical,3,3,q_216158,True,1.0,854.0
gpt_5_mini,hierarchical,3,3,q_820824,True,1.0,845.0
gpt_5_mini,hierarchical,3,3,q_548586,True,1.0,844.0
gpt_5_mini,hierarchical,3,3,q_607324,True,1.0,843.0
gpt_5_mini,hierarchical,3,3,q_695563,True,1.0,828.0
gpt_5_mini,hierarchical,3,3,q_954521,True,1.0,874.0
gpt_5_mini,hierarchical,3,3,q_205518,True,1.0,899.0
gpt_5_mini,hierarchical,1,1,q_612845,True,1.0,319.0
gpt_5_mini,hierarchical,1,1,q_424489,True,1.0,345.0
gpt_5_mini,hierarchical,1,2,q_232668,True,1.0,361.0
gpt_5_mini,hierarchical,1,2,q_864609,True,1.0,366.0
gpt_5_mini,hierarchical,1,2,q_693014,True,1.0,404.0
gpt_5_mini,hierarchical,1,2,q_190768,True,1.0,391.0
gpt_5_mini,hierarchical,1,2,q_735939,True,1.0,421.0
gpt_5_mini,hierarchical,1,2,q_756368,True,1.0,393.0
gpt_5_mini,hierarchical,1,2,q_751175,True,1.0,426.0
gpt_5_mini,hierarchical,1,2,q_561902,True,1.0,400.0
gpt_5_mini,hierarchical,1,3,q_673386,True,1.0,338.0
gpt_5_mini,hierarchical,1,3,q_472113,True,1.0,352.0
gpt_5_mini,hierarchical,1,3,q_511813,True,1.0,358.0
gpt_5_mini,hierarchical,1,3,q_575625,True,1.0,350.0
gpt_5_mini,hierarchical,1,3,q_308078,True,1.0,372.0
gpt_5_mini,hierarchical,1,3,q_448805,True,1.0,393.0
gpt_5_mini,hierarchical,4,1,q_910720,True,1.0,1437.0
gpt_5_mini,hierarchical,4,1,q_269301,True,1.0,1420.0
gpt_5_mini,hierarchical,4,1,q_629457,True,1.0,1463.0
gpt_5_mini,hierarchical,4,1,q_143627,True,1.0,1463.0
gpt_5_mini,hierarchical,4,1,q_370991,True,1.0,1456.0
gpt_5_mini,hierarchical,4,1,q_587640,True,1.0,1446.0
gpt_5_mini,hierarchical,4,1,q_114328,True,1.0,1475.0
gpt_5_mini,hierarchical,4,1,q_472333,True,1.0,1545.0
gpt_5_mini,hierarchical,4,1,q_941734,True,1.0,1494.0
gpt_5_mini,hierarchical,4,1,q_789186,True,1.0,1571.0
gpt_5_mini,hierarchical,4,2,q_157858,True,1.0,1573.0
gpt_5_mini,hierarchical,4,2,q_166068,True,1.0,1542.0
gpt_5_mini,hierarchical,4,2,q_983532,True,1.0,1586.0
gpt_5_mini,hierarchical,4,2,q_868670,True,1.0,1592.0
gpt_5_mini,hierarchical,4,2,q_811784,True,1.0,1596.0
gpt_5_mini,hierarchical,4,2,q_788226,True,1.0,1590.0
gpt_5_mini,hierarchical,4,2,q_493004,True,1.0,1629.0
gpt_5_mini,hierarchical,4,2,q_289826,True,1.0,1603.0
gpt_5_mini,hierarchical,4,2,q_177961,True,1.0,1579.0
gpt_5_mini,hierarchical,4,2,q_738154,True,1.0,1625.0
gpt_5_mini,hierarchical,4,3,q_589161,True,1.0,1507.0
gpt_5_mini,hierarchical,4,3,q_898760,True,1.0,1542.0
gpt_5_mini,hierarchical,4,3,q_112425,True,1.0,1549.0
gpt_5_mini,hierarchical,4,3,q_573717,True,1.0,1525.0
gpt_5_mini,hierarchical,4,3,q_144790,True,1.0,1578.0
gpt_5_mini,hierarchical,4,3,q_676972,True,1.0,1566.0
gpt_5_mini,hierarchical,4,3,q_497258,True,1.0,1578.0
gpt_5_mini,hierarchical,4,3,q_962387,True,1.0,1556.0
gpt_5_mini,hierarchical,4,3,q_762982,True,1.0,1649.0
gpt_5_mini,hierarchical,4,3,q_895813,True,1.0,1619.0
gpt_5_mini,temporal,2,1,q_248549,False,0.0,673.0
gpt_5_mini,temporal,2,1,q_723108,True,1.0,678.0
gpt_5_mini,temporal,2,1,q_110981,True,1.0,741.0
gpt_5_mini,temporal,2,1,q_341223,False,0.0,708.0
gpt_5_mini,temporal,2,1,q_802957,True,1.0,910.0
gpt_5_mini,temporal,2,1,q_605459,False,0.0,745.0
gpt_5_mini,temporal,2,1,q_272731,True,1.0,811.0
gpt_5_mini,temporal,2,1,q_864552,False,0.0,862.0
gpt_5_mini,temporal,2,1,q_455497,True,1.0,894.0
gpt_5_mini,temporal,2,1,q_673027,False,0.0,738.0
gpt_5_mini,temporal,2,2,q_792135,True,1.0,579.0
gpt_5_mini,temporal,2,2,q_244619,True,1.0,606.0
gpt_5_mini,temporal,2,2,q_236344,True,1.0,577.0
gpt_5_mini,temporal,2,2,q_191706,True,1.0,693.0
gpt_5_mini,temporal,2,2,q_367863,False,0.0,606.0
gpt_5_mini,temporal,2,2,q_357629,True,1.0,767.0
gpt_5_mini,temporal,2,2,q_818838,True,1.0,712.0
gpt_5_mini,temporal,2,2,q_208237,False,0.0,697.0
gpt_5_mini,temporal,2,2,q_152795,False,0.0,741.0
gpt_5_mini,temporal,2,2,q_808189,True,1.0,1052.0
gpt_5_mini,temporal,2,3,q_358254,True,1.0,824.0
gpt_5_mini,temporal,2,3,q_281602,True,1.0,1137.0
gpt_5_mini,temporal,2,3,q_118947,True,1.0,1076.0
gpt_5_mini,temporal,2,3,q_694498,True,1.0,1151.0
gpt_5_mini,temporal,2,3,q_169346,True,1.0,1211.0
gpt_5_mini,temporal,2,3,q_557594,True,1.0,1278.0
gpt_5_mini,temporal,2,3,q_575668,False,0.0,1337.0
gpt_5_mini,temporal,2,3,q_363444,False,0.0,1424.0
gpt_5_mini,temporal,2,3,q_675453,False,0.0,1203.0
gpt_5_mini,temporal,2,3,q_589852,True,1.0,1476.0
gpt_5_mini,temporal,3,1,q_675648,True,1.0,657.0
gpt_5_mini,temporal,3,1,q_856132,True,1.0,666.0
gpt_5_mini,temporal,3,1,q_908915,True,1.0,969.0
gpt_5_mini,temporal,3,1,q_640403,True,1.0,925.0
gpt_5_mini,temporal,3,1,q_223156,True,1.0,900.0
gpt_5_mini,temporal,3,1,q_155484,False,0.0,1267.0
gpt_5_mini,temporal,3,1,q_297677,False,0.0,1110.0
gpt_5_mini,temporal,3,1,q_175464,False,0.0,1436.0
gpt_5_mini,temporal,3,1,q_462307,True,1.0,1364.0
gpt_5_mini,temporal,3,1,q_398072,True,1.0,1657.0
gpt_5_mini,temporal,3,2,q_584318,True,1.0,657.0
gpt_5_mini,temporal,3,2,q_975143,True,1.0,643.0
gpt_5_mini,temporal,3,2,q_754803,True,1.0,658.0
gpt_5_mini,temporal,3,2,q_637571,True,1.0,1242.0
gpt_5_mini,temporal,3,2,q_951002,True,1.0,1039.0
gpt_5_mini,temporal,3,2,q_688099,True,1.0,832.0
gpt_5_mini,temporal,3,2,q_791806,True,1.0,1011.0
gpt_5_mini,temporal,3,2,q_659379,True,1.0,1193.0
gpt_5_mini,temporal,3,2,q_246608,True,1.0,1139.0
gpt_5_mini,temporal,3,2,q_880410,True,1.0,943.0
gpt_5_mini,temporal,3,3,q_480869,True,1.0,700.0
gpt_5_mini,temporal,3,3,q_491097,True,1.0,727.0
gpt_5_mini,temporal,3,3,q_499898,True,1.0,738.0
gpt_5_mini,temporal,3,3,q_204372,True,1.0,847.0
gpt_5_mini,temporal,3,3,q_894845,True,1.0,1068.0
gpt_5_mini,temporal,3,3,q_303086,True,1.0,929.0
gpt_5_mini,temporal,3,3,q_961435,True,1.0,1025.0
gpt_5_mini,temporal,3,3,q_810293,False,0.0,1365.0
gpt_5_mini,temporal,3,3,q_199612,True,1.0,1687.0
gpt_5_mini,temporal,3,3,q_740968,False,0.0,1780.0
gpt_5_mini,temporal,1,1,q_277684,True,1.0,688.0
gpt_5_mini,temporal,1,1,q_345632,True,1.0,750.0
gpt_5_mini,temporal,1,1,q_677642,True,1.0,850.0
gpt_5_mini,temporal,1,1,q_649587,False,0.0,1094.0
gpt_5_mini,temporal,1,1,q_736762,False,0.0,1023.0
gpt_5_mini,temporal,1,1,q_958081,True,1.0,1115.0
gpt_5_mini,temporal,1,1,q_603960,False,0.0,1145.0
gpt_5_mini,temporal,1,1,q_188062,False,0.0,1218.0
gpt_5_mini,temporal,1,1,q_256351,False,0.0,1245.0
gpt_5_mini,temporal,1,2,q_315828,True,1.0,755.0
gpt_5_mini,temporal,1,2,q_612510,True,1.0,911.0
gpt_5_mini,temporal,1,2,q_224139,True,1.0,772.0
gpt_5_mini,temporal,1,2,q_646878,True,1.0,952.0
gpt_5_mini,temporal,1,2,q_395337,True,1.0,974.0
gpt_5_mini,temporal,1,2,q_386081,True,1.0,1043.0
gpt_5_mini,temporal,1,2,q_261791,True,1.0,1217.0
gpt_5_mini,temporal,1,2,q_338252,True,1.0,1214.0
gpt_5_mini,temporal,1,2,q_431821,True,1.0,1094.0
gpt_5_mini,temporal,1,2,q_812976,True,1.0,1321.0
gpt_5_mini,temporal,1,3,q_879712,True,1.0,555.0
gpt_5_mini,temporal,1,3,q_367289,True,1.0,719.0
gpt_5_mini,temporal,1,3,q_594214,True,1.0,1010.0
gpt_5_mini,temporal,1,3,q_382437,True,1.0,781.0
gpt_5_mini,temporal,1,3,q_863402,True,1.0,895.0
gpt_5_mini,temporal,1,3,q_609142,True,1.0,760.0
gpt_5_mini,temporal,1,3,q_482716,True,1.0,1066.0
gpt_5_mini,temporal,1,3,q_534995,True,1.0,1032.0
gpt_5_mini,temporal,1,3,q_787594,True,1.0,722.0
gpt_5_mini,temporal,4,1,q_306979,True,1.0,759.0
gpt_5_mini,temporal,4,1,q_864187,True,1.0,758.0
gpt_5_mini,temporal,4,1,q_732992,True,1.0,763.0
gpt_5_mini,temporal,4,1,q_461090,True,1.0,795.0
gpt_5_mini,temporal,4,1,q_727668,True,1.0,1173.0
gpt_5_mini,temporal,4,1,q_370551,True,1.0,1194.0
gpt_5_mini,temporal,4,1,q_479999,False,0.0,
gpt_5_mini,temporal,4,1,q_863112,False,0.0,1494.0
gpt_5_mini,temporal,4,1,q_715385,True,1.0,1425.0
gpt_5_mini,temporal,4,1,q_981788,False,0.0,
gpt_5_mini,temporal,4,2,q_660466,True,1.0,786.0
gpt_5_mini,temporal,4,2,q_223469,True,1.0,576.0
gpt_5_mini,temporal,4,2,q_178323,True,1.0,1031.0
gpt_5_mini,temporal,4,2,q_469384,True,1.0,744.0
gpt_5_mini,temporal,4,2,q_413629,True,1.0,1038.0
gpt_5_mini,temporal,4,2,q_452271,True,1.0,1105.0
gpt_5_mini,temporal,4,2,q_910471,True,1.0,947.0
gpt_5_mini,temporal,4,2,q_889583,True,1.0,959.0
gpt_5_mini,temporal,4,2,q_652945,True,1.0,1121.0
gpt_5_mini,temporal,4,2,q_159790,True,1.0,1179.0
gpt_5_mini,temporal,4,3,q_763519,True,1.0,606.0
gpt_5_mini,temporal,4,3,q_303853,True,1.0,641.0
gpt_5_mini,temporal,4,3,q_364638,True,1.0,985.0
gpt_5_mini,temporal,4,3,q_297453,True,1.0,1010.0
gpt_5_mini,temporal,4,3,q_136085,True,1.0,857.0
gpt_5_mini,temporal,4,3,q_302794,True,1.0,974.0
gpt_5_mini,temporal,4,3,q_720968,True,1.0,911.0
gpt_5_mini,temporal,4,3,q_382114,True,1.0,1180.0
gpt_5_mini,temporal,4,3,q_555992,True,1.0,1219.0
gpt_5_mini,temporal,4,3,q_975021,True,1.0,1015.0
gpt_5_mini,weighted,2,1,q_525126,True,1.0,1068.0
gpt_5_mini,weighted,2,1,q_213872,True,1.0,1118.0
gpt_5_mini,weighted,2,1,q_872439,True,1.0,1101.0
gpt_5_mini,weighted,2,1,q_863464,True,1.0,1152.0
gpt_5_mini,weighted,2,1,q_922981,True,1.0,1529.0
gpt_5_mini,weighted,2,1,q_753276,True,1.0,1804.0
gpt_5_mini,weighted,2,1,q_356749,False,0.0,
gpt_5_mini,weighted,2,1,q_634355,False,0.0,1930.0
gpt_5_mini,weighted,2,1,q_861611,False,0.0,2002.0
gpt_5_mini,weighted,2,1,q_298733,False,0.0,
gpt_5_mini,weighted,2,2,q_314972,True,1.0,1245.0
gpt_5_mini,weighted,2,2,q_545467,True,1.0,1256.0
gpt_5_mini,weighted,2,2,q_991319,True,1.0,1284.0
gpt_5_mini,weighted,2,2,q_454334,True,1.0,1237.0
gpt_5_mini,weighted,2,2,q_935784,True,1.0,1415.0
gpt_5_mini,weighted,2,2,q_267504,False,0.0,1665.0
gpt_5_mini,weighted,2,2,q_972070,True,1.0,1702.0
gpt_5_mini,weighted,2,2,q_481529,False,0.0,
gpt_5_mini,weighted,2,2,q_944239,True,1.0,2243.0
gpt_5_mini,weighted,2,2,q_204158,True,1.0,2555.0
gpt_5_mini,weighted,2,3,q_482251,True,1.0,959.0
gpt_5_mini,weighted,2,3,q_566988,True,1.0,1145.0
gpt_5_mini,weighted,2,3,q_152619,False,0.5,1192.0
gpt_5_mini,weighted,2,3,q_122575,False,0.5,1299.0
gpt_5_mini,weighted,2,3,q_389834,True,1.0,1441.0
gpt_5_mini,weighted,2,3,q_713462,True,1.0,1629.0
gpt_5_mini,weighted,2,3,q_599298,True,1.0,1667.0
gpt_5_mini,weighted,2,3,q_370470,False,0.0,
gpt_5_mini,weighted,2,3,q_661709,True,1.0,2042.0
gpt_5_mini,weighted,2,3,q_639526,False,0.0,
gpt_5_mini,weighted,3,1,q_278076,True,1.0,2703.0
gpt_5_mini,weighted,3,1,q_865549,True,1.0,2721.0
gpt_5_mini,weighted,3,1,q_997774,True,1.0,2717.0
gpt_5_mini,weighted,3,1,q_858350,False,0.5,3034.0
gpt_5_mini,weighted,3,1,q_573613,False,0.0,3070.0
gpt_5_mini,weighted,3,1,q_305456,True,1.0,3473.0
gpt_5_mini,weighted,3,1,q_361679,False,0.0,
gpt_5_mini,weighted,3,1,q_529992,False,0.0,
gpt_5_mini,weighted,3,1,q_109581,False,0.0,4288.0
gpt_5_mini,weighted,3,1,q_508273,False,0.0,5483.0
gpt_5_mini,weighted,3,2,q_615025,True,1.0,2384.0
gpt_5_mini,weighted,3,2,q_436836,True,1.0,2382.0
gpt_5_mini,weighted,3,2,q_921827,True,1.0,2441.0
gpt_5_mini,weighted,3,2,q_163034,True,1.0,2462.0
gpt_5_mini,weighted,3,2,q_330900,True,1.0,2831.0
gpt_5_mini,weighted,3,2,q_688191,True,1.0,3083.0
gpt_5_mini,weighted,3,2,q_723334,False,0.0,
gpt_5_mini,weighted,3,2,q_994296,False,0.0,
gpt_5_mini,weighted,3,2,q_843520,False,0.0,4759.0
gpt_5_mini,weighted,3,2,q_749733,False,0.0,4787.0
gpt_5_mini,weighted,3,3,q_730666,True,1.0,2975.0
gpt_5_mini,weighted,3,3,q_719781,True,1.0,3436.0
gpt_5_mini,weighted,3,3,q_257518,False,0.3333333333333333,3403.0
gpt_5_mini,weighted,3,3,q_105589,False,0.0,
gpt_5_mini,weighted,3,3,q_220189,False,0.0,
gpt_5_mini,weighted,3,3,q_374718,True,1.0,3917.0
gpt_5_mini,weighted,3,3,q_787516,False,0.0,4683.0
gpt_5_mini,weighted,3,3,q_402899,False,0.0,
gpt_5_mini,weighted,3,3,q_832605,False,0.0,5840.0
gpt_5_mini,weighted,3,3,q_219727,True,1.0,5958.0
gpt_5_mini,weighted,1,1,q_816058,True,1.0,860.0
gpt_5_mini,weighted,1,1,q_713576,True,1.0,867.0
gpt_5_mini,weighted,1,1,q_133167,True,1.0,906.0
gpt_5_mini,weighted,1,1,q_660959,True,1.0,918.0
gpt_5_mini,weighted,1,2,q_940931,True,1.0,635.0
gpt_5_mini,weighted,1,2,q_678269,True,1.0,627.0
gpt_5_mini,weighted,1,2,q_225277,True,1.0,643.0
gpt_5_mini,weighted,1,2,q_154957,True,1.0,956.0
gpt_5_mini,weighted,1,2,q_464951,True,1.0,906.0
gpt_5_mini,weighted,1,2,q_249018,True,1.0,959.0
gpt_5_mini,weighted,1,2,q_706270,True,1.0,971.0
gpt_5_mini,weighted,1,3,q_688231,False,0.0,698.0
gpt_5_mini,weighted,1,3,q_898257,True,1.0,858.0
gpt_5_mini,weighted,1,3,q_533661,True,1.0,908.0
gpt_5_mini,weighted,1,3,q_129000,True,1.0,909.0
gpt_5_mini,weighted,1,3,q_791935,True,1.0,955.0
gpt_5_mini,weighted,4,1,q_516057,True,1.0,4683.0
gpt_5_mini,weighted,4,1,q_219923,True,1.0,4694.0
gpt_5_mini,weighted,4,1,q_195008,True,1.0,4696.0
gpt_5_mini,weighted,4,1,q_247307,True,1.0,4693.0
gpt_5_mini,weighted,4,1,q_164260,True,1.0,4689.0
gpt_5_mini,weighted,4,1,q_935250,False,0.0,5104.0
gpt_5_mini,weighted,4,1,q_816349,False,0.2,4853.0
gpt_5_mini,weighted,4,1,q_169355,True,1.0,5046.0
gpt_5_mini,weighted,4,1,q_596680,False,0.0,
gpt_5_mini,weighted,4,1,q_199206,False,0.0,
gpt_5_mini,weighted,4,2,q_136155,True,1.0,7154.0
gpt_5_mini,weighted,4,2,q_983936,True,1.0,7151.0
gpt_5_mini,weighted,4,2,q_258796,True,1.0,7157.0
gpt_5_mini,weighted,4,2,q_329987,False,0.0,7583.0
gpt_5_mini,weighted,4,2,q_918124,False,0.0,
gpt_5_mini,weighted,4,2,q_596270,False,0.0,
gpt_5_mini,weighted,4,2,q_547481,False,0.0,
gpt_5_mini,weighted,4,2,q_270515,False,0.0,
gpt_5_mini,weighted,4,2,q_297507,False,0.0,
gpt_5_mini,weighted,4,2,q_540959,False,0.0,12814.0
gpt_5_mini,weighted,4,3,q_128033,True,1.0,4999.0
gpt_5_mini,weighted,4,3,q_922727,True,1.0,4975.0
gpt_5_mini,weighted,4,3,q_347471,True,1.0,4981.0
gpt_5_mini,weighted,4,3,q_892733,True,1.0,5000.0
gpt_5_mini,weighted,4,3,q_137161,True,1.0,4995.0
gpt_5_mini,weighted,4,3,q_988888,False,0.0,
gpt_5_mini,weighted,4,3,q_796298,False,0.0,
gpt_5_mini,weighted,4,3,q_136965,False,0.0,
gpt_5_mini,weighted,4,3,q_408296,False,0.0,
gpt_5_mini,weighted,4,3,q_352595,False,0.0,9206.0
gpt_5_mini,conflicting,2,1,q_889237,True,1.0,1431.0
gpt_5_mini,conflicting,2,1,q_477375,True,1.0,1504.0
gpt_5_mini,conflicting,2,1,q_540576,True,1.0,1515.0
gpt_5_mini,conflicting,2,1,q_886852,True,1.0,1522.0
gpt_5_mini,conflicting,2,1,q_882346,True,1.0,1816.0
gpt_5_mini,conflicting,2,1,q_898079,False,0.0,2023.0
gpt_5_mini,conflicting,2,1,q_958792,True,1.0,2039.0
gpt_5_mini,conflicting,2,1,q_421190,True,1.0,2150.0
gpt_5_mini,conflicting,2,1,q_796482,True,1.0,1650.0
gpt_5_mini,conflicting,2,1,q_155096,True,1.0,2470.0
gpt_5_mini,conflicting,2,2,q_467679,True,1.0,1497.0
gpt_5_mini,conflicting,2,2,q_640334,True,1.0,1505.0
gpt_5_mini,conflicting,2,2,q_834874,True,1.0,1811.0
gpt_5_mini,conflicting,2,2,q_264795,True,1.0,1949.0
gpt_5_mini,conflicting,2,2,q_800533,False,0.0,1957.0
gpt_5_mini,conflicting,2,2,q_662192,True,1.0,2002.0
gpt_5_mini,conflicting,2,2,q_725868,True,1.0,2055.0
gpt_5_mini,conflicting,2,2,q_394127,True,1.0,1971.0
gpt_5_mini,conflicting,2,2,q_248231,True,1.0,2022.0
gpt_5_mini,conflicting,2,2,q_439854,True,1.0,2133.0
gpt_5_mini,conflicting,2,3,q_887730,True,1.0,1314.0
gpt_5_mini,conflicting,2,3,q_671748,True,1.0,1387.0
gpt_5_mini,conflicting,2,3,q_282933,True,1.0,1540.0
gpt_5_mini,conflicting,2,3,q_658473,True,1.0,1548.0
gpt_5_mini,conflicting,2,3,q_271826,True,1.0,1704.0
gpt_5_mini,conflicting,2,3,q_942650,True,1.0,1971.0
gpt_5_mini,conflicting,2,3,q_794697,True,1.0,1725.0
gpt_5_mini,conflicting,2,3,q_664111,True,1.0,1813.0
gpt_5_mini,conflicting,2,3,q_954064,True,1.0,1894.0
gpt_5_mini,conflicting,2,3,q_459027,True,1.0,1820.0
gpt_5_mini,conflicting,3,1,q_846391,True,1.0,2007.0
gpt_5_mini,conflicting,3,1,q_279628,True,1.0,2039.0
gpt_5_mini,conflicting,3,1,q_839143,True,1.0,1982.0
gpt_5_mini,conflicting,3,1,q_667636,True,1.0,2115.0
gpt_5_mini,conflicting,3,1,q_532864,False,0.0,2672.0
gpt_5_mini,conflicting,3,1,q_157869,True,1.0,2770.0
gpt_5_mini,conflicting,3,1,q_277988,True,1.0,2657.0
gpt_5_mini,conflicting,3,1,q_354017,False,0.0,3452.0
gpt_5_mini,conflicting,3,1,q_445554,True,1.0,3149.0
gpt_5_mini,conflicting,3,1,q_916867,False,0.0,5685.0
gpt_5_mini,conflicting,3,2,q_118146,True,1.0,2471.0
gpt_5_mini,conflicting,3,2,q_667304,True,1.0,2534.0
gpt_5_mini,conflicting,3,2,q_164280,True,1.0,2579.0
gpt_5_mini,conflicting,3,2,q_994981,True,1.0,3132.0
gpt_5_mini,conflicting,3,2,q_660859,False,0.0,3198.0
gpt_5_mini,conflicting,3,2,q_276255,True,1.0,2887.0
gpt_5_mini,conflicting,3,2,q_946374,True,1.0,3375.0
gpt_5_mini,conflicting,3,2,q_991823,True,1.0,3548.0
gpt_5_mini,conflicting,3,2,q_653902,False,0.0,3766.0
gpt_5_mini,conflicting,3,2,q_965853,False,0.0,4180.0
gpt_5_mini,conflicting,3,3,q_272455,True,1.0,2057.0
gpt_5_mini,conflicting,3,3,q_229794,True,1.0,2071.0
gpt_5_mini,conflicting,3,3,q_153735,True,1.0,2162.0
gpt_5_mini,conflicting,3,3,q_727217,True,1.0,2190.0
gpt_5_mini,conflicting,3,3,q_294507,True,1.0,2346.0
gpt_5_mini,conflicting,3,3,q_410320,True,1.0,2088.0
gpt_5_mini,conflicting,3,3,q_201497,True,1.0,2137.0
gpt_5_mini,conflicting,3,3,q_532702,True,1.0,2593.0
gpt_5_mini,conflicting,3,3,q_149945,True,1.0,3321.0
gpt_5_mini,conflicting,3,3,q_416863,False,0.0,4313.0
gpt_5_mini,conflicting,1,1,q_127936,True,1.0,1254.0
gpt_5_mini,conflicting,1,1,q_146868,True,1.0,1346.0
gpt_5_mini,conflicting,1,1,q_920055,True,1.0,1717.0
gpt_5_mini,conflicting,1,1,q_665549,True,1.0,1929.0
gpt_5_mini,conflicting,1,1,q_161940,True,1.0,1679.0
gpt_5_mini,conflicting,1,1,q_223415,True,1.0,2013.0
gpt_5_mini,conflicting,1,1,q_525845,True,1.0,1599.0
gpt_5_mini,conflicting,1,1,q_532309,True,1.0,1925.0
gpt_5_mini,conflicting,1,1,q_836946,True,1.0,2168.0
gpt_5_mini,conflicting,1,1,q_372812,True,1.0,1951.0
gpt_5_mini,conflicting,1,2,q_940328,False,0.0,1200.0
gpt_5_mini,conflicting,1,2,q_350021,True,1.0,1223.0
gpt_5_mini,conflicting,1,2,q_368892,True,1.0,1291.0
gpt_5_mini,conflicting,1,2,q_953208,True,1.0,1487.0
gpt_5_mini,conflicting,1,2,q_329093,True,1.0,1427.0
gpt_5_mini,conflicting,1,2,q_925167,True,1.0,1503.0
gpt_5_mini,conflicting,1,2,q_731920,True,1.0,1516.0
gpt_5_mini,conflicting,1,2,q_942955,True,1.0,1520.0
gpt_5_mini,conflicting,1,2,q_245002,False,0.0,1529.0
gpt_5_mini,conflicting,1,2,q_721715,True,1.0,1547.0
gpt_5_mini,conflicting,1,3,q_994684,True,1.0,1314.0
gpt_5_mini,conflicting,1,3,q_467762,True,1.0,1567.0
gpt_5_mini,conflicting,1,3,q_962684,True,1.0,1325.0
gpt_5_mini,conflicting,1,3,q_197624,True,1.0,1626.0
gpt_5_mini,conflicting,1,3,q_688137,True,1.0,1364.0
gpt_5_mini,conflicting,1,3,q_289394,False,0.0,1621.0
gpt_5_mini,conflicting,1,3,q_262964,True,1.0,1706.0
gpt_5_mini,conflicting,1,3,q_268990,True,1.0,1401.0
gpt_5_mini,conflicting,1,3,q_863441,True,1.0,1729.0
gpt_5_mini,conflicting,1,3,q_241313,True,1.0,1787.0
gpt_5_mini,conflicting,4,1,q_801489,True,1.0,3536.0
gpt_5_mini,conflicting,4,1,q_824339,True,1.0,3449.0
gpt_5_mini,conflicting,4,1,q_854515,True,1.0,4217.0
gpt_5_mini,conflicting,4,1,q_743721,True,1.0,4380.0
gpt_5_mini,conflicting,4,1,q_122222,True,1.0,4557.0
gpt_5_mini,conflicting,4,1,q_160988,True,1.0,5040.0
gpt_5_mini,conflicting,4,1,q_121542,False,0.0,
gpt_5_mini,conflicting,4,1,q_584767,True,1.0,5174.0
gpt_5_mini,conflicting,4,1,q_508581,False,0.0,5353.0
gpt_5_mini,conflicting,4,1,q_576428,True,1.0,6235.0
gpt_5_mini,conflicting,4,2,q_338545,True,1.0,3565.0
gpt_5_mini,conflicting,4,2,q_615458,False,0.0,4048.0
gpt_5_mini,conflicting,4,2,q_183386,False,0.0,4114.0
gpt_5_mini,conflicting,4,2,q_583104,False,0.0,4144.0
gpt_5_mini,conflicting,4,2,q_368500,False,0.0,
gpt_5_mini,conflicting,4,2,q_418204,True,1.0,4792.0
gpt_5_mini,conflicting,4,2,q_528408,False,0.0,
gpt_5_mini,conflicting,4,2,q_235972,True,1.0,5373.0
gpt_5_mini,conflicting,4,2,q_748584,True,1.0,5522.0
gpt_5_mini,conflicting,4,2,q_914815,False,0.0,
gpt_5_mini,conflicting,4,3,q_802777,True,1.0,3580.0
gpt_5_mini,conflicting,4,3,q_723915,True,1.0,3752.0
gpt_5_mini,conflicting,4,3,q_183171,True,1.0,3625.0
gpt_5_mini,conflicting,4,3,q_850359,True,1.0,3615.0
gpt_5_mini,conflicting,4,3,q_883159,True,1.0,3865.0
gpt_5_mini,conflicting,4,3,q_662973,False,0.0,4361.0
gpt_5_mini,conflicting,4,3,q_100757,False,0.0,4388.0
gpt_5_mini,conflicting,4,3,q_549637,True,1.0,5466.0
gpt_5_mini,conflicting,4,3,q_826096,True,1.0,5596.0
gpt_5_mini,conflicting,4,3,q_534834,False,0.0,
gemini_2_0_flash,multihop,2,1,q_327208,True,1.0,2096.0
gemini_2_0_flash,multihop,2,1,q_986362,True,1.0,2129.0
gemini_2_0_flash,multihop,2,1,q_648931,True,1.0,2366.0
gemini_2_0_flash,multihop,2,1,q_619868,True,1.0,2586.0
gemini_2_0_flash,multihop,2,1,q_921620,True,1.0,2699.0
gemini_2_0_flash,multihop,2,1,q_404139,False,0.0,2842.0
gemini_2_0_flash,multihop,2,1,q_782242,True,1.0,2962.0
gemini_2_0_flash,multihop,2,1,q_942912,True,1.0,2745.0
gemini_2_0_flash,multihop,2,1,q_809401,False,1.0,10227.0
gemini_2_0_flash,multihop,2,1,q_378073,False,0.0,10200.0
gemini_2_0_flash,multihop,2,2,q_823798,True,1.0,1128.0
gemini_2_0_flash,multihop,2,2,q_332261,True,1.0,1218.0
gemini_2_0_flash,multihop,2,2,q_845797,False,0.0,1306.0
gemini_2_0_flash,multihop,2,2,q_899577,True,1.0,1428.0
gemini_2_0_flash,multihop,2,2,q_264873,True,1.0,1420.0
gemini_2_0_flash,multihop,2,2,q_474168,True,1.0,1573.0
gemini_2_0_flash,multihop,2,2,q_822987,True,1.0,1625.0
gemini_2_0_flash,multihop,2,2,q_165693,True,1.0,1623.0
gemini_2_0_flash,multihop,2,2,q_352253,False,0.0,1798.0
gemini_2_0_flash,multihop,2,2,q_468744,False,0.0,9187.0
gemini_2_0_flash,multihop,2,3,q_476218,True,1.0,2312.0
gemini_2_0_flash,multihop,2,3,q_422113,True,1.0,2381.0
gemini_2_0_flash,multihop,2,3,q_668322,False,0.0,2403.0
gemini_2_0_flash,multihop,2,3,q_311817,True,1.0,2764.0
gemini_2_0_flash,multihop,2,3,q_154389,True,1.0,2668.0
gemini_2_0_flash,multihop,2,3,q_456014,True,1.0,2729.0
gemini_2_0_flash,multihop,2,3,q_276905,True,1.0,2922.0
gemini_2_0_flash,multihop,2,3,q_273960,False,0.0,2872.0
gemini_2_0_flash,multihop,2,3,q_702979,True,1.0,2810.0
gemini_2_0_flash,multihop,2,3,q_691332,True,1.0,3206.0
gemini_2_0_flash,multihop,3,1,q_696500,True,1.0,9862.0
gemini_2_0_flash,multihop,3,1,q_949179,False,0.0,9924.0
gemini_2_0_flash,multihop,3,1,q_110447,True,1.0,9937.0
gemini_2_0_flash,multihop,3,1,q_656389,False,0.5,10016.0
gemini_2_0_flash,multihop,3,1,q_928183,True,1.0,9963.0
gemini_2_0_flash,multihop,3,1,q_718331,True,1.0,10334.0
gemini_2_0_flash,multihop,3,1,q_949742,False,0.0,10257.0
gemini_2_0_flash,multihop,3,1,q_970394,False,0.0,10623.0
gemini_2_0_flash,multihop,3,1,q_711435,False,0.0,17978.0
gemini_2_0_flash,multihop,3,1,q_171433,True,1.0,18010.0
gemini_2_0_flash,multihop,3,2,q_356683,True,1.0,8669.0
gemini_2_0_flash,multihop,3,2,q_705550,False,0.5,8765.0
gemini_2_0_flash,multihop,3,2,q_620975,True,1.0,8926.0
gemini_2_0_flash,multihop,3,2,q_407914,True,1.0,9372.0
gemini_2_0_flash,multihop,3,2,q_645447,True,1.0,9400.0
gemini_2_0_flash,multihop,3,2,q_238241,True,1.0,9230.0
gemini_2_0_flash,multihop,3,2,q_656667,False,0.0,9605.0
gemini_2_0_flash,multihop,3,2,q_772039,True,1.0,9748.0
gemini_2_0_flash,multihop,3,2,q_236270,True,1.0,9833.0
gemini_2_0_flash,multihop,3,2,q_136638,False,0.0,16772.0
gemini_2_0_flash,multihop,3,3,q_151997,True,1.0,7487.0
gemini_2_0_flash,multihop,3,3,q_987193,False,0.0,7665.0
gemini_2_0_flash,multihop,3,3,q_142070,True,1.0,7949.0
gemini_2_0_flash,multihop,3,3,q_247843,False,0.0,8273.0
gemini_2_0_flash,multihop,3,3,q_225196,True,1.0,8485.0
gemini_2_0_flash,multihop,3,3,q_761818,False,0.0,10130.0
gemini_2_0_flash,multihop,3,3,q_847630,False,0.0,11950.0
gemini_2_0_flash,multihop,3,3,q_232217,False,0.0,15547.0
gemini_2_0_flash,multihop,3,3,q_147200,False,0.0,15580.0
gemini_2_0_flash,multihop,3,3,q_145687,False,0.0,15576.0
gemini_2_0_flash,multihop,1,1,q_167167,True,1.0,650.0
gemini_2_0_flash,multihop,1,1,q_383626,True,1.0,697.0
gemini_2_0_flash,multihop,1,1,q_564488,True,1.0,843.0
gemini_2_0_flash,multihop,1,2,q_234862,True,1.0,726.0
gemini_2_0_flash,multihop,1,2,q_528251,True,1.0,724.0
gemini_2_0_flash,multihop,1,2,q_323749,True,1.0,817.0
gemini_2_0_flash,multihop,1,3,q_803302,True,1.0,798.0
gemini_2_0_flash,multihop,1,3,q_686839,True,1.0,791.0
gemini_2_0_flash,multihop,1,3,q_292391,True,1.0,820.0
gemini_2_0_flash,multihop,1,3,q_680902,True,1.0,816.0
gemini_2_0_flash,multihop,1,3,q_683282,True,1.0,818.0
gemini_2_0_flash,multihop,1,3,q_730503,True,1.0,877.0
gemini_2_0_flash,multihop,1,3,q_475291,True,1.0,844.0
gemini_2_0_flash,multihop,1,3,q_893805,True,1.0,893.0
gemini_2_0_flash,multihop,1,3,q_274616,True,1.0,959.0
gemini_2_0_flash,multihop,1,3,q_253883,True,1.0,1004.0
gemini_2_0_flash,multihop,4,1,q_786396,False,0.0,26849.0
gemini_2_0_flash,multihop,4,1,q_780685,True,1.0,26877.0
gemini_2_0_flash,multihop,4,1,q_626920,True,1.0,26896.0
gemini_2_0_flash,multihop,4,1,q_932696,False,0.0,27070.0
gemini_2_0_flash,multihop,4,1,q_241793,True,1.0,27213.0
gemini_2_0_flash,multihop,4,1,q_670884,True,1.0,27183.0
gemini_2_0_flash,multihop,4,1,q_503690,True,1.0,27746.0
gemini_2_0_flash,multihop,4,1,q_117572,False,0.0,34988.0
gemini_2_0_flash,multihop,4,1,q_941497,False,0.0,34955.0
gemini_2_0_flash,multihop,4,1,q_644645,False,0.0,34988.0
gemini_2_0_flash,multihop,4,2,q_450525,True,1.0,17823.0
gemini_2_0_flash,multihop,4,2,q_243014,False,0.0,17919.0
gemini_2_0_flash,multihop,4,2,q_638331,False,0.0,17874.0
gemini_2_0_flash,multihop,4,2,q_386560,True,1.0,17865.0
gemini_2_0_flash,multihop,4,2,q_941258,False,0.0,18224.0
gemini_2_0_flash,multihop,4,2,q_963388,False,0.0,18560.0
gemini_2_0_flash,multihop,4,2,q_713951,False,0.5,18824.0
gemini_2_0_flash,multihop,4,2,q_721809,False,0.0,18879.0
gemini_2_0_flash,multihop,4,2,q_439336,False,0.0,19880.0
gemini_2_0_flash,multihop,4,2,q_454279,False,0.0,25890.0
gemini_2_0_flash,multihop,4,3,q_525142,False,0.0,30798.0
gemini_2_0_flash,multihop,4,3,q_100612,False,0.0,30912.0
gemini_2_0_flash,multihop,4,3,q_726917,True,1.0,30882.0
gemini_2_0_flash,multihop,4,3,q_273439,True,1.0,31574.0
gemini_2_0_flash,multihop,4,3,q_982362,False,0.0,38849.0
gemini_2_0_flash,multihop,4,3,q_637950,False,0.6666666666666666,38876.0
gemini_2_0_flash,multihop,4,3,q_778850,False,0.0,38881.0
gemini_2_0_flash,multihop,4,3,q_885910,False,1.0,38876.0
gemini_2_0_flash,multihop,4,3,q_608862,False,1.0,38879.0
gemini_2_0_flash,multihop,4,3,q_144829,True,1.0,38880.0
gemini_2_0_flash,hierarchical,2,1,q_901266,True,1.0,748.0
gemini_2_0_flash,hierarchical,2,1,q_664453,True,1.0,773.0
gemini_2_0_flash,hierarchical,2,1,q_390877,True,1.0,768.0
gemini_2_0_flash,hierarchical,2,1,q_904893,True,1.0,783.0
gemini_2_0_flash,hierarchical,2,1,q_770896,False,0.0,777.0
gemini_2_0_flash,hierarchical,2,1,q_184621,False,0.0,785.0
gemini_2_0_flash,hierarchical,2,1,q_712590,True,1.0,758.0
gemini_2_0_flash,hierarchical,2,1,q_322710,True,1.0,874.0
gemini_2_0_flash,hierarchical,2,1,q_275237,True,1.0,837.0
gemini_2_0_flash,hierarchical,2,1,q_705693,False,0.0,829.0
gemini_2_0_flash,hierarchical,2,2,q_757781,True,1.0,555.0
gemini_2_0_flash,hierarchical,2,2,q_993314,True,1.0,590.0
gemini_2_0_flash,hierarchical,2,2,q_700008,True,1.0,602.0
gemini_2_0_flash,hierarchical,2,2,q_274008,True,1.0,602.0
gemini_2_0_flash,hierarchical,2,2,q_531167,True,1.0,587.0
gemini_2_0_flash,hierarchical,2,2,q_642240,True,1.0,582.0
gemini_2_0_flash,hierarchical,2,2,q_871434,True,1.0,618.0
gemini_2_0_flash,hierarchical,2,2,q_316392,True,1.0,661.0
gemini_2_0_flash,hierarchical,2,2,q_478914,True,1.0,594.0
gemini_2_0_flash,hierarchical,2,2,q_429016,True,1.0,660.0
gemini_2_0_flash,hierarchical,2,3,q_190862,True,1.0,607.0
gemini_2_0_flash,hierarchical,2,3,q_514106,True,1.0,598.0
gemini_2_0_flash,hierarchical,2,3,q_585598,True,1.0,591.0
gemini_2_0_flash,hierarchical,2,3,q_884440,True,1.0,601.0
gemini_2_0_flash,hierarchical,2,3,q_730919,True,1.0,626.0
gemini_2_0_flash,hierarchical,2,3,q_485687,True,1.0,640.0
gemini_2_0_flash,hierarchical,2,3,q_588605,True,1.0,638.0
gemini_2_0_flash,hierarchical,2,3,q_994582,True,1.0,669.0
gemini_2_0_flash,hierarchical,2,3,q_544245,False,0.0,649.0
gemini_2_0_flash,hierarchical,2,3,q_396279,False,0.0,758.0
gemini_2_0_flash,hierarchical,3,1,q_625450,True,1.0,847.0
gemini_2_0_flash,hierarchical,3,1,q_525098,True,1.0,899.0
gemini_2_0_flash,hierarchical,3,1,q_405713,True,1.0,880.0
gemini_2_0_flash,hierarchical,3,1,q_940613,True,1.0,893.0
gemini_2_0_flash,hierarchical,3,1,q_542854,True,1.0,872.0
gemini_2_0_flash,hierarchical,3,1,q_666755,True,1.0,890.0
gemini_2_0_flash,hierarchical,3,1,q_208020,True,1.0,887.0
gemini_2_0_flash,hierarchical,3,1,q_797357,True,1.0,911.0
gemini_2_0_flash,hierarchical,3,1,q_719006,False,0.0,912.0
gemini_2_0_flash,hierarchical,3,1,q_470401,False,0.0,974.0
gemini_2_0_flash,hierarchical,3,2,q_133184,True,1.0,806.0
gemini_2_0_flash,hierarchical,3,2,q_402275,True,1.0,831.0
gemini_2_0_flash,hierarchical,3,2,q_186882,True,1.0,836.0
gemini_2_0_flash,hierarchical,3,2,q_724762,True,1.0,818.0
gemini_2_0_flash,hierarchical,3,2,q_563799,True,1.0,835.0
gemini_2_0_flash,hierarchical,3,2,q_696255,True,1.0,865.0
gemini_2_0_flash,hierarchical,3,2,q_437762,True,1.0,874.0
gemini_2_0_flash,hierarchical,3,2,q_858963,True,1.0,859.0
gemini_2_0_flash,hierarchical,3,2,q_502913,True,1.0,888.0
gemini_2_0_flash,hierarchical,3,2,q_200928,False,0.0,913.0
gemini_2_0_flash,hierarchical,3,3,q_548586,True,1.0,858.0
gemini_2_0_flash,hierarchical,3,3,q_835301,True,1.0,861.0
gemini_2_0_flash,hierarchical,3,3,q_216158,True,1.0,875.0
gemini_2_0_flash,hierarchical,3,3,q_820824,True,1.0,859.0
gemini_2_0_flash,hierarchical,3,3,q_937062,True,1.0,896.0
gemini_2_0_flash,hierarchical,3,3,q_607324,True,1.0,856.0
gemini_2_0_flash,hierarchical,3,3,q_205518,True,1.0,873.0
gemini_2_0_flash,hierarchical,3,3,q_954521,False,0.0,907.0
gemini_2_0_flash,hierarchical,3,3,q_715046,True,1.0,852.0
gemini_2_0_flash,hierarchical,3,3,q_695563,True,1.0,1017.0
gemini_2_0_flash,hierarchical,1,1,q_612845,True,1.0,379.0
gemini_2_0_flash,hierarchical,1,1,q_424489,True,1.0,387.0
gemini_2_0_flash,hierarchical,1,2,q_756368,True,1.0,347.0
gemini_2_0_flash,hierarchical,1,2,q_190768,True,1.0,384.0
gemini_2_0_flash,hierarchical,1,2,q_751175,True,1.0,419.0
gemini_2_0_flash,hierarchical,1,2,q_232668,True,1.0,408.0
gemini_2_0_flash,hierarchical,1,2,q_864609,True,1.0,404.0
gemini_2_0_flash,hierarchical,1,2,q_735939,True,1.0,410.0
gemini_2_0_flash,hierarchical,1,2,q_561902,False,0.0,458.0
gemini_2_0_flash,hierarchical,1,2,q_693014,False,0.0,439.0
gemini_2_0_flash,hierarchical,1,3,q_472113,True,1.0,330.0
gemini_2_0_flash,hierarchical,1,3,q_673386,True,1.0,334.0
gemini_2_0_flash,hierarchical,1,3,q_511813,True,1.0,359.0
gemini_2_0_flash,hierarchical,1,3,q_575625,True,1.0,360.0
gemini_2_0_flash,hierarchical,1,3,q_448805,True,1.0,382.0
gemini_2_0_flash,hierarchical,1,3,q_308078,True,1.0,451.0
gemini_2_0_flash,hierarchical,4,1,q_587640,True,1.0,1553.0
gemini_2_0_flash,hierarchical,4,1,q_910720,True,1.0,1593.0
gemini_2_0_flash,hierarchical,4,1,q_269301,True,1.0,1575.0
gemini_2_0_flash,hierarchical,4,1,q_143627,True,1.0,1634.0
gemini_2_0_flash,hierarchical,4,1,q_114328,True,1.0,1608.0
gemini_2_0_flash,hierarchical,4,1,q_789186,True,1.0,1582.0
gemini_2_0_flash,hierarchical,4,1,q_941734,True,1.0,1637.0
gemini_2_0_flash,hierarchical,4,1,q_370991,False,0.0,1607.0
gemini_2_0_flash,hierarchical,4,1,q_472333,True,1.0,1711.0
gemini_2_0_flash,hierarchical,4,1,q_629457,True,1.0,1625.0
gemini_2_0_flash,hierarchical,4,2,q_868670,True,1.0,1674.0
gemini_2_0_flash,hierarchical,4,2,q_738154,True,1.0,1663.0
gemini_2_0_flash,hierarchical,4,2,q_788226,True,1.0,1711.0
gemini_2_0_flash,hierarchical,4,2,q_157858,True,1.0,1714.0
gemini_2_0_flash,hierarchical,4,2,q_983532,True,1.0,1689.0
gemini_2_0_flash,hierarchical,4,2,q_289826,True,1.0,1710.0
gemini_2_0_flash,hierarchical,4,2,q_166068,True,1.0,1677.0
gemini_2_0_flash,hierarchical,4,2,q_493004,False,0.0,1681.0
gemini_2_0_flash,hierarchical,4,2,q_177961,True,1.0,1751.0
gemini_2_0_flash,hierarchical,4,2,q_811784,True,1.0,1754.0
gemini_2_0_flash,hierarchical,4,3,q_589161,True,1.0,1610.0
gemini_2_0_flash,hierarchical,4,3,q_144790,True,1.0,1622.0
gemini_2_0_flash,hierarchical,4,3,q_895813,True,1.0,1660.0
gemini_2_0_flash,hierarchical,4,3,q_112425,True,1.0,1653.0
gemini_2_0_flash,hierarchical,4,3,q_573717,True,1.0,1622.0
gemini_2_0_flash,hierarchical,4,3,q_962387,True,1.0,1650.0
gemini_2_0_flash,hierarchical,4,3,q_497258,True,1.0,1748.0
gemini_2_0_flash,hierarchical,4,3,q_762982,False,0.0,1689.0
gemini_2_0_flash,hierarchical,4,3,q_898760,True,1.0,1714.0
gemini_2_0_flash,hierarchical,4,3,q_676972,True,1.0,1858.0
gemini_2_0_flash,temporal,2,1,q_605459,False,0.0,620.0
gemini_2_0_flash,temporal,2,1,q_110981,True,1.0,730.0
gemini_2_0_flash,temporal,2,1,q_723108,True,1.0,712.0
gemini_2_0_flash,temporal,2,1,q_455497,True,1.0,752.0
gemini_2_0_flash,temporal,2,1,q_272731,True,1.0,820.0
gemini_2_0_flash,temporal,2,1,q_802957,True,1.0,934.0
gemini_2_0_flash,temporal,2,1,q_341223,True,1.0,755.0
gemini_2_0_flash,temporal,2,1,q_673027,True,1.0,888.0
gemini_2_0_flash,temporal,2,1,q_248549,False,0.0,768.0
gemini_2_0_flash,temporal,2,1,q_864552,False,0.0,982.0
gemini_2_0_flash,temporal,2,2,q_236344,True,1.0,592.0
gemini_2_0_flash,temporal,2,2,q_208237,True,1.0,630.0
gemini_2_0_flash,temporal,2,2,q_818838,True,1.0,694.0
gemini_2_0_flash,temporal,2,2,q_191706,True,1.0,745.0
gemini_2_0_flash,temporal,2,2,q_357629,True,1.0,888.0
gemini_2_0_flash,temporal,2,2,q_792135,True,1.0,649.0
gemini_2_0_flash,temporal,2,2,q_244619,True,1.0,748.0
gemini_2_0_flash,temporal,2,2,q_367863,False,0.0,707.0
gemini_2_0_flash,temporal,2,2,q_152795,False,0.0,765.0
gemini_2_0_flash,temporal,2,2,q_808189,True,1.0,1045.0
gemini_2_0_flash,temporal,2,3,q_358254,True,1.0,810.0
gemini_2_0_flash,temporal,2,3,q_118947,True,1.0,1093.0
gemini_2_0_flash,temporal,2,3,q_169346,True,1.0,1161.0
gemini_2_0_flash,temporal,2,3,q_575668,False,0.0,1201.0
gemini_2_0_flash,temporal,2,3,q_589852,True,1.0,1433.0
gemini_2_0_flash,temporal,2,3,q_675453,True,1.0,885.0
gemini_2_0_flash,temporal,2,3,q_281602,True,1.0,1212.0
gemini_2_0_flash,temporal,2,3,q_363444,True,1.0,1413.0
gemini_2_0_flash,temporal,2,3,q_557594,True,1.0,1504.0
gemini_2_0_flash,temporal,2,3,q_694498,True,1.0,9134.0
gemini_2_0_flash,temporal,3,1,q_675648,True,1.0,788.0
gemini_2_0_flash,temporal,3,1,q_223156,True,1.0,801.0
gemini_2_0_flash,temporal,3,1,q_856132,True,1.0,798.0
gemini_2_0_flash,temporal,3,1,q_908915,True,1.0,1125.0
gemini_2_0_flash,temporal,3,1,q_462307,True,1.0,1368.0
gemini_2_0_flash,temporal,3,1,q_155484,True,1.0,1512.0
gemini_2_0_flash,temporal,3,1,q_640403,True,1.0,1159.0
gemini_2_0_flash,temporal,3,1,q_398072,True,1.0,1492.0
gemini_2_0_flash,temporal,3,1,q_175464,True,1.0,1398.0
gemini_2_0_flash,temporal,3,1,q_297677,True,1.0,8904.0
gemini_2_0_flash,temporal,3,2,q_754803,True,1.0,706.0
gemini_2_0_flash,temporal,3,2,q_975143,True,1.0,719.0
gemini_2_0_flash,temporal,3,2,q_584318,True,1.0,726.0
gemini_2_0_flash,temporal,3,2,q_791806,True,1.0,1030.0
gemini_2_0_flash,temporal,3,2,q_246608,True,1.0,1063.0
gemini_2_0_flash,temporal,3,2,q_659379,True,1.0,1214.0
gemini_2_0_flash,temporal,3,2,q_637571,True,1.0,1334.0
gemini_2_0_flash,temporal,3,2,q_880410,True,1.0,862.0
gemini_2_0_flash,temporal,3,2,q_688099,False,0.0,1034.0
gemini_2_0_flash,temporal,3,2,q_951002,True,1.0,1473.0
gemini_2_0_flash,temporal,3,3,q_491097,True,1.0,765.0
gemini_2_0_flash,temporal,3,3,q_499898,True,1.0,776.0
gemini_2_0_flash,temporal,3,3,q_480869,True,1.0,765.0
gemini_2_0_flash,temporal,3,3,q_204372,True,1.0,875.0
gemini_2_0_flash,temporal,3,3,q_303086,True,1.0,850.0
gemini_2_0_flash,temporal,3,3,q_894845,True,1.0,1152.0
gemini_2_0_flash,temporal,3,3,q_961435,True,1.0,1030.0
gemini_2_0_flash,temporal,3,3,q_810293,False,0.0,1170.0
gemini_2_0_flash,temporal,3,3,q_199612,True,1.0,1746.0
gemini_2_0_flash,temporal,3,3,q_740968,True,1.0,9148.0
gemini_2_0_flash,temporal,1,1,q_345632,True,1.0,762.0
gemini_2_0_flash,temporal,1,1,q_603960,False,0.0,878.0
gemini_2_0_flash,temporal,1,1,q_188062,False,0.0,1000.0
gemini_2_0_flash,temporal,1,1,q_736762,True,1.0,866.0
gemini_2_0_flash,temporal,1,1,q_677642,False,0.0,817.0
gemini_2_0_flash,temporal,1,1,q_277684,False,0.0,873.0
gemini_2_0_flash,temporal,1,1,q_958081,True,1.0,1080.0
gemini_2_0_flash,temporal,1,1,q_256351,False,0.0,1108.0
gemini_2_0_flash,temporal,1,1,q_649587,False,0.0,1429.0
gemini_2_0_flash,temporal,1,2,q_646878,True,1.0,843.0
gemini_2_0_flash,temporal,1,2,q_315828,True,1.0,872.0
gemini_2_0_flash,temporal,1,2,q_338252,True,1.0,1066.0
gemini_2_0_flash,temporal,1,2,q_386081,True,1.0,1021.0
gemini_2_0_flash,temporal,1,2,q_612510,True,1.0,1066.0
gemini_2_0_flash,temporal,1,2,q_261791,True,1.0,982.0
gemini_2_0_flash,temporal,1,2,q_224139,True,1.0,980.0
gemini_2_0_flash,temporal,1,2,q_395337,True,1.0,1044.0
gemini_2_0_flash,temporal,1,2,q_812976,False,0.0,1341.0
gemini_2_0_flash,temporal,1,2,q_431821,True,1.0,1059.0
gemini_2_0_flash,temporal,1,3,q_382437,True,1.0,646.0
gemini_2_0_flash,temporal,1,3,q_367289,True,1.0,758.0
gemini_2_0_flash,temporal,1,3,q_787594,True,1.0,764.0
gemini_2_0_flash,temporal,1,3,q_534995,True,1.0,976.0
gemini_2_0_flash,temporal,1,3,q_609142,True,1.0,841.0
gemini_2_0_flash,temporal,1,3,q_863402,True,1.0,963.0
gemini_2_0_flash,temporal,1,3,q_482716,True,1.0,1094.0
gemini_2_0_flash,temporal,1,3,q_594214,True,1.0,1181.0
gemini_2_0_flash,temporal,1,3,q_879712,True,1.0,754.0
gemini_2_0_flash,temporal,4,1,q_461090,True,1.0,848.0
gemini_2_0_flash,temporal,4,1,q_306979,True,1.0,847.0
gemini_2_0_flash,temporal,4,1,q_732992,True,1.0,881.0
gemini_2_0_flash,temporal,4,1,q_864187,True,1.0,851.0
gemini_2_0_flash,temporal,4,1,q_370551,True,1.0,1094.0
gemini_2_0_flash,temporal,4,1,q_863112,True,1.0,1134.0
gemini_2_0_flash,temporal,4,1,q_727668,True,1.0,1268.0
gemini_2_0_flash,temporal,4,1,q_715385,False,0.0,1340.0
gemini_2_0_flash,temporal,4,1,q_479999,True,1.0,1468.0
gemini_2_0_flash,temporal,4,1,q_981788,True,1.0,1720.0
gemini_2_0_flash,temporal,4,2,q_469384,True,1.0,668.0
gemini_2_0_flash,temporal,4,2,q_223469,True,1.0,659.0
gemini_2_0_flash,temporal,4,2,q_660466,True,1.0,846.0
gemini_2_0_flash,temporal,4,2,q_889583,True,1.0,1051.0
gemini_2_0_flash,temporal,4,2,q_178323,True,1.0,1202.0
gemini_2_0_flash,temporal,4,2,q_910471,True,1.0,1093.0
gemini_2_0_flash,temporal,4,2,q_413629,True,1.0,1133.0
gemini_2_0_flash,temporal,4,2,q_452271,True,1.0,1278.0
gemini_2_0_flash,temporal,4,2,q_159790,True,1.0,1246.0
gemini_2_0_flash,temporal,4,2,q_652945,True,1.0,1229.0
gemini_2_0_flash,temporal,4,3,q_763519,True,1.0,705.0
gemini_2_0_flash,temporal,4,3,q_303853,True,1.0,684.0
gemini_2_0_flash,temporal,4,3,q_720968,True,1.0,992.0
gemini_2_0_flash,temporal,4,3,q_302794,True,1.0,1094.0
gemini_2_0_flash,temporal,4,3,q_136085,False,0.0,802.0
gemini_2_0_flash,temporal,4,3,q_297453,True,1.0,1125.0
gemini_2_0_flash,temporal,4,3,q_382114,True,1.0,1249.0
gemini_2_0_flash,temporal,4,3,q_555992,True,1.0,1108.0
gemini_2_0_flash,temporal,4,3,q_975021,False,0.0,826.0
gemini_2_0_flash,temporal,4,3,q_364638,True,1.0,1468.0
gemini_2_0_flash,weighted,2,1,q_525126,True,1.0,1252.0
gemini_2_0_flash,weighted,2,1,q_213872,True,1.0,1288.0
gemini_2_0_flash,weighted,2,1,q_872439,True,1.0,1285.0
gemini_2_0_flash,weighted,2,1,q_922981,False,0.0,1317.0
gemini_2_0_flash,weighted,2,1,q_298733,True,1.0,1405.0
gemini_2_0_flash,weighted,2,1,q_356749,False,0.0,1632.0
gemini_2_0_flash,weighted,2,1,q_863464,True,1.0,1563.0
gemini_2_0_flash,weighted,2,1,q_634355,True,1.0,2412.0
gemini_2_0_flash,weighted,2,1,q_753276,True,1.0,2160.0
gemini_2_0_flash,weighted,2,1,q_861611,False,0.0,2497.0
gemini_2_0_flash,weighted,2,2,q_545467,True,1.0,1459.0
gemini_2_0_flash,weighted,2,2,q_314972,True,1.0,1452.0
gemini_2_0_flash,weighted,2,2,q_454334,True,1.0,1459.0
gemini_2_0_flash,weighted,2,2,q_935784,False,0.0,1539.0
gemini_2_0_flash,weighted,2,2,q_267504,False,0.0,1833.0
gemini_2_0_flash,weighted,2,2,q_991319,True,1.0,1934.0
gemini_2_0_flash,weighted,2,2,q_481529,True,1.0,2548.0
gemini_2_0_flash,weighted,2,2,q_204158,False,0.0,2486.0
gemini_2_0_flash,weighted,2,2,q_944239,True,1.0,2993.0
gemini_2_0_flash,weighted,2,2,q_972070,False,1.0,9576.0
gemini_2_0_flash,weighted,2,3,q_482251,True,1.0,1149.0
gemini_2_0_flash,weighted,2,3,q_713462,False,0.0,1514.0
gemini_2_0_flash,weighted,2,3,q_639526,False,0.0,1763.0
gemini_2_0_flash,weighted,2,3,q_389834,True,1.0,1753.0
gemini_2_0_flash,weighted,2,3,q_566988,False,0.0,1753.0
gemini_2_0_flash,weighted,2,3,q_122575,False,1.0,1668.0
gemini_2_0_flash,weighted,2,3,q_152619,False,0.0,1882.0
gemini_2_0_flash,weighted,2,3,q_370470,False,0.0,1822.0
gemini_2_0_flash,weighted,2,3,q_599298,True,1.0,2018.0
gemini_2_0_flash,weighted,2,3,q_661709,False,0.0,9253.0
gemini_2_0_flash,weighted,3,1,q_865549,True,1.0,3253.0
gemini_2_0_flash,weighted,3,1,q_997774,True,1.0,3245.0
gemini_2_0_flash,weighted,3,1,q_278076,True,1.0,3249.0
gemini_2_0_flash,weighted,3,1,q_573613,True,1.0,3708.0
gemini_2_0_flash,weighted,3,1,q_305456,False,0.25,3446.0
gemini_2_0_flash,weighted,3,1,q_858350,False,0.0,3350.0
gemini_2_0_flash,weighted,3,1,q_361679,False,0.0,3823.0
gemini_2_0_flash,weighted,3,1,q_529992,False,0.0,4092.0
gemini_2_0_flash,weighted,3,1,q_508273,False,0.0,6724.0
gemini_2_0_flash,weighted,3,1,q_109581,False,0.0,6372.0
gemini_2_0_flash,weighted,3,2,q_163034,True,1.0,2782.0
gemini_2_0_flash,weighted,3,2,q_615025,True,1.0,2814.0
gemini_2_0_flash,weighted,3,2,q_436836,True,1.0,2792.0
gemini_2_0_flash,weighted,3,2,q_921827,True,1.0,2803.0
gemini_2_0_flash,weighted,3,2,q_330900,False,0.0,3136.0
gemini_2_0_flash,weighted,3,2,q_723334,False,0.0,3697.0
gemini_2_0_flash,weighted,3,2,q_843520,False,0.0,4291.0
gemini_2_0_flash,weighted,3,2,q_749733,False,0.0,5222.0
gemini_2_0_flash,weighted,3,2,q_688191,True,1.0,5048.0
gemini_2_0_flash,weighted,3,2,q_994296,False,0.75,10926.0
gemini_2_0_flash,weighted,3,3,q_730666,True,1.0,3542.0
gemini_2_0_flash,weighted,3,3,q_402899,False,0.0,3784.0
gemini_2_0_flash,weighted,3,3,q_719781,True,1.0,3896.0
gemini_2_0_flash,weighted,3,3,q_220189,True,1.0,4150.0
gemini_2_0_flash,weighted,3,3,q_787516,False,0.0,4724.0
gemini_2_0_flash,weighted,3,3,q_105589,True,1.0,4711.0
gemini_2_0_flash,weighted,3,3,q_832605,False,0.0,5436.0
gemini_2_0_flash,weighted,3,3,q_219727,True,1.0,7502.0
gemini_2_0_flash,weighted,3,3,q_374718,False,0.0,11658.0
gemini_2_0_flash,weighted,3,3,q_257518,False,1.0,11671.0
gemini_2_0_flash,weighted,1,1,q_713576,True,1.0,1169.0
gemini_2_0_flash,weighted,1,1,q_660959,True,1.0,1167.0
gemini_2_0_flash,weighted,1,1,q_816058,True,1.0,1007.0
gemini_2_0_flash,weighted,1,1,q_133167,True,1.0,1073.0
gemini_2_0_flash,weighted,1,2,q_678269,True,1.0,716.0
gemini_2_0_flash,weighted,1,2,q_225277,True,1.0,750.0
gemini_2_0_flash,weighted,1,2,q_940931,True,1.0,754.0
gemini_2_0_flash,weighted,1,2,q_154957,True,1.0,1130.0
gemini_2_0_flash,weighted,1,2,q_249018,True,1.0,1021.0
gemini_2_0_flash,weighted,1,2,q_706270,True,1.0,1128.0
gemini_2_0_flash,weighted,1,2,q_464951,True,1.0,1175.0
gemini_2_0_flash,weighted,1,3,q_688231,True,1.0,733.0
gemini_2_0_flash,weighted,1,3,q_533661,True,1.0,1091.0
gemini_2_0_flash,weighted,1,3,q_129000,True,1.0,1092.0
gemini_2_0_flash,weighted,1,3,q_791935,True,1.0,1091.0
gemini_2_0_flash,weighted,1,3,q_898257,True,1.0,1116.0
gemini_2_0_flash,weighted,4,1,q_247307,True,1.0,5573.0
gemini_2_0_flash,weighted,4,1,q_516057,True,1.0,5577.0
gemini_2_0_flash,weighted,4,1,q_195008,True,1.0,5597.0
gemini_2_0_flash,weighted,4,1,q_219923,True,1.0,5583.0
gemini_2_0_flash,weighted,4,1,q_164260,True,1.0,5583.0
gemini_2_0_flash,weighted,4,1,q_935250,True,1.0,6005.0
gemini_2_0_flash,weighted,4,1,q_596680,False,0.0,5999.0
gemini_2_0_flash,weighted,4,1,q_199206,True,1.0,6019.0
gemini_2_0_flash,weighted,4,1,q_169355,True,1.0,6038.0
gemini_2_0_flash,weighted,4,1,q_816349,False,0.4,13701.0
gemini_2_0_flash,weighted,4,2,q_258796,True,1.0,8509.0
gemini_2_0_flash,weighted,4,2,q_136155,True,1.0,8533.0
gemini_2_0_flash,weighted,4,2,q_983936,True,1.0,8554.0
gemini_2_0_flash,weighted,4,2,q_547481,True,1.0,8607.0
gemini_2_0_flash,weighted,4,2,q_329987,True,1.0,9039.0
gemini_2_0_flash,weighted,4,2,q_270515,True,1.0,9057.0
gemini_2_0_flash,weighted,4,2,q_918124,True,1.0,11721.0
gemini_2_0_flash,weighted,4,2,q_297507,False,0.0,16648.0
gemini_2_0_flash,weighted,4,2,q_540959,False,0.0,17013.0
gemini_2_0_flash,weighted,4,2,q_596270,False,0.6,16661.0
gemini_2_0_flash,weighted,4,3,q_922727,True,1.0,5957.0
gemini_2_0_flash,weighted,4,3,q_128033,True,1.0,5957.0
gemini_2_0_flash,weighted,4,3,q_137161,True,1.0,5953.0
gemini_2_0_flash,weighted,4,3,q_892733,True,1.0,5965.0
gemini_2_0_flash,weighted,4,3,q_347471,True,1.0,5981.0
gemini_2_0_flash,weighted,4,3,q_796298,False,0.0,6450.0
gemini_2_0_flash,weighted,4,3,q_136965,False,0.0,6455.0
gemini_2_0_flash,weighted,4,3,q_988888,False,0.0,6356.0
gemini_2_0_flash,weighted,4,3,q_408296,False,0.0,7004.0
gemini_2_0_flash,weighted,4,3,q_352595,False,0.0,7537.0
gemini_2_0_flash,conflicting,2,1,q_886852,True,1.0,1686.0
gemini_2_0_flash,conflicting,2,1,q_540576,True,1.0,1709.0
gemini_2_0_flash,conflicting,2,1,q_155096,True,1.0,1726.0
gemini_2_0_flash,conflicting,2,1,q_958792,True,1.0,1659.0
gemini_2_0_flash,conflicting,2,1,q_898079,False,0.0,1629.0
gemini_2_0_flash,conflicting,2,1,q_477375,True,1.0,1756.0
gemini_2_0_flash,conflicting,2,1,q_889237,True,1.0,1963.0
gemini_2_0_flash,conflicting,2,1,q_882346,True,1.0,2049.0
gemini_2_0_flash,conflicting,2,1,q_796482,True,1.0,2136.0
gemini_2_0_flash,conflicting,2,1,q_421190,True,1.0,1974.0
gemini_2_0_flash,conflicting,2,2,q_248231,True,1.0,1680.0
gemini_2_0_flash,conflicting,2,2,q_467679,True,1.0,1789.0
gemini_2_0_flash,conflicting,2,2,q_394127,True,1.0,1773.0
gemini_2_0_flash,conflicting,2,2,q_834874,True,1.0,1680.0
gemini_2_0_flash,conflicting,2,2,q_662192,True,1.0,1841.0
gemini_2_0_flash,conflicting,2,2,q_439854,True,1.0,1691.0
gemini_2_0_flash,conflicting,2,2,q_800533,False,0.0,1865.0
gemini_2_0_flash,conflicting,2,2,q_640334,True,1.0,1828.0
gemini_2_0_flash,conflicting,2,2,q_725868,True,1.0,1805.0
gemini_2_0_flash,conflicting,2,2,q_264795,True,1.0,1823.0
gemini_2_0_flash,conflicting,2,3,q_887730,True,1.0,1354.0
gemini_2_0_flash,conflicting,2,3,q_671748,True,1.0,1560.0
gemini_2_0_flash,conflicting,2,3,q_954064,True,1.0,1603.0
gemini_2_0_flash,conflicting,2,3,q_658473,True,1.0,1847.0
gemini_2_0_flash,conflicting,2,3,q_271826,True,1.0,1872.0
gemini_2_0_flash,conflicting,2,3,q_282933,True,1.0,1919.0
gemini_2_0_flash,conflicting,2,3,q_794697,True,1.0,1779.0
gemini_2_0_flash,conflicting,2,3,q_664111,True,1.0,1863.0
gemini_2_0_flash,conflicting,2,3,q_942650,True,1.0,1941.0
gemini_2_0_flash,conflicting,2,3,q_459027,True,1.0,2011.0
gemini_2_0_flash,conflicting,3,1,q_279628,True,1.0,2178.0
gemini_2_0_flash,conflicting,3,1,q_839143,True,1.0,2002.0
gemini_2_0_flash,conflicting,3,1,q_846391,True,1.0,2198.0
gemini_2_0_flash,conflicting,3,1,q_667636,True,1.0,2042.0
gemini_2_0_flash,conflicting,3,1,q_354017,False,0.0,2337.0
gemini_2_0_flash,conflicting,3,1,q_157869,False,0.0,2706.0
gemini_2_0_flash,conflicting,3,1,q_277988,True,1.0,2721.0
gemini_2_0_flash,conflicting,3,1,q_916867,True,1.0,2642.0
gemini_2_0_flash,conflicting,3,1,q_532864,True,1.0,2805.0
gemini_2_0_flash,conflicting,3,1,q_445554,True,1.0,2920.0
gemini_2_0_flash,conflicting,3,2,q_118146,True,1.0,2299.0
gemini_2_0_flash,conflicting,3,2,q_653902,True,1.0,2463.0
gemini_2_0_flash,conflicting,3,2,q_991823,True,1.0,2443.0
gemini_2_0_flash,conflicting,3,2,q_667304,False,0.0,2529.0
gemini_2_0_flash,conflicting,3,2,q_965853,False,0.0,2618.0
gemini_2_0_flash,conflicting,3,2,q_946374,True,1.0,2978.0
gemini_2_0_flash,conflicting,3,2,q_276255,True,1.0,2745.0
gemini_2_0_flash,conflicting,3,2,q_164280,True,1.0,2967.0
gemini_2_0_flash,conflicting,3,2,q_994981,True,1.0,2825.0
gemini_2_0_flash,conflicting,3,2,q_660859,False,0.0,10131.0
gemini_2_0_flash,conflicting,3,3,q_201497,True,1.0,2046.0
gemini_2_0_flash,conflicting,3,3,q_410320,True,1.0,2061.0
gemini_2_0_flash,conflicting,3,3,q_272455,True,1.0,2261.0
gemini_2_0_flash,conflicting,3,3,q_229794,True,1.0,2275.0
gemini_2_0_flash,conflicting,3,3,q_294507,True,1.0,2258.0
gemini_2_0_flash,conflicting,3,3,q_727217,True,1.0,2351.0
gemini_2_0_flash,conflicting,3,3,q_153735,True,1.0,2340.0
gemini_2_0_flash,conflicting,3,3,q_149945,True,1.0,2582.0
gemini_2_0_flash,conflicting,3,3,q_532702,False,0.0,3104.0
gemini_2_0_flash,conflicting,3,3,q_416863,False,0.0,3139.0
gemini_2_0_flash,conflicting,1,1,q_532309,True,1.0,1410.0
gemini_2_0_flash,conflicting,1,1,q_146868,True,1.0,1380.0
gemini_2_0_flash,conflicting,1,1,q_920055,True,1.0,1457.0
gemini_2_0_flash,conflicting,1,1,q_525845,True,1.0,1459.0
gemini_2_0_flash,conflicting,1,1,q_836946,False,0.0,1473.0
gemini_2_0_flash,conflicting,1,1,q_223415,True,1.0,1584.0
gemini_2_0_flash,conflicting,1,1,q_665549,True,1.0,1478.0
gemini_2_0_flash,conflicting,1,1,q_161940,True,1.0,1877.0
gemini_2_0_flash,conflicting,1,1,q_372812,True,1.0,1630.0
gemini_2_0_flash,conflicting,1,1,q_127936,False,0.0,9143.0
gemini_2_0_flash,conflicting,1,2,q_940328,False,0.0,1121.0
gemini_2_0_flash,conflicting,1,2,q_329093,True,1.0,1215.0
gemini_2_0_flash,conflicting,1,2,q_245002,False,0.0,1204.0
gemini_2_0_flash,conflicting,1,2,q_350021,True,1.0,1245.0
gemini_2_0_flash,conflicting,1,2,q_368892,True,1.0,1312.0
gemini_2_0_flash,conflicting,1,2,q_953208,True,1.0,1296.0
gemini_2_0_flash,conflicting,1,2,q_731920,True,1.0,1358.0
gemini_2_0_flash,conflicting,1,2,q_721715,True,1.0,1460.0
gemini_2_0_flash,conflicting,1,2,q_925167,True,1.0,1503.0
gemini_2_0_flash,conflicting,1,2,q_942955,True,1.0,1494.0
gemini_2_0_flash,conflicting,1,3,q_994684,False,0.0,1281.0
gemini_2_0_flash,conflicting,1,3,q_268990,False,0.0,1443.0
gemini_2_0_flash,conflicting,1,3,q_262964,True,1.0,1509.0
gemini_2_0_flash,conflicting,1,3,q_241313,True,1.0,1538.0
gemini_2_0_flash,conflicting,1,3,q_863441,True,1.0,1443.0
gemini_2_0_flash,conflicting,1,3,q_688137,True,1.0,1588.0
gemini_2_0_flash,conflicting,1,3,q_962684,True,1.0,1556.0
gemini_2_0_flash,conflicting,1,3,q_197624,True,1.0,1593.0
gemini_2_0_flash,conflicting,1,3,q_289394,True,1.0,1347.0
gemini_2_0_flash,conflicting,1,3,q_467762,True,1.0,1443.0
gemini_2_0_flash,conflicting,4,1,q_801489,True,1.0,3911.0
gemini_2_0_flash,conflicting,4,1,q_824339,True,1.0,3743.0
gemini_2_0_flash,conflicting,4,1,q_122222,False,0.0,4433.0
gemini_2_0_flash,conflicting,4,1,q_743721,True,1.0,4574.0
gemini_2_0_flash,conflicting,4,1,q_508581,False,0.0,4463.0
gemini_2_0_flash,conflicting,4,1,q_584767,True,1.0,4396.0
gemini_2_0_flash,conflicting,4,1,q_121542,False,0.0,4479.0
gemini_2_0_flash,conflicting,4,1,q_576428,False,0.0,4630.0
gemini_2_0_flash,conflicting,4,1,q_160988,True,1.0,5074.0
gemini_2_0_flash,conflicting,4,1,q_854515,False,0.0,11886.0
gemini_2_0_flash,conflicting,4,2,q_338545,False,0.0,3702.0
gemini_2_0_flash,conflicting,4,2,q_615458,True,1.0,4009.0
gemini_2_0_flash,conflicting,4,2,q_583104,True,1.0,4000.0
gemini_2_0_flash,conflicting,4,2,q_235972,True,1.0,4154.0
gemini_2_0_flash,conflicting,4,2,q_183386,False,0.0,4127.0
gemini_2_0_flash,conflicting,4,2,q_914815,False,0.0,4388.0
gemini_2_0_flash,conflicting,4,2,q_748584,True,1.0,4516.0
gemini_2_0_flash,conflicting,4,2,q_528408,False,0.0,4471.0
gemini_2_0_flash,conflicting,4,2,q_368500,True,1.0,4610.0
gemini_2_0_flash,conflicting,4,2,q_418204,False,0.0,4576.0
gemini_2_0_flash,conflicting,4,3,q_723915,True,1.0,4071.0
gemini_2_0_flash,conflicting,4,3,q_850359,True,1.0,3878.0
gemini_2_0_flash,conflicting,4,3,q_183171,True,1.0,3873.0
gemini_2_0_flash,conflicting,4,3,q_802777,True,1.0,3893.0
gemini_2_0_flash,conflicting,4,3,q_883159,True,1.0,4074.0
gemini_2_0_flash,conflicting,4,3,q_100757,False,0.0,4189.0
gemini_2_0_flash,conflicting,4,3,q_534834,False,0.0,4647.0
gemini_2_0_flash,conflicting,4,3,q_662973,False,0.0,4678.0
gemini_2_0_flash,conflicting,4,3,q_549637,False,0.0,5047.0
gemini_2_0_flash,conflicting,4,3,q_826096,False,0.0,4856.0
SmolLM3_3B,multihop,2,1,q_619868,False,0.0,3055.0
SmolLM3_3B,multihop,2,1,q_986362,False,0.0,3110.0
SmolLM3_3B,multihop,2,1,q_404139,True,1.0,3831.0
SmolLM3_3B,multihop,2,1,q_327208,False,0.0,
SmolLM3_3B,multihop,2,1,q_648931,False,0.0,
SmolLM3_3B,multihop,2,1,q_921620,False,0.0,
SmolLM3_3B,multihop,2,1,q_809401,False,0.0,
SmolLM3_3B,multihop,2,1,q_942912,False,0.0,
SmolLM3_3B,multihop,2,1,q_782242,False,0.0,
SmolLM3_3B,multihop,2,1,q_378073,False,0.0,
SmolLM3_3B,multihop,2,2,q_823798,True,1.0,1494.0
SmolLM3_3B,multihop,2,2,q_845797,True,1.0,1867.0
SmolLM3_3B,multihop,2,2,q_468744,True,1.0,2275.0
SmolLM3_3B,multihop,2,2,q_352253,True,1.0,2348.0
SmolLM3_3B,multihop,2,2,q_474168,False,0.0,2385.0
SmolLM3_3B,multihop,2,2,q_822987,True,1.0,2426.0
SmolLM3_3B,multihop,2,2,q_899577,False,0.0,
SmolLM3_3B,multihop,2,2,q_264873,False,0.0,
SmolLM3_3B,multihop,2,2,q_165693,False,0.0,
SmolLM3_3B,multihop,2,2,q_332261,False,0.0,
SmolLM3_3B,multihop,2,3,q_476218,True,1.0,2899.0
SmolLM3_3B,multihop,2,3,q_702979,True,1.0,2916.0
SmolLM3_3B,multihop,2,3,q_154389,False,0.5,3292.0
SmolLM3_3B,multihop,2,3,q_311817,False,0.0,3372.0
SmolLM3_3B,multihop,2,3,q_668322,False,0.0,3365.0
SmolLM3_3B,multihop,2,3,q_691332,False,0.0,
SmolLM3_3B,multihop,2,3,q_276905,False,0.0,
SmolLM3_3B,multihop,2,3,q_273960,False,0.0,
SmolLM3_3B,multihop,2,3,q_456014,False,0.0,
SmolLM3_3B,multihop,2,3,q_422113,False,0.0,
SmolLM3_3B,multihop,3,1,q_970394,False,0.0,10067.0
SmolLM3_3B,multihop,3,1,q_656389,True,1.0,10352.0
SmolLM3_3B,multihop,3,1,q_928183,True,1.0,10783.0
SmolLM3_3B,multihop,3,1,q_696500,False,0.0,11149.0
SmolLM3_3B,multihop,3,1,q_949742,False,0.0,
SmolLM3_3B,multihop,3,1,q_718331,False,0.0,
SmolLM3_3B,multihop,3,1,q_711435,False,0.0,
SmolLM3_3B,multihop,3,1,q_171433,False,0.0,
SmolLM3_3B,multihop,3,1,q_949179,False,0.0,
SmolLM3_3B,multihop,3,1,q_110447,False,0.0,
SmolLM3_3B,multihop,3,2,q_620975,False,0.0,8729.0
SmolLM3_3B,multihop,3,2,q_772039,False,0.0,8983.0
SmolLM3_3B,multihop,3,2,q_236270,True,1.0,9343.0
SmolLM3_3B,multihop,3,2,q_407914,False,0.0,
SmolLM3_3B,multihop,3,2,q_136638,False,0.0,
SmolLM3_3B,multihop,3,2,q_238241,False,0.0,
SmolLM3_3B,multihop,3,2,q_645447,False,0.0,
SmolLM3_3B,multihop,3,2,q_356683,False,0.0,
SmolLM3_3B,multihop,3,2,q_656667,False,0.0,
SmolLM3_3B,multihop,3,2,q_705550,False,0.0,
SmolLM3_3B,multihop,3,3,q_761818,True,1.0,8118.0
SmolLM3_3B,multihop,3,3,q_232217,False,0.0,
SmolLM3_3B,multihop,3,3,q_247843,False,0.0,
SmolLM3_3B,multihop,3,3,q_145687,False,0.0,
SmolLM3_3B,multihop,3,3,q_225196,False,0.0,
SmolLM3_3B,multihop,3,3,q_847630,False,0.0,
SmolLM3_3B,multihop,3,3,q_151997,False,0.0,
SmolLM3_3B,multihop,3,3,q_142070,False,0.0,
SmolLM3_3B,multihop,3,3,q_147200,False,0.0,
SmolLM3_3B,multihop,3,3,q_987193,False,0.0,
SmolLM3_3B,multihop,1,1,q_167167,True,1.0,1229.0
SmolLM3_3B,multihop,1,1,q_564488,False,0.0,1877.0
SmolLM3_3B,multihop,1,1,q_383626,True,1.0,1923.0
SmolLM3_3B,multihop,1,2,q_323749,True,1.0,1284.0
SmolLM3_3B,multihop,1,2,q_528251,False,0.0,1393.0
SmolLM3_3B,multihop,1,2,q_234862,False,0.0,
SmolLM3_3B,multihop,1,3,q_893805,True,1.0,1214.0
SmolLM3_3B,multihop,1,3,q_730503,True,1.0,1251.0
SmolLM3_3B,multihop,1,3,q_292391,False,0.0,1251.0
SmolLM3_3B,multihop,1,3,q_475291,True,1.0,1359.0
SmolLM3_3B,multihop,1,3,q_803302,False,0.0,1466.0
SmolLM3_3B,multihop,1,3,q_253883,True,1.0,1469.0
SmolLM3_3B,multihop,1,3,q_683282,True,1.0,1500.0
SmolLM3_3B,multihop,1,3,q_686839,False,0.0,
SmolLM3_3B,multihop,1,3,q_680902,False,0.0,
SmolLM3_3B,multihop,1,3,q_274616,False,0.0,
SmolLM3_3B,multihop,4,1,q_644645,False,0.0,
SmolLM3_3B,multihop,4,1,q_932696,False,0.0,
SmolLM3_3B,multihop,4,1,q_780685,False,0.0,
SmolLM3_3B,multihop,4,1,q_670884,False,0.0,
SmolLM3_3B,multihop,4,1,q_626920,False,0.0,
SmolLM3_3B,multihop,4,1,q_941497,False,0.0,
SmolLM3_3B,multihop,4,1,q_503690,False,0.0,
SmolLM3_3B,multihop,4,1,q_786396,False,0.0,
SmolLM3_3B,multihop,4,1,q_117572,False,0.0,
SmolLM3_3B,multihop,4,1,q_241793,False,0.0,
SmolLM3_3B,multihop,4,2,q_963388,False,0.0,
SmolLM3_3B,multihop,4,2,q_243014,False,0.0,
SmolLM3_3B,multihop,4,2,q_721809,False,0.0,
SmolLM3_3B,multihop,4,2,q_450525,False,0.0,
SmolLM3_3B,multihop,4,2,q_638331,False,0.0,
SmolLM3_3B,multihop,4,2,q_439336,False,0.0,
SmolLM3_3B,multihop,4,2,q_941258,False,0.0,
SmolLM3_3B,multihop,4,2,q_713951,False,0.0,
SmolLM3_3B,multihop,4,2,q_454279,False,0.0,
SmolLM3_3B,multihop,4,2,q_386560,False,0.0,
SmolLM3_3B,multihop,4,3,q_525142,False,0.0,
SmolLM3_3B,multihop,4,3,q_144829,False,0.0,
SmolLM3_3B,multihop,4,3,q_637950,False,0.0,
SmolLM3_3B,multihop,4,3,q_100612,False,0.0,
SmolLM3_3B,multihop,4,3,q_778850,False,0.0,
SmolLM3_3B,multihop,4,3,q_885910,False,0.0,
SmolLM3_3B,multihop,4,3,q_273439,False,0.0,
SmolLM3_3B,multihop,4,3,q_608862,False,0.0,
SmolLM3_3B,multihop,4,3,q_726917,False,0.0,
SmolLM3_3B,multihop,4,3,q_982362,False,0.0,
SmolLM3_3B,hierarchical,2,1,q_390877,True,1.0,1184.0
SmolLM3_3B,hierarchical,2,1,q_705693,False,0.0,1265.0
SmolLM3_3B,hierarchical,2,1,q_322710,False,0.5,1282.0
SmolLM3_3B,hierarchical,2,1,q_664453,True,1.0,1282.0
SmolLM3_3B,hierarchical,2,1,q_770896,True,1.0,1291.0
SmolLM3_3B,hierarchical,2,1,q_712590,True,1.0,1310.0
SmolLM3_3B,hierarchical,2,1,q_275237,True,1.0,1411.0
SmolLM3_3B,hierarchical,2,1,q_184621,False,0.0,1726.0
SmolLM3_3B,hierarchical,2,1,q_904893,False,0.0,1900.0
SmolLM3_3B,hierarchical,2,1,q_901266,False,0.0,
SmolLM3_3B,hierarchical,2,2,q_757781,True,1.0,1009.0
SmolLM3_3B,hierarchical,2,2,q_871434,True,1.0,1068.0
SmolLM3_3B,hierarchical,2,2,q_700008,True,1.0,1081.0
SmolLM3_3B,hierarchical,2,2,q_993314,True,1.0,1097.0
SmolLM3_3B,hierarchical,2,2,q_531167,True,1.0,1107.0
SmolLM3_3B,hierarchical,2,2,q_274008,True,1.0,1294.0
SmolLM3_3B,hierarchical,2,2,q_642240,True,1.0,1288.0
SmolLM3_3B,hierarchical,2,2,q_478914,False,0.0,1319.0
SmolLM3_3B,hierarchical,2,2,q_429016,False,0.0,
SmolLM3_3B,hierarchical,2,2,q_316392,False,0.0,
SmolLM3_3B,hierarchical,2,3,q_544245,True,1.0,1052.0
SmolLM3_3B,hierarchical,2,3,q_396279,False,0.0,1054.0
SmolLM3_3B,hierarchical,2,3,q_585598,True,1.0,1494.0
SmolLM3_3B,hierarchical,2,3,q_994582,True,1.0,1554.0
SmolLM3_3B,hierarchical,2,3,q_485687,True,1.0,1581.0
SmolLM3_3B,hierarchical,2,3,q_514106,False,0.0,1785.0
SmolLM3_3B,hierarchical,2,3,q_588605,False,0.0,2698.0
SmolLM3_3B,hierarchical,2,3,q_884440,False,0.0,3789.0
SmolLM3_3B,hierarchical,2,3,q_190862,False,0.0,
SmolLM3_3B,hierarchical,2,3,q_730919,False,0.0,
SmolLM3_3B,hierarchical,3,1,q_940613,True,1.0,1426.0
SmolLM3_3B,hierarchical,3,1,q_666755,False,0.0,1439.0
SmolLM3_3B,hierarchical,3,1,q_208020,False,0.0,1466.0
SmolLM3_3B,hierarchical,3,1,q_625450,True,1.0,1498.0
SmolLM3_3B,hierarchical,3,1,q_797357,False,0.6,1585.0
SmolLM3_3B,hierarchical,3,1,q_405713,False,0.0,1582.0
SmolLM3_3B,hierarchical,3,1,q_470401,False,0.0,1581.0
SmolLM3_3B,hierarchical,3,1,q_542854,True,1.0,1803.0
SmolLM3_3B,hierarchical,3,1,q_719006,True,1.0,2197.0
SmolLM3_3B,hierarchical,3,1,q_525098,False,0.0,
SmolLM3_3B,hierarchical,3,2,q_133184,True,1.0,1136.0
SmolLM3_3B,hierarchical,3,2,q_200928,False,0.0,1188.0
SmolLM3_3B,hierarchical,3,2,q_563799,True,1.0,1233.0
SmolLM3_3B,hierarchical,3,2,q_724762,True,1.0,1299.0
SmolLM3_3B,hierarchical,3,2,q_402275,False,0.0,1371.0
SmolLM3_3B,hierarchical,3,2,q_502913,True,1.0,1565.0
SmolLM3_3B,hierarchical,3,2,q_696255,True,1.0,1577.0
SmolLM3_3B,hierarchical,3,2,q_186882,True,1.0,1587.0
SmolLM3_3B,hierarchical,3,2,q_858963,False,0.0,2384.0
SmolLM3_3B,hierarchical,3,2,q_437762,False,0.0,
SmolLM3_3B,hierarchical,3,3,q_607324,True,1.0,1209.0
SmolLM3_3B,hierarchical,3,3,q_715046,True,1.0,1210.0
SmolLM3_3B,hierarchical,3,3,q_820824,True,1.0,1297.0
SmolLM3_3B,hierarchical,3,3,q_835301,True,1.0,1312.0
SmolLM3_3B,hierarchical,3,3,q_695563,True,1.0,1437.0
SmolLM3_3B,hierarchical,3,3,q_954521,False,0.0,1493.0
SmolLM3_3B,hierarchical,3,3,q_216158,True,1.0,1584.0
SmolLM3_3B,hierarchical,3,3,q_937062,True,1.0,1593.0
SmolLM3_3B,hierarchical,3,3,q_548586,True,1.0,1997.0
SmolLM3_3B,hierarchical,3,3,q_205518,False,0.0,
SmolLM3_3B,hierarchical,1,1,q_612845,True,1.0,807.0
SmolLM3_3B,hierarchical,1,1,q_424489,True,1.0,852.0
SmolLM3_3B,hierarchical,1,2,q_190768,True,1.0,838.0
SmolLM3_3B,hierarchical,1,2,q_756368,True,1.0,847.0
SmolLM3_3B,hierarchical,1,2,q_232668,True,1.0,855.0
SmolLM3_3B,hierarchical,1,2,q_751175,True,1.0,878.0
SmolLM3_3B,hierarchical,1,2,q_864609,True,1.0,949.0
SmolLM3_3B,hierarchical,1,2,q_561902,False,0.0,981.0
SmolLM3_3B,hierarchical,1,2,q_693014,True,1.0,1060.0
SmolLM3_3B,hierarchical,1,2,q_735939,True,1.0,1082.0
SmolLM3_3B,hierarchical,1,3,q_673386,True,1.0,765.0
SmolLM3_3B,hierarchical,1,3,q_448805,True,1.0,788.0
SmolLM3_3B,hierarchical,1,3,q_575625,True,1.0,902.0
SmolLM3_3B,hierarchical,1,3,q_511813,True,1.0,906.0
SmolLM3_3B,hierarchical,1,3,q_472113,True,1.0,919.0
SmolLM3_3B,hierarchical,1,3,q_308078,False,0.0,1231.0
SmolLM3_3B,hierarchical,4,1,q_370991,False,0.0,1932.0
SmolLM3_3B,hierarchical,4,1,q_269301,True,1.0,2003.0
SmolLM3_3B,hierarchical,4,1,q_114328,False,0.0,2073.0
SmolLM3_3B,hierarchical,4,1,q_587640,True,1.0,2059.0
SmolLM3_3B,hierarchical,4,1,q_941734,True,1.0,2123.0
SmolLM3_3B,hierarchical,4,1,q_629457,True,1.0,2149.0
SmolLM3_3B,hierarchical,4,1,q_143627,False,0.5,2203.0
SmolLM3_3B,hierarchical,4,1,q_789186,False,0.0,5142.0
SmolLM3_3B,hierarchical,4,1,q_472333,False,0.0,
SmolLM3_3B,hierarchical,4,1,q_910720,False,0.0,
SmolLM3_3B,hierarchical,4,2,q_983532,True,1.0,2052.0
SmolLM3_3B,hierarchical,4,2,q_166068,True,1.0,2034.0
SmolLM3_3B,hierarchical,4,2,q_788226,True,1.0,2100.0
SmolLM3_3B,hierarchical,4,2,q_157858,False,1.0,2135.0
SmolLM3_3B,hierarchical,4,2,q_493004,True,1.0,2120.0
SmolLM3_3B,hierarchical,4,2,q_811784,True,1.0,2241.0
SmolLM3_3B,hierarchical,4,2,q_738154,False,0.0,2782.0
SmolLM3_3B,hierarchical,4,2,q_289826,True,1.0,2881.0
SmolLM3_3B,hierarchical,4,2,q_868670,False,0.0,
SmolLM3_3B,hierarchical,4,2,q_177961,False,0.0,
SmolLM3_3B,hierarchical,4,3,q_962387,True,1.0,2024.0
SmolLM3_3B,hierarchical,4,3,q_762982,True,1.0,2114.0
SmolLM3_3B,hierarchical,4,3,q_676972,False,0.5,2157.0
SmolLM3_3B,hierarchical,4,3,q_112425,True,1.0,2408.0
SmolLM3_3B,hierarchical,4,3,q_898760,True,1.0,2671.0
SmolLM3_3B,hierarchical,4,3,q_144790,True,1.0,3634.0
SmolLM3_3B,hierarchical,4,3,q_589161,False,0.0,
SmolLM3_3B,hierarchical,4,3,q_497258,False,0.0,
SmolLM3_3B,hierarchical,4,3,q_895813,False,0.0,
SmolLM3_3B,hierarchical,4,3,q_573717,False,0.0,
SmolLM3_3B,temporal,2,1,q_864552,False,0.0,1482.0
SmolLM3_3B,temporal,2,1,q_723108,True,1.0,1626.0
SmolLM3_3B,temporal,2,1,q_272731,False,0.0,1712.0
SmolLM3_3B,temporal,2,1,q_802957,True,1.0,2389.0
SmolLM3_3B,temporal,2,1,q_341223,True,1.0,2246.0
SmolLM3_3B,temporal,2,1,q_248549,False,0.0,2660.0
SmolLM3_3B,temporal,2,1,q_110981,False,0.0,
SmolLM3_3B,temporal,2,1,q_673027,False,0.0,
SmolLM3_3B,temporal,2,1,q_455497,False,0.0,
SmolLM3_3B,temporal,2,1,q_605459,False,0.0,
SmolLM3_3B,temporal,2,2,q_244619,True,1.0,1160.0
SmolLM3_3B,temporal,2,2,q_152795,True,1.0,1327.0
SmolLM3_3B,temporal,2,2,q_357629,True,1.0,1671.0
SmolLM3_3B,temporal,2,2,q_808189,True,1.0,1699.0
SmolLM3_3B,temporal,2,2,q_191706,True,1.0,1831.0
SmolLM3_3B,temporal,2,2,q_236344,True,1.0,2225.0
SmolLM3_3B,temporal,2,2,q_208237,True,1.0,2302.0
SmolLM3_3B,temporal,2,2,q_792135,False,0.0,
SmolLM3_3B,temporal,2,2,q_367863,False,0.0,
SmolLM3_3B,temporal,2,2,q_818838,False,0.0,
SmolLM3_3B,temporal,2,3,q_358254,True,1.0,1789.0
SmolLM3_3B,temporal,2,3,q_363444,True,1.0,2123.0
SmolLM3_3B,temporal,2,3,q_557594,False,0.0,2694.0
SmolLM3_3B,temporal,2,3,q_589852,False,0.7142857142857143,2821.0
SmolLM3_3B,temporal,2,3,q_281602,False,0.2,3918.0
SmolLM3_3B,temporal,2,3,q_169346,False,0.0,4057.0
SmolLM3_3B,temporal,2,3,q_675453,False,0.0,
SmolLM3_3B,temporal,2,3,q_118947,False,0.0,
SmolLM3_3B,temporal,2,3,q_694498,False,0.0,
SmolLM3_3B,temporal,2,3,q_575668,False,0.0,
SmolLM3_3B,temporal,3,1,q_675648,True,1.0,1295.0
SmolLM3_3B,temporal,3,1,q_223156,False,0.0,1557.0
SmolLM3_3B,temporal,3,1,q_640403,True,1.0,1769.0
SmolLM3_3B,temporal,3,1,q_155484,False,0.0,2845.0
SmolLM3_3B,temporal,3,1,q_175464,False,0.0,3057.0
SmolLM3_3B,temporal,3,1,q_908915,False,0.0,
SmolLM3_3B,temporal,3,1,q_297677,False,0.0,
SmolLM3_3B,temporal,3,1,q_462307,False,0.0,
SmolLM3_3B,temporal,3,1,q_398072,False,0.0,
SmolLM3_3B,temporal,3,1,q_856132,False,0.0,
SmolLM3_3B,temporal,3,2,q_754803,True,1.0,1404.0
SmolLM3_3B,temporal,3,2,q_951002,True,0.8,1780.0
SmolLM3_3B,temporal,3,2,q_688099,True,1.0,1595.0
SmolLM3_3B,temporal,3,2,q_791806,True,1.0,2144.0
SmolLM3_3B,temporal,3,2,q_584318,True,1.0,2098.0
SmolLM3_3B,temporal,3,2,q_637571,True,1.0,2448.0
SmolLM3_3B,temporal,3,2,q_880410,False,0.0,2431.0
SmolLM3_3B,temporal,3,2,q_659379,True,0.8333333333333334,2739.0
SmolLM3_3B,temporal,3,2,q_246608,False,0.0,
SmolLM3_3B,temporal,3,2,q_975143,False,0.0,
SmolLM3_3B,temporal,3,3,q_303086,False,0.0,1938.0
SmolLM3_3B,temporal,3,3,q_199612,True,1.0,2278.0
SmolLM3_3B,temporal,3,3,q_499898,False,0.0,2003.0
SmolLM3_3B,temporal,3,3,q_961435,False,0.5,2115.0
SmolLM3_3B,temporal,3,3,q_810293,False,0.0,2069.0
SmolLM3_3B,temporal,3,3,q_740968,False,0.0,
SmolLM3_3B,temporal,3,3,q_491097,False,0.0,
SmolLM3_3B,temporal,3,3,q_204372,False,0.0,
SmolLM3_3B,temporal,3,3,q_894845,False,0.0,
SmolLM3_3B,temporal,3,3,q_480869,False,0.0,
SmolLM3_3B,temporal,1,1,q_188062,False,0.0,1839.0
SmolLM3_3B,temporal,1,1,q_649587,True,1.0,1959.0
SmolLM3_3B,temporal,1,1,q_736762,False,0.0,2080.0
SmolLM3_3B,temporal,1,1,q_958081,False,0.0,2990.0
SmolLM3_3B,temporal,1,1,q_345632,False,0.0,
SmolLM3_3B,temporal,1,1,q_677642,False,0.0,
SmolLM3_3B,temporal,1,1,q_277684,False,0.0,
SmolLM3_3B,temporal,1,1,q_256351,False,0.0,
SmolLM3_3B,temporal,1,1,q_603960,False,0.0,
SmolLM3_3B,temporal,1,2,q_812976,False,0.0,2416.0
SmolLM3_3B,temporal,1,2,q_338252,True,1.0,2459.0
SmolLM3_3B,temporal,1,2,q_386081,False,0.0,2650.0
SmolLM3_3B,temporal,1,2,q_395337,True,1.0,2866.0
SmolLM3_3B,temporal,1,2,q_612510,False,0.0,2992.0
SmolLM3_3B,temporal,1,2,q_646878,False,0.0,
SmolLM3_3B,temporal,1,2,q_431821,False,0.0,
SmolLM3_3B,temporal,1,2,q_224139,False,0.0,
SmolLM3_3B,temporal,1,2,q_261791,False,0.0,
SmolLM3_3B,temporal,1,2,q_315828,False,0.0,
SmolLM3_3B,temporal,1,3,q_534995,True,1.0,1768.0
SmolLM3_3B,temporal,1,3,q_367289,True,1.0,1662.0
SmolLM3_3B,temporal,1,3,q_482716,True,1.0,1897.0
SmolLM3_3B,temporal,1,3,q_787594,True,1.0,1964.0
SmolLM3_3B,temporal,1,3,q_609142,False,0.0,2012.0
SmolLM3_3B,temporal,1,3,q_594214,True,1.0,2326.0
SmolLM3_3B,temporal,1,3,q_382437,True,1.0,2089.0
SmolLM3_3B,temporal,1,3,q_863402,True,1.0,2353.0
SmolLM3_3B,temporal,1,3,q_879712,False,0.0,
SmolLM3_3B,temporal,4,1,q_461090,True,1.0,1344.0
SmolLM3_3B,temporal,4,1,q_864187,True,1.0,1503.0
SmolLM3_3B,temporal,4,1,q_715385,False,0.0,2303.0
SmolLM3_3B,temporal,4,1,q_732992,True,1.0,2392.0
SmolLM3_3B,temporal,4,1,q_306979,True,1.0,2957.0
SmolLM3_3B,temporal,4,1,q_863112,False,0.0,
SmolLM3_3B,temporal,4,1,q_479999,False,0.0,
SmolLM3_3B,temporal,4,1,q_981788,False,0.0,
SmolLM3_3B,temporal,4,1,q_370551,False,0.0,
SmolLM3_3B,temporal,4,1,q_727668,False,0.0,
SmolLM3_3B,temporal,4,2,q_223469,True,1.0,1242.0
SmolLM3_3B,temporal,4,2,q_910471,True,1.0,1907.0
SmolLM3_3B,temporal,4,2,q_889583,False,0.0,2040.0
SmolLM3_3B,temporal,4,2,q_652945,True,1.0,2171.0
SmolLM3_3B,temporal,4,2,q_413629,False,0.0,2224.0
SmolLM3_3B,temporal,4,2,q_159790,True,1.0,2458.0
SmolLM3_3B,temporal,4,2,q_452271,True,1.0,3054.0
SmolLM3_3B,temporal,4,2,q_178323,True,1.0,4213.0
SmolLM3_3B,temporal,4,2,q_469384,False,0.0,
SmolLM3_3B,temporal,4,2,q_660466,False,0.0,
SmolLM3_3B,temporal,4,3,q_382114,False,0.5714285714285714,1691.0
SmolLM3_3B,temporal,4,3,q_303853,True,1.0,1393.0
SmolLM3_3B,temporal,4,3,q_297453,True,1.0,1677.0
SmolLM3_3B,temporal,4,3,q_364638,False,0.4,1685.0
SmolLM3_3B,temporal,4,3,q_136085,False,0.0,1922.0
SmolLM3_3B,temporal,4,3,q_720968,True,1.0,2201.0
SmolLM3_3B,temporal,4,3,q_975021,False,0.0,2350.0
SmolLM3_3B,temporal,4,3,q_555992,True,1.0,2843.0
SmolLM3_3B,temporal,4,3,q_763519,False,0.0,
SmolLM3_3B,temporal,4,3,q_302794,False,0.0,
SmolLM3_3B,weighted,2,1,q_525126,True,1.0,1534.0
SmolLM3_3B,weighted,2,1,q_872439,True,1.0,1842.0
SmolLM3_3B,weighted,2,1,q_922981,False,0.0,2005.0
SmolLM3_3B,weighted,2,1,q_634355,False,0.0,2366.0
SmolLM3_3B,weighted,2,1,q_298733,False,1.0,3009.0
SmolLM3_3B,weighted,2,1,q_861611,False,0.0,
SmolLM3_3B,weighted,2,1,q_356749,False,0.0,
SmolLM3_3B,weighted,2,1,q_863464,False,0.0,
SmolLM3_3B,weighted,2,1,q_213872,False,0.0,
SmolLM3_3B,weighted,2,1,q_753276,False,0.0,
SmolLM3_3B,weighted,2,2,q_454334,True,1.0,1772.0
SmolLM3_3B,weighted,2,2,q_314972,True,1.0,1788.0
SmolLM3_3B,weighted,2,2,q_545467,False,0.0,1823.0
SmolLM3_3B,weighted,2,2,q_935784,False,1.0,2695.0
SmolLM3_3B,weighted,2,2,q_972070,False,0.4,3071.0
SmolLM3_3B,weighted,2,2,q_267504,False,0.0,3323.0
SmolLM3_3B,weighted,2,2,q_944239,True,1.0,4164.0
SmolLM3_3B,weighted,2,2,q_481529,False,0.0,
SmolLM3_3B,weighted,2,2,q_991319,False,0.0,
SmolLM3_3B,weighted,2,2,q_204158,False,0.0,
SmolLM3_3B,weighted,2,3,q_482251,True,1.0,1876.0
SmolLM3_3B,weighted,2,3,q_122575,False,1.0,2122.0
SmolLM3_3B,weighted,2,3,q_661709,False,0.0,2713.0
SmolLM3_3B,weighted,2,3,q_599298,False,0.0,2928.0
SmolLM3_3B,weighted,2,3,q_370470,False,0.3333333333333333,2847.0
SmolLM3_3B,weighted,2,3,q_566988,False,0.0,
SmolLM3_3B,weighted,2,3,q_713462,False,0.0,
SmolLM3_3B,weighted,2,3,q_152619,False,0.0,
SmolLM3_3B,weighted,2,3,q_639526,False,0.0,
SmolLM3_3B,weighted,2,3,q_389834,False,0.0,
SmolLM3_3B,weighted,3,1,q_865549,True,1.0,3284.0
SmolLM3_3B,weighted,3,1,q_278076,True,1.0,3272.0
SmolLM3_3B,weighted,3,1,q_997774,True,1.0,3436.0
SmolLM3_3B,weighted,3,1,q_529992,False,0.25,4015.0
SmolLM3_3B,weighted,3,1,q_305456,False,0.0,
SmolLM3_3B,weighted,3,1,q_361679,False,0.0,
SmolLM3_3B,weighted,3,1,q_858350,False,0.0,
SmolLM3_3B,weighted,3,1,q_109581,False,0.0,
SmolLM3_3B,weighted,3,1,q_508273,False,0.0,
SmolLM3_3B,weighted,3,1,q_573613,False,0.0,
SmolLM3_3B,weighted,3,2,q_436836,True,1.0,2842.0
SmolLM3_3B,weighted,3,2,q_615025,True,1.0,2864.0
SmolLM3_3B,weighted,3,2,q_749733,False,0.0,
SmolLM3_3B,weighted,3,2,q_688191,False,0.0,
SmolLM3_3B,weighted,3,2,q_163034,False,0.0,
SmolLM3_3B,weighted,3,2,q_921827,False,0.0,
SmolLM3_3B,weighted,3,2,q_994296,False,0.0,
SmolLM3_3B,weighted,3,2,q_330900,False,0.0,
SmolLM3_3B,weighted,3,2,q_723334,False,0.0,
SmolLM3_3B,weighted,3,2,q_843520,False,0.0,
SmolLM3_3B,weighted,3,3,q_730666,True,1.0,4082.0
SmolLM3_3B,weighted,3,3,q_257518,False,0.3333333333333333,4402.0
SmolLM3_3B,weighted,3,3,q_402899,False,0.0,
SmolLM3_3B,weighted,3,3,q_374718,False,0.0,
SmolLM3_3B,weighted,3,3,q_832605,False,0.0,
SmolLM3_3B,weighted,3,3,q_787516,False,0.0,
SmolLM3_3B,weighted,3,3,q_219727,False,0.0,
SmolLM3_3B,weighted,3,3,q_220189,False,0.0,
SmolLM3_3B,weighted,3,3,q_719781,False,0.0,
SmolLM3_3B,weighted,3,3,q_105589,False,0.0,
SmolLM3_3B,weighted,1,1,q_713576,False,0.0,1474.0
SmolLM3_3B,weighted,1,1,q_816058,True,1.0,1613.0
SmolLM3_3B,weighted,1,1,q_660959,False,0.0,1661.0
SmolLM3_3B,weighted,1,1,q_133167,True,1.0,1708.0
SmolLM3_3B,weighted,1,2,q_678269,True,1.0,1075.0
SmolLM3_3B,weighted,1,2,q_706270,True,1.0,1489.0
SmolLM3_3B,weighted,1,2,q_225277,True,1.0,1455.0
SmolLM3_3B,weighted,1,2,q_249018,False,0.0,1685.0
SmolLM3_3B,weighted,1,2,q_940931,True,1.0,1672.0
SmolLM3_3B,weighted,1,2,q_464951,True,1.0,1805.0
SmolLM3_3B,weighted,1,2,q_154957,False,0.0,1817.0
SmolLM3_3B,weighted,1,3,q_688231,True,1.0,1237.0
SmolLM3_3B,weighted,1,3,q_898257,True,1.0,1427.0
SmolLM3_3B,weighted,1,3,q_791935,False,0.0,1585.0
SmolLM3_3B,weighted,1,3,q_129000,True,1.0,1983.0
SmolLM3_3B,weighted,1,3,q_533661,False,0.0,2136.0
SmolLM3_3B,weighted,4,1,q_219923,True,1.0,5216.0
SmolLM3_3B,weighted,4,1,q_247307,True,1.0,5328.0
SmolLM3_3B,weighted,4,1,q_195008,True,1.0,5331.0
SmolLM3_3B,weighted,4,1,q_516057,True,1.0,5344.0
SmolLM3_3B,weighted,4,1,q_935250,False,0.0,
SmolLM3_3B,weighted,4,1,q_596680,False,0.0,
SmolLM3_3B,weighted,4,1,q_199206,False,0.0,
SmolLM3_3B,weighted,4,1,q_169355,False,0.0,
SmolLM3_3B,weighted,4,1,q_816349,False,0.0,
SmolLM3_3B,weighted,4,1,q_164260,False,0.0,
SmolLM3_3B,weighted,4,2,q_136155,True,1.0,7812.0
SmolLM3_3B,weighted,4,2,q_596270,False,0.0,
SmolLM3_3B,weighted,4,2,q_918124,False,0.0,
SmolLM3_3B,weighted,4,2,q_983936,False,0.0,
SmolLM3_3B,weighted,4,2,q_540959,False,0.0,
SmolLM3_3B,weighted,4,2,q_258796,False,0.0,
SmolLM3_3B,weighted,4,2,q_297507,False,0.0,
SmolLM3_3B,weighted,4,2,q_547481,False,0.0,
SmolLM3_3B,weighted,4,2,q_329987,False,0.0,
SmolLM3_3B,weighted,4,2,q_270515,False,0.0,
SmolLM3_3B,weighted,4,3,q_128033,True,1.0,5556.0
SmolLM3_3B,weighted,4,3,q_347471,True,1.0,5743.0
SmolLM3_3B,weighted,4,3,q_136965,False,0.0,
SmolLM3_3B,weighted,4,3,q_352595,False,0.0,
SmolLM3_3B,weighted,4,3,q_892733,False,0.0,
SmolLM3_3B,weighted,4,3,q_922727,False,0.0,
SmolLM3_3B,weighted,4,3,q_137161,False,0.0,
SmolLM3_3B,weighted,4,3,q_796298,False,0.0,
SmolLM3_3B,weighted,4,3,q_408296,False,0.0,
SmolLM3_3B,weighted,4,3,q_988888,False,0.0,
SmolLM3_3B,conflicting,2,1,q_886852,True,1.0,2006.0
SmolLM3_3B,conflicting,2,1,q_155096,True,1.0,2048.0
SmolLM3_3B,conflicting,2,1,q_540576,False,0.0,2080.0
SmolLM3_3B,conflicting,2,1,q_889237,True,1.0,2384.0
SmolLM3_3B,conflicting,2,1,q_958792,False,0.0,3256.0
SmolLM3_3B,conflicting,2,1,q_898079,False,0.0,
SmolLM3_3B,conflicting,2,1,q_882346,False,0.0,
SmolLM3_3B,conflicting,2,1,q_796482,False,0.0,
SmolLM3_3B,conflicting,2,1,q_477375,False,0.0,
SmolLM3_3B,conflicting,2,1,q_421190,False,0.0,
SmolLM3_3B,conflicting,2,2,q_662192,True,1.0,1833.0
SmolLM3_3B,conflicting,2,2,q_834874,True,1.0,1869.0
SmolLM3_3B,conflicting,2,2,q_640334,True,1.0,2122.0
SmolLM3_3B,conflicting,2,2,q_394127,True,1.0,2427.0
SmolLM3_3B,conflicting,2,2,q_725868,False,0.0,
SmolLM3_3B,conflicting,2,2,q_439854,False,0.0,
SmolLM3_3B,conflicting,2,2,q_264795,False,0.0,
SmolLM3_3B,conflicting,2,2,q_467679,False,0.0,
SmolLM3_3B,conflicting,2,2,q_248231,False,0.0,
SmolLM3_3B,conflicting,2,2,q_800533,False,0.0,
SmolLM3_3B,conflicting,2,3,q_794697,True,1.0,2012.0
SmolLM3_3B,conflicting,2,3,q_271826,True,1.0,2125.0
SmolLM3_3B,conflicting,2,3,q_671748,True,1.0,2237.0
SmolLM3_3B,conflicting,2,3,q_887730,True,1.0,2987.0
SmolLM3_3B,conflicting,2,3,q_658473,False,0.0,2984.0
SmolLM3_3B,conflicting,2,3,q_942650,False,0.0,
SmolLM3_3B,conflicting,2,3,q_282933,False,0.0,
SmolLM3_3B,conflicting,2,3,q_459027,False,0.0,
SmolLM3_3B,conflicting,2,3,q_954064,False,0.0,
SmolLM3_3B,conflicting,2,3,q_664111,False,0.0,
SmolLM3_3B,conflicting,3,1,q_839143,False,0.0,2911.0
SmolLM3_3B,conflicting,3,1,q_916867,True,1.0,2991.0
SmolLM3_3B,conflicting,3,1,q_279628,False,0.0,
SmolLM3_3B,conflicting,3,1,q_667636,False,0.0,
SmolLM3_3B,conflicting,3,1,q_157869,False,0.0,
SmolLM3_3B,conflicting,3,1,q_532864,False,0.0,
SmolLM3_3B,conflicting,3,1,q_445554,False,0.0,
SmolLM3_3B,conflicting,3,1,q_846391,False,0.0,
SmolLM3_3B,conflicting,3,1,q_277988,False,0.0,
SmolLM3_3B,conflicting,3,1,q_354017,False,0.0,
SmolLM3_3B,conflicting,3,2,q_164280,True,1.0,2602.0
SmolLM3_3B,conflicting,3,2,q_653902,True,1.0,2705.0
SmolLM3_3B,conflicting,3,2,q_276255,True,1.0,2889.0
SmolLM3_3B,conflicting,3,2,q_667304,True,1.0,3927.0
SmolLM3_3B,conflicting,3,2,q_965853,False,0.0,4067.0
SmolLM3_3B,conflicting,3,2,q_946374,False,0.0,
SmolLM3_3B,conflicting,3,2,q_660859,False,0.0,
SmolLM3_3B,conflicting,3,2,q_118146,False,0.0,
SmolLM3_3B,conflicting,3,2,q_991823,False,0.0,
SmolLM3_3B,conflicting,3,2,q_994981,False,0.0,
SmolLM3_3B,conflicting,3,3,q_201497,True,1.0,2408.0
SmolLM3_3B,conflicting,3,3,q_272455,True,1.0,2629.0
SmolLM3_3B,conflicting,3,3,q_149945,False,0.0,2549.0
SmolLM3_3B,conflicting,3,3,q_294507,True,1.0,2559.0
SmolLM3_3B,conflicting,3,3,q_229794,True,1.0,2728.0
SmolLM3_3B,conflicting,3,3,q_410320,False,0.0,2572.0
SmolLM3_3B,conflicting,3,3,q_416863,False,0.0,3187.0
SmolLM3_3B,conflicting,3,3,q_532702,False,0.0,
SmolLM3_3B,conflicting,3,3,q_727217,False,0.0,
SmolLM3_3B,conflicting,3,3,q_153735,False,0.0,
SmolLM3_3B,conflicting,1,1,q_532309,True,1.0,2022.0
SmolLM3_3B,conflicting,1,1,q_372812,True,1.0,2070.0
SmolLM3_3B,conflicting,1,1,q_127936,False,0.0,2154.0
SmolLM3_3B,conflicting,1,1,q_161940,True,1.0,2230.0
SmolLM3_3B,conflicting,1,1,q_920055,True,1.0,2409.0
SmolLM3_3B,conflicting,1,1,q_146868,True,1.0,2432.0
SmolLM3_3B,conflicting,1,1,q_525845,True,1.0,2964.0
SmolLM3_3B,conflicting,1,1,q_665549,True,1.0,2967.0
SmolLM3_3B,conflicting,1,1,q_836946,False,0.0,
SmolLM3_3B,conflicting,1,1,q_223415,False,0.0,
SmolLM3_3B,conflicting,1,2,q_940328,False,0.0,1787.0
SmolLM3_3B,conflicting,1,2,q_350021,True,1.0,1882.0
SmolLM3_3B,conflicting,1,2,q_329093,False,0.0,1985.0
SmolLM3_3B,conflicting,1,2,q_368892,True,1.0,2157.0
SmolLM3_3B,conflicting,1,2,q_942955,False,0.0,2174.0
SmolLM3_3B,conflicting,1,2,q_953208,True,1.0,2232.0
SmolLM3_3B,conflicting,1,2,q_731920,True,1.0,2406.0
SmolLM3_3B,conflicting,1,2,q_925167,False,0.0,
SmolLM3_3B,conflicting,1,2,q_245002,False,0.0,
SmolLM3_3B,conflicting,1,2,q_721715,False,0.0,
SmolLM3_3B,conflicting,1,3,q_962684,True,1.0,1828.0
SmolLM3_3B,conflicting,1,3,q_688137,False,0.0,1951.0
SmolLM3_3B,conflicting,1,3,q_467762,False,0.0,2255.0
SmolLM3_3B,conflicting,1,3,q_863441,True,1.0,2353.0
SmolLM3_3B,conflicting,1,3,q_241313,True,1.0,2830.0
SmolLM3_3B,conflicting,1,3,q_197624,True,1.0,3043.0
SmolLM3_3B,conflicting,1,3,q_289394,False,0.0,3411.0
SmolLM3_3B,conflicting,1,3,q_268990,False,0.0,
SmolLM3_3B,conflicting,1,3,q_262964,False,0.0,
SmolLM3_3B,conflicting,1,3,q_994684,False,0.0,
SmolLM3_3B,conflicting,4,1,q_801489,True,1.0,4095.0
SmolLM3_3B,conflicting,4,1,q_743721,False,0.0,4277.0
SmolLM3_3B,conflicting,4,1,q_824339,False,0.0,4402.0
SmolLM3_3B,conflicting,4,1,q_576428,False,0.0,4996.0
SmolLM3_3B,conflicting,4,1,q_508581,False,0.0,
SmolLM3_3B,conflicting,4,1,q_854515,False,0.0,
SmolLM3_3B,conflicting,4,1,q_584767,False,0.0,
SmolLM3_3B,conflicting,4,1,q_160988,False,0.0,
SmolLM3_3B,conflicting,4,1,q_122222,False,0.0,
SmolLM3_3B,conflicting,4,1,q_121542,False,0.0,
SmolLM3_3B,conflicting,4,2,q_418204,True,1.0,4157.0
SmolLM3_3B,conflicting,4,2,q_235972,True,1.0,4232.0
SmolLM3_3B,conflicting,4,2,q_183386,False,0.0,4465.0
SmolLM3_3B,conflicting,4,2,q_748584,False,0.0,
SmolLM3_3B,conflicting,4,2,q_528408,False,0.0,
SmolLM3_3B,conflicting,4,2,q_368500,False,0.0,
SmolLM3_3B,conflicting,4,2,q_914815,False,0.0,
SmolLM3_3B,conflicting,4,2,q_583104,False,0.0,
SmolLM3_3B,conflicting,4,2,q_338545,False,0.0,
SmolLM3_3B,conflicting,4,2,q_615458,False,0.0,
SmolLM3_3B,conflicting,4,3,q_850359,False,0.0,4314.0
SmolLM3_3B,conflicting,4,3,q_549637,True,1.0,4497.0
SmolLM3_3B,conflicting,4,3,q_100757,True,1.0,4627.0
SmolLM3_3B,conflicting,4,3,q_662973,True,1.0,5466.0
SmolLM3_3B,conflicting,4,3,q_802777,False,0.0,
SmolLM3_3B,conflicting,4,3,q_883159,False,0.0,
SmolLM3_3B,conflicting,4,3,q_826096,False,0.0,
SmolLM3_3B,conflicting,4,3,q_723915,False,0.0,
SmolLM3_3B,conflicting,4,3,q_183171,False,0.0,
SmolLM3_3B,conflicting,4,3,q_534834,False,0.0,
gemini_2_5_flash,multihop,2,1,q_327208,True,1.0,2824.0
gemini_2_5_flash,multihop,2,1,q_378073,True,1.0,3324.0
gemini_2_5_flash,multihop,2,1,q_942912,True,1.0,9008.0
gemini_2_5_flash,multihop,2,1,q_986362,True,1.0,9052.0
gemini_2_5_flash,multihop,2,1,q_809401,True,1.0,10005.0
gemini_2_5_flash,multihop,2,1,q_921620,False,0.0,13831.0
gemini_2_5_flash,multihop,2,1,q_404139,False,0.0,16242.0
gemini_2_5_flash,multihop,2,1,q_648931,False,0.0,18303.0
gemini_2_5_flash,multihop,2,1,q_619868,True,1.0,18174.0
gemini_2_5_flash,multihop,2,1,q_782242,True,1.0,21207.0
gemini_2_5_flash,multihop,2,2,q_823798,True,1.0,1645.0
gemini_2_5_flash,multihop,2,2,q_468744,True,1.0,2567.0
gemini_2_5_flash,multihop,2,2,q_165693,True,1.0,3281.0
gemini_2_5_flash,multihop,2,2,q_352253,True,1.0,4580.0
gemini_2_5_flash,multihop,2,2,q_264873,False,0.0,5405.0
gemini_2_5_flash,multihop,2,2,q_899577,True,1.0,6616.0
gemini_2_5_flash,multihop,2,2,q_474168,True,1.0,9660.0
gemini_2_5_flash,multihop,2,2,q_332261,True,1.0,10104.0
gemini_2_5_flash,multihop,2,2,q_822987,True,1.0,11409.0
gemini_2_5_flash,multihop,2,2,q_845797,True,1.0,12507.0
gemini_2_5_flash,multihop,2,3,q_276905,True,1.0,3748.0
gemini_2_5_flash,multihop,2,3,q_702979,True,1.0,4439.0
gemini_2_5_flash,multihop,2,3,q_273960,True,1.0,4379.0
gemini_2_5_flash,multihop,2,3,q_422113,True,1.0,4600.0
gemini_2_5_flash,multihop,2,3,q_311817,True,1.0,6044.0
gemini_2_5_flash,multihop,2,3,q_476218,True,1.0,6730.0
gemini_2_5_flash,multihop,2,3,q_154389,True,1.0,10081.0
gemini_2_5_flash,multihop,2,3,q_668322,True,1.0,11476.0
gemini_2_5_flash,multihop,2,3,q_456014,False,0.0,14244.0
gemini_2_5_flash,multihop,2,3,q_691332,False,0.0,67783.0
gemini_2_5_flash,multihop,3,1,q_696500,False,0.0,12349.0
gemini_2_5_flash,multihop,3,1,q_718331,True,1.0,12424.0
gemini_2_5_flash,multihop,3,1,q_949742,False,0.0,30447.0
gemini_2_5_flash,multihop,3,1,q_949179,True,1.0,30576.0
gemini_2_5_flash,multihop,3,1,q_656389,True,1.0,39973.0
gemini_2_5_flash,multihop,3,1,q_171433,True,1.0,66373.0
gemini_2_5_flash,multihop,3,1,q_110447,True,1.0,72823.0
gemini_2_5_flash,multihop,3,1,q_928183,True,1.0,72833.0
gemini_2_5_flash,multihop,3,1,q_711435,True,1.0,72784.0
gemini_2_5_flash,multihop,3,1,q_970394,False,0.0,75334.0
gemini_2_5_flash,multihop,3,2,q_356683,True,1.0,10608.0
gemini_2_5_flash,multihop,3,2,q_136638,True,1.0,10807.0
gemini_2_5_flash,multihop,3,2,q_620975,True,1.0,20038.0
gemini_2_5_flash,multihop,3,2,q_656667,False,0.0,33109.0
gemini_2_5_flash,multihop,3,2,q_645447,True,1.0,49711.0
gemini_2_5_flash,multihop,3,2,q_407914,True,1.0,63971.0
gemini_2_5_flash,multihop,3,2,q_705550,True,1.0,71610.0
gemini_2_5_flash,multihop,3,2,q_236270,True,1.0,74146.0
gemini_2_5_flash,multihop,3,2,q_772039,True,1.0,73138.0
gemini_2_5_flash,multihop,3,2,q_238241,False,0.0,74127.0
gemini_2_5_flash,multihop,3,3,q_232217,True,1.0,11184.0
gemini_2_5_flash,multihop,3,3,q_225196,True,1.0,23729.0
gemini_2_5_flash,multihop,3,3,q_247843,True,1.0,25980.0
gemini_2_5_flash,multihop,3,3,q_142070,True,1.0,33184.0
gemini_2_5_flash,multihop,3,3,q_147200,True,1.0,40434.0
gemini_2_5_flash,multihop,3,3,q_987193,False,0.0,38105.0
gemini_2_5_flash,multihop,3,3,q_761818,False,0.0,72084.0
gemini_2_5_flash,multihop,3,3,q_151997,False,0.6666666666666666,72915.0
gemini_2_5_flash,multihop,3,3,q_847630,False,0.0,72904.0
gemini_2_5_flash,multihop,3,3,q_145687,True,1.0,70689.0
gemini_2_5_flash,multihop,1,1,q_383626,True,1.0,1449.0
gemini_2_5_flash,multihop,1,1,q_564488,True,1.0,1627.0
gemini_2_5_flash,multihop,1,1,q_167167,True,1.0,1756.0
gemini_2_5_flash,multihop,1,2,q_323749,True,1.0,1712.0
gemini_2_5_flash,multihop,1,2,q_528251,True,1.0,2441.0
gemini_2_5_flash,multihop,1,2,q_234862,True,1.0,4605.0
gemini_2_5_flash,multihop,1,3,q_680902,True,1.0,1043.0
gemini_2_5_flash,multihop,1,3,q_475291,True,1.0,1967.0
gemini_2_5_flash,multihop,1,3,q_253883,True,1.0,2111.0
gemini_2_5_flash,multihop,1,3,q_686839,True,1.0,2267.0
gemini_2_5_flash,multihop,1,3,q_893805,True,1.0,2147.0
gemini_2_5_flash,multihop,1,3,q_683282,True,1.0,2425.0
gemini_2_5_flash,multihop,1,3,q_803302,True,1.0,2658.0
gemini_2_5_flash,multihop,1,3,q_292391,True,1.0,3530.0
gemini_2_5_flash,multihop,1,3,q_274616,True,1.0,3524.0
gemini_2_5_flash,multihop,1,3,q_730503,True,1.0,3577.0
gemini_2_5_flash,multihop,4,1,q_241793,True,1.0,28516.0
gemini_2_5_flash,multihop,4,1,q_941497,True,1.0,85419.0
gemini_2_5_flash,multihop,4,1,q_670884,True,1.0,90126.0
gemini_2_5_flash,multihop,4,1,q_117572,False,0.0,92329.0
gemini_2_5_flash,multihop,4,1,q_626920,False,0.0,92296.0
gemini_2_5_flash,multihop,4,1,q_780685,False,0.0,91240.0
gemini_2_5_flash,multihop,4,1,q_786396,False,0.0,92322.0
gemini_2_5_flash,multihop,4,1,q_932696,True,1.0,92045.0
gemini_2_5_flash,multihop,4,1,q_644645,False,0.0,92329.0
gemini_2_5_flash,multihop,4,1,q_503690,False,0.0,92298.0
gemini_2_5_flash,multihop,4,2,q_386560,True,1.0,18500.0
gemini_2_5_flash,multihop,4,2,q_713951,True,1.0,19512.0
gemini_2_5_flash,multihop,4,2,q_963388,True,1.0,20108.0
gemini_2_5_flash,multihop,4,2,q_638331,False,0.0,83231.0
gemini_2_5_flash,multihop,4,2,q_243014,True,1.0,82552.0
gemini_2_5_flash,multihop,4,2,q_941258,True,1.0,80678.0
gemini_2_5_flash,multihop,4,2,q_721809,False,0.0,83248.0
gemini_2_5_flash,multihop,4,2,q_450525,False,0.0,82684.0
gemini_2_5_flash,multihop,4,2,q_439336,True,1.0,83246.0
gemini_2_5_flash,multihop,4,2,q_454279,False,0.0,83231.0
gemini_2_5_flash,multihop,4,3,q_726917,True,1.0,33036.0
gemini_2_5_flash,multihop,4,3,q_608862,True,1.0,36423.0
gemini_2_5_flash,multihop,4,3,q_982362,True,1.0,94477.0
gemini_2_5_flash,multihop,4,3,q_525142,False,0.0,96209.0
gemini_2_5_flash,multihop,4,3,q_273439,False,0.0,94323.0
gemini_2_5_flash,multihop,4,3,q_885910,True,1.0,94883.0
gemini_2_5_flash,multihop,4,3,q_637950,False,0.0,96217.0
gemini_2_5_flash,multihop,4,3,q_144829,False,0.0,96221.0
gemini_2_5_flash,multihop,4,3,q_100612,False,0.0,96204.0
gemini_2_5_flash,multihop,4,3,q_778850,True,1.0,96223.0
gemini_2_5_flash,hierarchical,2,1,q_901266,True,1.0,885.0
gemini_2_5_flash,hierarchical,2,1,q_390877,True,1.0,895.0
gemini_2_5_flash,hierarchical,2,1,q_322710,True,1.0,925.0
gemini_2_5_flash,hierarchical,2,1,q_664453,True,1.0,973.0
gemini_2_5_flash,hierarchical,2,1,q_904893,True,1.0,1072.0
gemini_2_5_flash,hierarchical,2,1,q_712590,True,1.0,1129.0
gemini_2_5_flash,hierarchical,2,1,q_275237,True,1.0,1243.0
gemini_2_5_flash,hierarchical,2,1,q_705693,False,0.0,1642.0
gemini_2_5_flash,hierarchical,2,1,q_770896,True,1.0,2425.0
gemini_2_5_flash,hierarchical,2,1,q_184621,True,1.0,3933.0
gemini_2_5_flash,hierarchical,2,2,q_700008,True,1.0,646.0
gemini_2_5_flash,hierarchical,2,2,q_531167,True,1.0,718.0
gemini_2_5_flash,hierarchical,2,2,q_274008,True,1.0,730.0
gemini_2_5_flash,hierarchical,2,2,q_993314,True,1.0,723.0
gemini_2_5_flash,hierarchical,2,2,q_757781,True,1.0,733.0
gemini_2_5_flash,hierarchical,2,2,q_478914,True,1.0,737.0
gemini_2_5_flash,hierarchical,2,2,q_316392,True,1.0,846.0
gemini_2_5_flash,hierarchical,2,2,q_429016,True,1.0,866.0
gemini_2_5_flash,hierarchical,2,2,q_871434,True,1.0,1224.0
gemini_2_5_flash,hierarchical,2,2,q_642240,True,1.0,2013.0
gemini_2_5_flash,hierarchical,2,3,q_730919,True,1.0,838.0
gemini_2_5_flash,hierarchical,2,3,q_585598,True,1.0,762.0
gemini_2_5_flash,hierarchical,2,3,q_485687,True,1.0,850.0
gemini_2_5_flash,hierarchical,2,3,q_544245,True,1.0,802.0
gemini_2_5_flash,hierarchical,2,3,q_994582,True,1.0,981.0
gemini_2_5_flash,hierarchical,2,3,q_884440,True,1.0,1057.0
gemini_2_5_flash,hierarchical,2,3,q_514106,True,1.0,1261.0
gemini_2_5_flash,hierarchical,2,3,q_190862,True,1.0,1395.0
gemini_2_5_flash,hierarchical,2,3,q_396279,False,0.0,1761.0
gemini_2_5_flash,hierarchical,2,3,q_588605,True,1.0,1893.0
gemini_2_5_flash,hierarchical,3,1,q_542854,True,1.0,1022.0
gemini_2_5_flash,hierarchical,3,1,q_940613,True,1.0,1110.0
gemini_2_5_flash,hierarchical,3,1,q_625450,True,1.0,1015.0
gemini_2_5_flash,hierarchical,3,1,q_797357,True,1.0,1154.0
gemini_2_5_flash,hierarchical,3,1,q_525098,True,1.0,1146.0
gemini_2_5_flash,hierarchical,3,1,q_208020,True,1.0,1186.0
gemini_2_5_flash,hierarchical,3,1,q_666755,True,1.0,1314.0
gemini_2_5_flash,hierarchical,3,1,q_405713,True,1.0,1462.0
gemini_2_5_flash,hierarchical,3,1,q_719006,False,0.0,2435.0
gemini_2_5_flash,hierarchical,3,1,q_470401,False,0.0,4188.0
gemini_2_5_flash,hierarchical,3,2,q_502913,True,1.0,935.0
gemini_2_5_flash,hierarchical,3,2,q_133184,True,1.0,943.0
gemini_2_5_flash,hierarchical,3,2,q_563799,True,1.0,946.0
gemini_2_5_flash,hierarchical,3,2,q_724762,True,1.0,995.0
gemini_2_5_flash,hierarchical,3,2,q_402275,True,1.0,963.0
gemini_2_5_flash,hierarchical,3,2,q_696255,True,1.0,1073.0
gemini_2_5_flash,hierarchical,3,2,q_186882,True,1.0,1014.0
gemini_2_5_flash,hierarchical,3,2,q_437762,True,1.0,1442.0
gemini_2_5_flash,hierarchical,3,2,q_200928,False,0.0,1328.0
gemini_2_5_flash,hierarchical,3,2,q_858963,True,1.0,1471.0
gemini_2_5_flash,hierarchical,3,3,q_607324,True,1.0,1011.0
gemini_2_5_flash,hierarchical,3,3,q_548586,True,1.0,1042.0
gemini_2_5_flash,hierarchical,3,3,q_715046,True,1.0,999.0
gemini_2_5_flash,hierarchical,3,3,q_205518,True,1.0,1050.0
gemini_2_5_flash,hierarchical,3,3,q_820824,True,1.0,1030.0
gemini_2_5_flash,hierarchical,3,3,q_835301,True,1.0,1054.0
gemini_2_5_flash,hierarchical,3,3,q_216158,True,1.0,1292.0
gemini_2_5_flash,hierarchical,3,3,q_937062,True,1.0,1249.0
gemini_2_5_flash,hierarchical,3,3,q_695563,True,1.0,1450.0
gemini_2_5_flash,hierarchical,3,3,q_954521,False,0.0,2492.0
gemini_2_5_flash,hierarchical,1,1,q_424489,True,1.0,491.0
gemini_2_5_flash,hierarchical,1,1,q_612845,False,0.0,1465.0
gemini_2_5_flash,hierarchical,1,2,q_756368,True,1.0,609.0
gemini_2_5_flash,hierarchical,1,2,q_190768,True,1.0,643.0
gemini_2_5_flash,hierarchical,1,2,q_561902,True,1.0,693.0
gemini_2_5_flash,hierarchical,1,2,q_864609,True,1.0,675.0
gemini_2_5_flash,hierarchical,1,2,q_232668,True,1.0,756.0
gemini_2_5_flash,hierarchical,1,2,q_735939,True,1.0,849.0
gemini_2_5_flash,hierarchical,1,2,q_751175,False,0.0,1840.0
gemini_2_5_flash,hierarchical,1,2,q_693014,False,0.0,2013.0
gemini_2_5_flash,hierarchical,1,3,q_472113,True,1.0,544.0
gemini_2_5_flash,hierarchical,1,3,q_575625,True,1.0,679.0
gemini_2_5_flash,hierarchical,1,3,q_511813,True,1.0,665.0
gemini_2_5_flash,hierarchical,1,3,q_448805,True,1.0,695.0
gemini_2_5_flash,hierarchical,1,3,q_673386,True,1.0,685.0
gemini_2_5_flash,hierarchical,1,3,q_308078,True,1.0,686.0
gemini_2_5_flash,hierarchical,4,1,q_587640,True,1.0,1688.0
gemini_2_5_flash,hierarchical,4,1,q_114328,True,1.0,1753.0
gemini_2_5_flash,hierarchical,4,1,q_269301,True,1.0,1761.0
gemini_2_5_flash,hierarchical,4,1,q_941734,True,1.0,1767.0
gemini_2_5_flash,hierarchical,4,1,q_789186,True,1.0,1859.0
gemini_2_5_flash,hierarchical,4,1,q_629457,True,1.0,1879.0
gemini_2_5_flash,hierarchical,4,1,q_143627,True,1.0,1957.0
gemini_2_5_flash,hierarchical,4,1,q_370991,False,0.0,1895.0
gemini_2_5_flash,hierarchical,4,1,q_472333,True,1.0,1977.0
gemini_2_5_flash,hierarchical,4,1,q_910720,True,1.0,2319.0
gemini_2_5_flash,hierarchical,4,2,q_983532,True,1.0,1815.0
gemini_2_5_flash,hierarchical,4,2,q_738154,True,1.0,1814.0
gemini_2_5_flash,hierarchical,4,2,q_289826,True,1.0,1851.0
gemini_2_5_flash,hierarchical,4,2,q_166068,True,1.0,1844.0
gemini_2_5_flash,hierarchical,4,2,q_177961,True,1.0,1900.0
gemini_2_5_flash,hierarchical,4,2,q_868670,True,1.0,1929.0
gemini_2_5_flash,hierarchical,4,2,q_811784,True,1.0,2022.0
gemini_2_5_flash,hierarchical,4,2,q_788226,True,1.0,2085.0
gemini_2_5_flash,hierarchical,4,2,q_157858,True,1.0,2402.0
gemini_2_5_flash,hierarchical,4,2,q_493004,False,0.0,2734.0
gemini_2_5_flash,hierarchical,4,3,q_676972,True,1.0,1849.0
gemini_2_5_flash,hierarchical,4,3,q_589161,True,1.0,1832.0
gemini_2_5_flash,hierarchical,4,3,q_573717,True,1.0,1844.0
gemini_2_5_flash,hierarchical,4,3,q_895813,True,1.0,1911.0
gemini_2_5_flash,hierarchical,4,3,q_497258,True,1.0,1879.0
gemini_2_5_flash,hierarchical,4,3,q_898760,True,1.0,1989.0
gemini_2_5_flash,hierarchical,4,3,q_962387,True,1.0,2002.0
gemini_2_5_flash,hierarchical,4,3,q_112425,True,1.0,2031.0
gemini_2_5_flash,hierarchical,4,3,q_762982,False,0.0,2355.0
gemini_2_5_flash,hierarchical,4,3,q_144790,True,1.0,3180.0
gemini_2_5_flash,temporal,2,1,q_272731,True,1.0,1214.0
gemini_2_5_flash,temporal,2,1,q_605459,True,1.0,2381.0
gemini_2_5_flash,temporal,2,1,q_110981,True,1.0,3658.0
gemini_2_5_flash,temporal,2,1,q_864552,False,0.0,4117.0
gemini_2_5_flash,temporal,2,1,q_673027,False,0.0,4385.0
gemini_2_5_flash,temporal,2,1,q_802957,True,1.0,5139.0
gemini_2_5_flash,temporal,2,1,q_248549,True,1.0,4882.0
gemini_2_5_flash,temporal,2,1,q_455497,True,1.0,6017.0
gemini_2_5_flash,temporal,2,1,q_723108,False,0.0,7967.0
gemini_2_5_flash,temporal,2,1,q_341223,False,0.0,8062.0
gemini_2_5_flash,temporal,2,2,q_208237,False,0.0,1182.0
gemini_2_5_flash,temporal,2,2,q_191706,True,1.0,1303.0
gemini_2_5_flash,temporal,2,2,q_367863,False,0.0,1520.0
gemini_2_5_flash,temporal,2,2,q_792135,True,1.0,1488.0
gemini_2_5_flash,temporal,2,2,q_152795,True,1.0,1507.0
gemini_2_5_flash,temporal,2,2,q_357629,True,1.0,1862.0
gemini_2_5_flash,temporal,2,2,q_808189,True,1.0,2525.0
gemini_2_5_flash,temporal,2,2,q_236344,True,1.0,2087.0
gemini_2_5_flash,temporal,2,2,q_818838,True,1.0,2796.0
gemini_2_5_flash,temporal,2,2,q_244619,True,1.0,3511.0
gemini_2_5_flash,temporal,2,3,q_358254,True,1.0,1648.0
gemini_2_5_flash,temporal,2,3,q_281602,True,1.0,2339.0
gemini_2_5_flash,temporal,2,3,q_169346,True,1.0,2395.0
gemini_2_5_flash,temporal,2,3,q_589852,True,1.0,3921.0
gemini_2_5_flash,temporal,2,3,q_363444,True,1.0,4601.0
gemini_2_5_flash,temporal,2,3,q_675453,False,0.0,4580.0
gemini_2_5_flash,temporal,2,3,q_575668,False,0.0,6883.0
gemini_2_5_flash,temporal,2,3,q_118947,True,1.0,6660.0
gemini_2_5_flash,temporal,2,3,q_557594,True,1.0,8486.0
gemini_2_5_flash,temporal,2,3,q_694498,True,1.0,9154.0
gemini_2_5_flash,temporal,3,1,q_856132,True,1.0,871.0
gemini_2_5_flash,temporal,3,1,q_675648,True,1.0,915.0
gemini_2_5_flash,temporal,3,1,q_223156,True,1.0,2695.0
gemini_2_5_flash,temporal,3,1,q_908915,True,1.0,2938.0
gemini_2_5_flash,temporal,3,1,q_640403,True,1.0,3475.0
gemini_2_5_flash,temporal,3,1,q_155484,True,1.0,5254.0
gemini_2_5_flash,temporal,3,1,q_175464,False,0.0,5766.0
gemini_2_5_flash,temporal,3,1,q_462307,True,1.0,6033.0
gemini_2_5_flash,temporal,3,1,q_398072,True,1.0,5987.0
gemini_2_5_flash,temporal,3,1,q_297677,False,0.0,6624.0
gemini_2_5_flash,temporal,3,2,q_975143,True,1.0,810.0
gemini_2_5_flash,temporal,3,2,q_584318,True,1.0,877.0
gemini_2_5_flash,temporal,3,2,q_754803,True,1.0,915.0
gemini_2_5_flash,temporal,3,2,q_688099,False,0.0,2006.0
gemini_2_5_flash,temporal,3,2,q_791806,True,1.0,2996.0
gemini_2_5_flash,temporal,3,2,q_637571,True,1.0,3142.0
gemini_2_5_flash,temporal,3,2,q_951002,True,1.0,4064.0
gemini_2_5_flash,temporal,3,2,q_880410,False,0.0,4054.0
gemini_2_5_flash,temporal,3,2,q_659379,True,1.0,4873.0
gemini_2_5_flash,temporal,3,2,q_246608,True,1.0,5362.0
gemini_2_5_flash,temporal,3,3,q_303086,True,1.0,996.0
gemini_2_5_flash,temporal,3,3,q_480869,True,1.0,1038.0
gemini_2_5_flash,temporal,3,3,q_491097,True,1.0,1583.0
gemini_2_5_flash,temporal,3,3,q_499898,True,1.0,1776.0
gemini_2_5_flash,temporal,3,3,q_199612,True,1.0,3007.0
gemini_2_5_flash,temporal,3,3,q_894845,True,1.0,2970.0
gemini_2_5_flash,temporal,3,3,q_810293,True,1.0,3173.0
gemini_2_5_flash,temporal,3,3,q_740968,True,1.0,6802.0
gemini_2_5_flash,temporal,3,3,q_204372,True,1.0,6803.0
gemini_2_5_flash,temporal,3,3,q_961435,True,1.0,10275.0
gemini_2_5_flash,temporal,1,1,q_277684,True,1.0,2230.0
gemini_2_5_flash,temporal,1,1,q_958081,True,1.0,2813.0
gemini_2_5_flash,temporal,1,1,q_603960,False,0.0,3916.0
gemini_2_5_flash,temporal,1,1,q_188062,False,0.0,4746.0
gemini_2_5_flash,temporal,1,1,q_736762,True,1.0,4872.0
gemini_2_5_flash,temporal,1,1,q_345632,True,1.0,5240.0
gemini_2_5_flash,temporal,1,1,q_649587,False,0.0,7258.0
gemini_2_5_flash,temporal,1,1,q_256351,False,0.0,7112.0
gemini_2_5_flash,temporal,1,1,q_677642,False,0.0,7143.0
gemini_2_5_flash,temporal,1,2,q_395337,True,1.0,1738.0
gemini_2_5_flash,temporal,1,2,q_315828,True,1.0,2212.0
gemini_2_5_flash,temporal,1,2,q_646878,True,1.0,2335.0
gemini_2_5_flash,temporal,1,2,q_224139,True,1.0,2808.0
gemini_2_5_flash,temporal,1,2,q_386081,True,1.0,3434.0
gemini_2_5_flash,temporal,1,2,q_261791,True,1.0,3661.0
gemini_2_5_flash,temporal,1,2,q_431821,True,1.0,4042.0
gemini_2_5_flash,temporal,1,2,q_338252,False,0.0,4017.0
gemini_2_5_flash,temporal,1,2,q_812976,True,1.0,5136.0
gemini_2_5_flash,temporal,1,2,q_612510,True,1.0,6007.0
gemini_2_5_flash,temporal,1,3,q_382437,True,1.0,1003.0
gemini_2_5_flash,temporal,1,3,q_367289,True,1.0,1264.0
gemini_2_5_flash,temporal,1,3,q_482716,True,1.0,1894.0
gemini_2_5_flash,temporal,1,3,q_863402,True,1.0,1984.0
gemini_2_5_flash,temporal,1,3,q_609142,True,1.0,2467.0
gemini_2_5_flash,temporal,1,3,q_594214,True,1.0,2735.0
gemini_2_5_flash,temporal,1,3,q_787594,True,1.0,2533.0
gemini_2_5_flash,temporal,1,3,q_534995,True,1.0,2895.0
gemini_2_5_flash,temporal,1,3,q_879712,True,1.0,3500.0
gemini_2_5_flash,temporal,4,1,q_732992,True,1.0,973.0
gemini_2_5_flash,temporal,4,1,q_461090,True,1.0,1009.0
gemini_2_5_flash,temporal,4,1,q_864187,True,1.0,1311.0
gemini_2_5_flash,temporal,4,1,q_981788,True,1.0,3561.0
gemini_2_5_flash,temporal,4,1,q_727668,True,1.0,4296.0
gemini_2_5_flash,temporal,4,1,q_306979,True,1.0,4229.0
gemini_2_5_flash,temporal,4,1,q_479999,True,1.0,4614.0
gemini_2_5_flash,temporal,4,1,q_863112,True,1.0,4787.0
gemini_2_5_flash,temporal,4,1,q_370551,True,1.0,5068.0
gemini_2_5_flash,temporal,4,1,q_715385,False,0.0,6541.0
gemini_2_5_flash,temporal,4,2,q_223469,True,1.0,799.0
gemini_2_5_flash,temporal,4,2,q_469384,True,1.0,896.0
gemini_2_5_flash,temporal,4,2,q_660466,True,1.0,1704.0
gemini_2_5_flash,temporal,4,2,q_910471,True,1.0,2183.0
gemini_2_5_flash,temporal,4,2,q_159790,True,1.0,2745.0
gemini_2_5_flash,temporal,4,2,q_178323,True,1.0,2965.0
gemini_2_5_flash,temporal,4,2,q_413629,True,1.0,2842.0
gemini_2_5_flash,temporal,4,2,q_452271,True,1.0,3265.0
gemini_2_5_flash,temporal,4,2,q_889583,True,1.0,4057.0
gemini_2_5_flash,temporal,4,2,q_652945,True,1.0,4923.0
gemini_2_5_flash,temporal,4,3,q_763519,True,1.0,861.0
gemini_2_5_flash,temporal,4,3,q_303853,True,1.0,898.0
gemini_2_5_flash,temporal,4,3,q_136085,True,1.0,1172.0
gemini_2_5_flash,temporal,4,3,q_720968,True,1.0,2121.0
gemini_2_5_flash,temporal,4,3,q_555992,False,0.0,2484.0
gemini_2_5_flash,temporal,4,3,q_297453,True,1.0,2788.0
gemini_2_5_flash,temporal,4,3,q_302794,True,1.0,3246.0
gemini_2_5_flash,temporal,4,3,q_382114,True,1.0,4319.0
gemini_2_5_flash,temporal,4,3,q_364638,True,1.0,4368.0
gemini_2_5_flash,temporal,4,3,q_975021,False,0.0,4878.0
gemini_2_5_flash,weighted,2,1,q_872439,True,1.0,1240.0
gemini_2_5_flash,weighted,2,1,q_525126,True,1.0,1270.0
gemini_2_5_flash,weighted,2,1,q_213872,True,1.0,1681.0
gemini_2_5_flash,weighted,2,1,q_634355,True,1.0,3021.0
gemini_2_5_flash,weighted,2,1,q_861611,True,1.0,4364.0
gemini_2_5_flash,weighted,2,1,q_863464,True,1.0,5044.0
gemini_2_5_flash,weighted,2,1,q_753276,True,1.0,9615.0
gemini_2_5_flash,weighted,2,1,q_922981,True,1.0,12545.0
gemini_2_5_flash,weighted,2,1,q_298733,False,1.0,17677.0
gemini_2_5_flash,weighted,2,1,q_356749,False,0.0,65795.0
gemini_2_5_flash,weighted,2,2,q_314972,True,1.0,1430.0
gemini_2_5_flash,weighted,2,2,q_545467,True,1.0,1472.0
gemini_2_5_flash,weighted,2,2,q_454334,True,1.0,1468.0
gemini_2_5_flash,weighted,2,2,q_204158,True,1.0,3584.0
gemini_2_5_flash,weighted,2,2,q_267504,True,1.0,3687.0
gemini_2_5_flash,weighted,2,2,q_991319,False,0.0,4723.0
gemini_2_5_flash,weighted,2,2,q_944239,True,1.0,5328.0
gemini_2_5_flash,weighted,2,2,q_972070,True,1.0,9239.0
gemini_2_5_flash,weighted,2,2,q_935784,False,0.0,11204.0
gemini_2_5_flash,weighted,2,2,q_481529,True,1.0,12604.0
gemini_2_5_flash,weighted,2,3,q_482251,True,1.0,1170.0
gemini_2_5_flash,weighted,2,3,q_599298,True,1.0,3085.0
gemini_2_5_flash,weighted,2,3,q_370470,True,1.0,7875.0
gemini_2_5_flash,weighted,2,3,q_661709,True,1.0,10105.0
gemini_2_5_flash,weighted,2,3,q_713462,False,0.0,10462.0
gemini_2_5_flash,weighted,2,3,q_566988,True,1.0,11686.0
gemini_2_5_flash,weighted,2,3,q_389834,True,1.0,13859.0
gemini_2_5_flash,weighted,2,3,q_152619,False,1.0,15607.0
gemini_2_5_flash,weighted,2,3,q_122575,False,0.0,64382.0
gemini_2_5_flash,weighted,2,3,q_639526,False,1.0,65338.0
gemini_2_5_flash,weighted,3,1,q_278076,True,1.0,3249.0
gemini_2_5_flash,weighted,3,1,q_997774,True,1.0,3275.0
gemini_2_5_flash,weighted,3,1,q_865549,True,1.0,3342.0
gemini_2_5_flash,weighted,3,1,q_109581,True,1.0,7937.0
gemini_2_5_flash,weighted,3,1,q_858350,False,0.0,7305.0
gemini_2_5_flash,weighted,3,1,q_573613,True,1.0,9772.0
gemini_2_5_flash,weighted,3,1,q_508273,True,1.0,9816.0
gemini_2_5_flash,weighted,3,1,q_305456,True,1.0,12051.0
gemini_2_5_flash,weighted,3,1,q_529992,True,1.0,21472.0
gemini_2_5_flash,weighted,3,1,q_361679,True,0.8888888888888888,33991.0
gemini_2_5_flash,weighted,3,2,q_436836,True,1.0,2830.0
gemini_2_5_flash,weighted,3,2,q_615025,True,1.0,2822.0
gemini_2_5_flash,weighted,3,2,q_163034,True,1.0,3314.0
gemini_2_5_flash,weighted,3,2,q_921827,True,1.0,3513.0
gemini_2_5_flash,weighted,3,2,q_843520,False,0.0,7556.0
gemini_2_5_flash,weighted,3,2,q_749733,False,0.0,13045.0
gemini_2_5_flash,weighted,3,2,q_994296,False,1.0,12157.0
gemini_2_5_flash,weighted,3,2,q_330900,False,0.0,21739.0
gemini_2_5_flash,weighted,3,2,q_688191,False,0.0,37243.0
gemini_2_5_flash,weighted,3,2,q_723334,False,0.0,37682.0
gemini_2_5_flash,weighted,3,3,q_730666,True,1.0,3518.0
gemini_2_5_flash,weighted,3,3,q_832605,False,0.0,9806.0
gemini_2_5_flash,weighted,3,3,q_219727,False,0.0,9626.0
gemini_2_5_flash,weighted,3,3,q_787516,True,1.0,10523.0
gemini_2_5_flash,weighted,3,3,q_719781,False,0.0,13214.0
gemini_2_5_flash,weighted,3,3,q_257518,True,1.0,18667.0
gemini_2_5_flash,weighted,3,3,q_402899,True,1.0,29586.0
gemini_2_5_flash,weighted,3,3,q_105589,True,1.0,31622.0
gemini_2_5_flash,weighted,3,3,q_374718,True,1.0,32062.0
gemini_2_5_flash,weighted,3,3,q_220189,True,1.0,34350.0
gemini_2_5_flash,weighted,1,1,q_713576,True,1.0,1339.0
gemini_2_5_flash,weighted,1,1,q_816058,True,1.0,1476.0
gemini_2_5_flash,weighted,1,1,q_133167,True,1.0,1744.0
gemini_2_5_flash,weighted,1,1,q_660959,True,1.0,1905.0
gemini_2_5_flash,weighted,1,2,q_678269,True,1.0,773.0
gemini_2_5_flash,weighted,1,2,q_940931,True,1.0,779.0
gemini_2_5_flash,weighted,1,2,q_225277,True,1.0,1089.0
gemini_2_5_flash,weighted,1,2,q_706270,True,1.0,1469.0
gemini_2_5_flash,weighted,1,2,q_249018,True,1.0,1525.0
gemini_2_5_flash,weighted,1,2,q_464951,True,1.0,1826.0
gemini_2_5_flash,weighted,1,2,q_154957,True,1.0,1883.0
gemini_2_5_flash,weighted,1,3,q_898257,True,1.0,1221.0
gemini_2_5_flash,weighted,1,3,q_533661,True,1.0,1852.0
gemini_2_5_flash,weighted,1,3,q_129000,True,1.0,1855.0
gemini_2_5_flash,weighted,1,3,q_791935,True,1.0,2011.0
gemini_2_5_flash,weighted,1,3,q_688231,False,0.0,1710.0
gemini_2_5_flash,weighted,4,1,q_247307,True,1.0,5580.0
gemini_2_5_flash,weighted,4,1,q_516057,True,1.0,5601.0
gemini_2_5_flash,weighted,4,1,q_219923,True,1.0,5593.0
gemini_2_5_flash,weighted,4,1,q_164260,True,1.0,5599.0
gemini_2_5_flash,weighted,4,1,q_195008,True,1.0,5614.0
gemini_2_5_flash,weighted,4,1,q_935250,True,1.0,11536.0
gemini_2_5_flash,weighted,4,1,q_596680,False,0.0,21092.0
gemini_2_5_flash,weighted,4,1,q_169355,False,0.0,36385.0
gemini_2_5_flash,weighted,4,1,q_199206,False,0.0,42897.0
gemini_2_5_flash,weighted,4,1,q_816349,True,1.0,63116.0
gemini_2_5_flash,weighted,4,2,q_983936,True,1.0,8506.0
gemini_2_5_flash,weighted,4,2,q_258796,True,1.0,8527.0
gemini_2_5_flash,weighted,4,2,q_136155,True,1.0,8557.0
gemini_2_5_flash,weighted,4,2,q_540959,False,0.0,22051.0
gemini_2_5_flash,weighted,4,2,q_329987,False,0.0,26009.0
gemini_2_5_flash,weighted,4,2,q_596270,True,1.0,43267.0
gemini_2_5_flash,weighted,4,2,q_547481,False,0.0,49395.0
gemini_2_5_flash,weighted,4,2,q_297507,False,0.0,57618.0
gemini_2_5_flash,weighted,4,2,q_918124,False,0.0,73987.0
gemini_2_5_flash,weighted,4,2,q_270515,True,1.0,70230.0
gemini_2_5_flash,weighted,4,3,q_922727,True,1.0,5955.0
gemini_2_5_flash,weighted,4,3,q_137161,True,1.0,5967.0
gemini_2_5_flash,weighted,4,3,q_128033,True,1.0,5988.0
gemini_2_5_flash,weighted,4,3,q_892733,True,1.0,5982.0
gemini_2_5_flash,weighted,4,3,q_347471,True,1.0,6006.0
gemini_2_5_flash,weighted,4,3,q_352595,False,0.0,17123.0
gemini_2_5_flash,weighted,4,3,q_408296,True,1.0,17611.0
gemini_2_5_flash,weighted,4,3,q_136965,True,1.0,23576.0
gemini_2_5_flash,weighted,4,3,q_988888,False,0.0,37633.0
gemini_2_5_flash,weighted,4,3,q_796298,False,0.8,71422.0
gemini_2_5_flash,conflicting,2,1,q_886852,True,1.0,3017.0
gemini_2_5_flash,conflicting,2,1,q_882346,True,1.0,2989.0
gemini_2_5_flash,conflicting,2,1,q_958792,True,1.0,3211.0
gemini_2_5_flash,conflicting,2,1,q_898079,True,1.0,3111.0
gemini_2_5_flash,conflicting,2,1,q_796482,True,1.0,3368.0
gemini_2_5_flash,conflicting,2,1,q_540576,True,1.0,3530.0
gemini_2_5_flash,conflicting,2,1,q_477375,True,1.0,3772.0
gemini_2_5_flash,conflicting,2,1,q_155096,True,1.0,3946.0
gemini_2_5_flash,conflicting,2,1,q_889237,True,1.0,4293.0
gemini_2_5_flash,conflicting,2,1,q_421190,True,1.0,3908.0
gemini_2_5_flash,conflicting,2,2,q_834874,True,1.0,3094.0
gemini_2_5_flash,conflicting,2,2,q_800533,False,0.0,3272.0
gemini_2_5_flash,conflicting,2,2,q_640334,True,1.0,3457.0
gemini_2_5_flash,conflicting,2,2,q_467679,True,1.0,3995.0
gemini_2_5_flash,conflicting,2,2,q_439854,True,1.0,4178.0
gemini_2_5_flash,conflicting,2,2,q_264795,True,1.0,4348.0
gemini_2_5_flash,conflicting,2,2,q_725868,True,1.0,4729.0
gemini_2_5_flash,conflicting,2,2,q_248231,True,1.0,5212.0
gemini_2_5_flash,conflicting,2,2,q_662192,True,1.0,5533.0
gemini_2_5_flash,conflicting,2,2,q_394127,True,1.0,5225.0
gemini_2_5_flash,conflicting,2,3,q_887730,True,1.0,2513.0
gemini_2_5_flash,conflicting,2,3,q_459027,True,1.0,3231.0
gemini_2_5_flash,conflicting,2,3,q_942650,True,1.0,3694.0
gemini_2_5_flash,conflicting,2,3,q_794697,True,1.0,3563.0
gemini_2_5_flash,conflicting,2,3,q_671748,True,1.0,3504.0
gemini_2_5_flash,conflicting,2,3,q_954064,True,1.0,3793.0
gemini_2_5_flash,conflicting,2,3,q_658473,True,1.0,3830.0
gemini_2_5_flash,conflicting,2,3,q_271826,True,1.0,4477.0
gemini_2_5_flash,conflicting,2,3,q_282933,True,1.0,4505.0
gemini_2_5_flash,conflicting,2,3,q_664111,True,1.0,6282.0
gemini_2_5_flash,conflicting,3,1,q_667636,True,1.0,2114.0
gemini_2_5_flash,conflicting,3,1,q_846391,True,1.0,2463.0
gemini_2_5_flash,conflicting,3,1,q_279628,True,1.0,2551.0
gemini_2_5_flash,conflicting,3,1,q_839143,True,1.0,2137.0
gemini_2_5_flash,conflicting,3,1,q_354017,True,1.0,4991.0
gemini_2_5_flash,conflicting,3,1,q_445554,True,1.0,6180.0
gemini_2_5_flash,conflicting,3,1,q_157869,True,1.0,7040.0
gemini_2_5_flash,conflicting,3,1,q_277988,True,1.0,8675.0
gemini_2_5_flash,conflicting,3,1,q_532864,True,1.0,9586.0
gemini_2_5_flash,conflicting,3,1,q_916867,True,1.0,9916.0
gemini_2_5_flash,conflicting,3,2,q_118146,True,1.0,3519.0
gemini_2_5_flash,conflicting,3,2,q_667304,True,1.0,4751.0
gemini_2_5_flash,conflicting,3,2,q_991823,True,1.0,5066.0
gemini_2_5_flash,conflicting,3,2,q_946374,True,1.0,5289.0
gemini_2_5_flash,conflicting,3,2,q_164280,True,1.0,5546.0
gemini_2_5_flash,conflicting,3,2,q_653902,True,1.0,5473.0
gemini_2_5_flash,conflicting,3,2,q_994981,True,1.0,7339.0
gemini_2_5_flash,conflicting,3,2,q_965853,True,1.0,7854.0
gemini_2_5_flash,conflicting,3,2,q_660859,True,1.0,8174.0
gemini_2_5_flash,conflicting,3,2,q_276255,True,1.0,9025.0
gemini_2_5_flash,conflicting,3,3,q_410320,True,1.0,2208.0
gemini_2_5_flash,conflicting,3,3,q_201497,True,1.0,2336.0
gemini_2_5_flash,conflicting,3,3,q_229794,True,1.0,2743.0
gemini_2_5_flash,conflicting,3,3,q_272455,True,1.0,2792.0
gemini_2_5_flash,conflicting,3,3,q_727217,True,1.0,3318.0
gemini_2_5_flash,conflicting,3,3,q_532702,True,1.0,4978.0
gemini_2_5_flash,conflicting,3,3,q_153735,True,1.0,6283.0
gemini_2_5_flash,conflicting,3,3,q_294507,True,1.0,8523.0
gemini_2_5_flash,conflicting,3,3,q_416863,True,1.0,12831.0
gemini_2_5_flash,conflicting,3,3,q_149945,True,1.0,17268.0
gemini_2_5_flash,conflicting,1,1,q_532309,True,1.0,2848.0
gemini_2_5_flash,conflicting,1,1,q_146868,True,1.0,2700.0
gemini_2_5_flash,conflicting,1,1,q_920055,True,1.0,3091.0
gemini_2_5_flash,conflicting,1,1,q_223415,True,1.0,3371.0
gemini_2_5_flash,conflicting,1,1,q_525845,True,1.0,3559.0
gemini_2_5_flash,conflicting,1,1,q_836946,True,1.0,3703.0
gemini_2_5_flash,conflicting,1,1,q_372812,True,1.0,4016.0
gemini_2_5_flash,conflicting,1,1,q_161940,True,1.0,4791.0
gemini_2_5_flash,conflicting,1,1,q_665549,True,1.0,4694.0
gemini_2_5_flash,conflicting,1,1,q_127936,True,1.0,7241.0
gemini_2_5_flash,conflicting,1,2,q_940328,False,0.0,1986.0
gemini_2_5_flash,conflicting,1,2,q_368892,True,1.0,2171.0
gemini_2_5_flash,conflicting,1,2,q_721715,True,1.0,2548.0
gemini_2_5_flash,conflicting,1,2,q_925167,True,1.0,2742.0
gemini_2_5_flash,conflicting,1,2,q_350021,True,1.0,2682.0
gemini_2_5_flash,conflicting,1,2,q_942955,True,1.0,3024.0
gemini_2_5_flash,conflicting,1,2,q_329093,True,1.0,2829.0
gemini_2_5_flash,conflicting,1,2,q_731920,True,1.0,3219.0
gemini_2_5_flash,conflicting,1,2,q_953208,True,1.0,3479.0
gemini_2_5_flash,conflicting,1,2,q_245002,True,1.0,4032.0
gemini_2_5_flash,conflicting,1,3,q_197624,True,1.0,2499.0
gemini_2_5_flash,conflicting,1,3,q_467762,True,1.0,3192.0
gemini_2_5_flash,conflicting,1,3,q_688137,True,1.0,3261.0
gemini_2_5_flash,conflicting,1,3,q_863441,True,1.0,3462.0
gemini_2_5_flash,conflicting,1,3,q_262964,True,1.0,3544.0
gemini_2_5_flash,conflicting,1,3,q_962684,True,1.0,3722.0
gemini_2_5_flash,conflicting,1,3,q_994684,True,1.0,3719.0
gemini_2_5_flash,conflicting,1,3,q_241313,True,1.0,4189.0
gemini_2_5_flash,conflicting,1,3,q_289394,True,1.0,4544.0
gemini_2_5_flash,conflicting,1,3,q_268990,True,1.0,5539.0
gemini_2_5_flash,conflicting,4,1,q_824339,True,1.0,3830.0
gemini_2_5_flash,conflicting,4,1,q_801489,True,1.0,4292.0
gemini_2_5_flash,conflicting,4,1,q_122222,True,1.0,7586.0
gemini_2_5_flash,conflicting,4,1,q_743721,False,0.0,8345.0
gemini_2_5_flash,conflicting,4,1,q_584767,True,1.0,9912.0
gemini_2_5_flash,conflicting,4,1,q_121542,True,1.0,10305.0
gemini_2_5_flash,conflicting,4,1,q_160988,True,1.0,12387.0
gemini_2_5_flash,conflicting,4,1,q_854515,True,1.0,13261.0
gemini_2_5_flash,conflicting,4,1,q_508581,True,1.0,15256.0
gemini_2_5_flash,conflicting,4,1,q_576428,True,1.0,69198.0
gemini_2_5_flash,conflicting,4,2,q_338545,True,1.0,6321.0
gemini_2_5_flash,conflicting,4,2,q_235972,True,1.0,8241.0
gemini_2_5_flash,conflicting,4,2,q_615458,False,0.0,8797.0
gemini_2_5_flash,conflicting,4,2,q_183386,False,0.0,9322.0
gemini_2_5_flash,conflicting,4,2,q_368500,True,1.0,9877.0
gemini_2_5_flash,conflicting,4,2,q_583104,True,1.0,10467.0
gemini_2_5_flash,conflicting,4,2,q_748584,True,1.0,13848.0
gemini_2_5_flash,conflicting,4,2,q_914815,True,1.0,16157.0
gemini_2_5_flash,conflicting,4,2,q_528408,False,0.0,17476.0
gemini_2_5_flash,conflicting,4,2,q_418204,True,1.0,22469.0
gemini_2_5_flash,conflicting,4,3,q_850359,True,1.0,4022.0
gemini_2_5_flash,conflicting,4,3,q_802777,True,1.0,4056.0
gemini_2_5_flash,conflicting,4,3,q_183171,True,1.0,4227.0
gemini_2_5_flash,conflicting,4,3,q_723915,True,1.0,4435.0
gemini_2_5_flash,conflicting,4,3,q_883159,True,1.0,4355.0
gemini_2_5_flash,conflicting,4,3,q_534834,True,1.0,10813.0
gemini_2_5_flash,conflicting,4,3,q_826096,True,1.0,11339.0
gemini_2_5_flash,conflicting,4,3,q_549637,True,1.0,15750.0
gemini_2_5_flash,conflicting,4,3,q_100757,True,1.0,19309.0
gemini_2_5_flash,conflicting,4,3,q_662973,False,0.0,28082.0
gemini_3_pro_preview,multihop,2,1,q_378073,True,1.0,2565.0
gemini_3_pro_preview,multihop,2,1,q_327208,True,1.0,2706.0
gemini_3_pro_preview,multihop,2,1,q_986362,True,1.0,2733.0
gemini_3_pro_preview,multihop,2,1,q_921620,True,1.0,3228.0
gemini_3_pro_preview,multihop,2,1,q_648931,True,1.0,3393.0
gemini_3_pro_preview,multihop,2,1,q_782242,True,1.0,5530.0
gemini_3_pro_preview,multihop,2,1,q_942912,True,1.0,6591.0
gemini_3_pro_preview,multihop,2,1,q_809401,True,1.0,6429.0
gemini_3_pro_preview,multihop,2,1,q_404139,False,0.0,7411.0
gemini_3_pro_preview,multihop,2,1,q_619868,True,1.0,8298.0
gemini_3_pro_preview,multihop,2,2,q_823798,True,1.0,1666.0
gemini_3_pro_preview,multihop,2,2,q_165693,True,1.0,1735.0
gemini_3_pro_preview,multihop,2,2,q_468744,True,1.0,1789.0
gemini_3_pro_preview,multihop,2,2,q_264873,False,0.0,1888.0
gemini_3_pro_preview,multihop,2,2,q_474168,True,1.0,2061.0
gemini_3_pro_preview,multihop,2,2,q_352253,True,1.0,2084.0
gemini_3_pro_preview,multihop,2,2,q_332261,True,1.0,2045.0
gemini_3_pro_preview,multihop,2,2,q_899577,True,1.0,2105.0
gemini_3_pro_preview,multihop,2,2,q_845797,True,1.0,2124.0
gemini_3_pro_preview,multihop,2,2,q_822987,True,1.0,3191.0
gemini_3_pro_preview,multihop,2,3,q_154389,True,1.0,3082.0
gemini_3_pro_preview,multihop,2,3,q_311817,True,1.0,3424.0
gemini_3_pro_preview,multihop,2,3,q_668322,True,1.0,3602.0
gemini_3_pro_preview,multihop,2,3,q_422113,True,1.0,4237.0
gemini_3_pro_preview,multihop,2,3,q_702979,True,1.0,4670.0
gemini_3_pro_preview,multihop,2,3,q_476218,True,1.0,4912.0
gemini_3_pro_preview,multihop,2,3,q_273960,False,0.0,5145.0
gemini_3_pro_preview,multihop,2,3,q_691332,True,1.0,5607.0
gemini_3_pro_preview,multihop,2,3,q_456014,False,0.0,5742.0
gemini_3_pro_preview,multihop,2,3,q_276905,True,1.0,7159.0
gemini_3_pro_preview,multihop,3,1,q_110447,True,1.0,10034.0
gemini_3_pro_preview,multihop,3,1,q_718331,True,1.0,10079.0
gemini_3_pro_preview,multihop,3,1,q_928183,True,1.0,10305.0
gemini_3_pro_preview,multihop,3,1,q_711435,True,1.0,11865.0
gemini_3_pro_preview,multihop,3,1,q_970394,True,1.0,14043.0
gemini_3_pro_preview,multihop,3,1,q_949179,True,1.0,14703.0
gemini_3_pro_preview,multihop,3,1,q_949742,False,0.0,14284.0
gemini_3_pro_preview,multihop,3,1,q_696500,True,1.0,15434.0
gemini_3_pro_preview,multihop,3,1,q_171433,True,1.0,20117.0
gemini_3_pro_preview,multihop,3,1,q_656389,True,1.0,24285.0
gemini_3_pro_preview,multihop,3,2,q_656667,False,0.0,9478.0
gemini_3_pro_preview,multihop,3,2,q_356683,True,1.0,9541.0
gemini_3_pro_preview,multihop,3,2,q_705550,True,1.0,9779.0
gemini_3_pro_preview,multihop,3,2,q_238241,True,1.0,10245.0
gemini_3_pro_preview,multihop,3,2,q_645447,True,1.0,10811.0
gemini_3_pro_preview,multihop,3,2,q_136638,True,1.0,13018.0
gemini_3_pro_preview,multihop,3,2,q_620975,True,1.0,14870.0
gemini_3_pro_preview,multihop,3,2,q_772039,True,1.0,17055.0
gemini_3_pro_preview,multihop,3,2,q_407914,True,1.0,16466.0
gemini_3_pro_preview,multihop,3,2,q_236270,True,1.0,27119.0
gemini_3_pro_preview,multihop,3,3,q_232217,True,1.0,7943.0
gemini_3_pro_preview,multihop,3,3,q_761818,True,1.0,8016.0
gemini_3_pro_preview,multihop,3,3,q_987193,True,1.0,8254.0
gemini_3_pro_preview,multihop,3,3,q_847630,True,1.0,8699.0
gemini_3_pro_preview,multihop,3,3,q_225196,True,1.0,8973.0
gemini_3_pro_preview,multihop,3,3,q_147200,False,0.0,8836.0
gemini_3_pro_preview,multihop,3,3,q_142070,True,1.0,10592.0
gemini_3_pro_preview,multihop,3,3,q_151997,True,1.0,11972.0
gemini_3_pro_preview,multihop,3,3,q_145687,True,1.0,14606.0
gemini_3_pro_preview,multihop,3,3,q_247843,True,1.0,17936.0
gemini_3_pro_preview,multihop,1,1,q_383626,True,1.0,1045.0
gemini_3_pro_preview,multihop,1,1,q_564488,True,1.0,1287.0
gemini_3_pro_preview,multihop,1,1,q_167167,True,1.0,1545.0
gemini_3_pro_preview,multihop,1,2,q_323749,True,1.0,1058.0
gemini_3_pro_preview,multihop,1,2,q_528251,True,1.0,1313.0
gemini_3_pro_preview,multihop,1,2,q_234862,True,1.0,1365.0
gemini_3_pro_preview,multihop,1,3,q_730503,True,1.0,1056.0
gemini_3_pro_preview,multihop,1,3,q_893805,True,1.0,1107.0
gemini_3_pro_preview,multihop,1,3,q_803302,True,1.0,1282.0
gemini_3_pro_preview,multihop,1,3,q_253883,True,1.0,1286.0
gemini_3_pro_preview,multihop,1,3,q_680902,True,1.0,1350.0
gemini_3_pro_preview,multihop,1,3,q_292391,True,1.0,1210.0
gemini_3_pro_preview,multihop,1,3,q_686839,True,1.0,1336.0
gemini_3_pro_preview,multihop,1,3,q_274616,True,1.0,1354.0
gemini_3_pro_preview,multihop,1,3,q_683282,True,1.0,1461.0
gemini_3_pro_preview,multihop,1,3,q_475291,True,1.0,1461.0
gemini_3_pro_preview,multihop,4,1,q_626920,True,1.0,27116.0
gemini_3_pro_preview,multihop,4,1,q_941497,True,1.0,27219.0
gemini_3_pro_preview,multihop,4,1,q_780685,True,1.0,27394.0
gemini_3_pro_preview,multihop,4,1,q_503690,True,1.0,27581.0
gemini_3_pro_preview,multihop,4,1,q_786396,True,1.0,27910.0
gemini_3_pro_preview,multihop,4,1,q_241793,True,1.0,27997.0
gemini_3_pro_preview,multihop,4,1,q_670884,True,1.0,27988.0
gemini_3_pro_preview,multihop,4,1,q_644645,False,0.0,37662.0
gemini_3_pro_preview,multihop,4,1,q_932696,True,1.0,39228.0
gemini_3_pro_preview,multihop,4,1,q_117572,True,1.0,47503.0
gemini_3_pro_preview,multihop,4,2,q_386560,True,1.0,18011.0
gemini_3_pro_preview,multihop,4,2,q_963388,True,1.0,18117.0
gemini_3_pro_preview,multihop,4,2,q_439336,False,0.0,18360.0
gemini_3_pro_preview,multihop,4,2,q_450525,True,1.0,18906.0
gemini_3_pro_preview,multihop,4,2,q_713951,True,1.0,19255.0
gemini_3_pro_preview,multihop,4,2,q_243014,True,1.0,19361.0
gemini_3_pro_preview,multihop,4,2,q_454279,True,1.0,21686.0
gemini_3_pro_preview,multihop,4,2,q_638331,True,1.0,22016.0
gemini_3_pro_preview,multihop,4,2,q_941258,False,0.0,23422.0
gemini_3_pro_preview,multihop,4,2,q_721809,True,1.0,23976.0
gemini_3_pro_preview,multihop,4,3,q_273439,True,1.0,30952.0
gemini_3_pro_preview,multihop,4,3,q_982362,True,1.0,31656.0
gemini_3_pro_preview,multihop,4,3,q_637950,True,1.0,31745.0
gemini_3_pro_preview,multihop,4,3,q_726917,True,1.0,31252.0
gemini_3_pro_preview,multihop,4,3,q_144829,True,1.0,31931.0
gemini_3_pro_preview,multihop,4,3,q_608862,True,1.0,32630.0
gemini_3_pro_preview,multihop,4,3,q_100612,True,1.0,33112.0
gemini_3_pro_preview,multihop,4,3,q_778850,True,1.0,33103.0
gemini_3_pro_preview,multihop,4,3,q_885910,True,1.0,33202.0
gemini_3_pro_preview,multihop,4,3,q_525142,True,1.0,46498.0
gemini_3_pro_preview,hierarchical,2,1,q_390877,True,1.0,1042.0
gemini_3_pro_preview,hierarchical,2,1,q_705693,True,1.0,1096.0
gemini_3_pro_preview,hierarchical,2,1,q_712590,True,1.0,1054.0
gemini_3_pro_preview,hierarchical,2,1,q_322710,True,1.0,1139.0
gemini_3_pro_preview,hierarchical,2,1,q_901266,True,1.0,1146.0
gemini_3_pro_preview,hierarchical,2,1,q_184621,True,1.0,1157.0
gemini_3_pro_preview,hierarchical,2,1,q_275237,True,1.0,1196.0
gemini_3_pro_preview,hierarchical,2,1,q_664453,True,1.0,1250.0
gemini_3_pro_preview,hierarchical,2,1,q_904893,True,1.0,1244.0
gemini_3_pro_preview,hierarchical,2,1,q_770896,True,1.0,1219.0
gemini_3_pro_preview,hierarchical,2,2,q_531167,True,1.0,838.0
gemini_3_pro_preview,hierarchical,2,2,q_700008,True,1.0,858.0
gemini_3_pro_preview,hierarchical,2,2,q_478914,True,1.0,876.0
gemini_3_pro_preview,hierarchical,2,2,q_274008,True,1.0,910.0
gemini_3_pro_preview,hierarchical,2,2,q_642240,True,1.0,913.0
gemini_3_pro_preview,hierarchical,2,2,q_757781,True,1.0,883.0
gemini_3_pro_preview,hierarchical,2,2,q_871434,True,1.0,975.0
gemini_3_pro_preview,hierarchical,2,2,q_429016,True,1.0,1008.0
gemini_3_pro_preview,hierarchical,2,2,q_316392,True,1.0,1092.0
gemini_3_pro_preview,hierarchical,2,2,q_993314,True,1.0,1159.0
gemini_3_pro_preview,hierarchical,2,3,q_485687,True,1.0,952.0
gemini_3_pro_preview,hierarchical,2,3,q_585598,True,1.0,894.0
gemini_3_pro_preview,hierarchical,2,3,q_730919,True,1.0,968.0
gemini_3_pro_preview,hierarchical,2,3,q_588605,True,1.0,968.0
gemini_3_pro_preview,hierarchical,2,3,q_544245,True,1.0,944.0
gemini_3_pro_preview,hierarchical,2,3,q_396279,False,0.0,1096.0
gemini_3_pro_preview,hierarchical,2,3,q_994582,True,1.0,1091.0
gemini_3_pro_preview,hierarchical,2,3,q_190862,True,1.0,1199.0
gemini_3_pro_preview,hierarchical,2,3,q_884440,True,1.0,1149.0
gemini_3_pro_preview,hierarchical,2,3,q_514106,True,1.0,1226.0
gemini_3_pro_preview,hierarchical,3,1,q_525098,True,1.0,1257.0
gemini_3_pro_preview,hierarchical,3,1,q_405713,True,1.0,1178.0
gemini_3_pro_preview,hierarchical,3,1,q_719006,True,1.0,1197.0
gemini_3_pro_preview,hierarchical,3,1,q_940613,True,1.0,1209.0
gemini_3_pro_preview,hierarchical,3,1,q_470401,True,1.0,1245.0
gemini_3_pro_preview,hierarchical,3,1,q_542854,True,1.0,1233.0
gemini_3_pro_preview,hierarchical,3,1,q_797357,True,1.0,1367.0
gemini_3_pro_preview,hierarchical,3,1,q_625450,True,1.0,1348.0
gemini_3_pro_preview,hierarchical,3,1,q_666755,True,1.0,1529.0
gemini_3_pro_preview,hierarchical,3,1,q_208020,True,1.0,1532.0
gemini_3_pro_preview,hierarchical,3,2,q_563799,True,1.0,1086.0
gemini_3_pro_preview,hierarchical,3,2,q_133184,True,1.0,1148.0
gemini_3_pro_preview,hierarchical,3,2,q_724762,True,1.0,1135.0
gemini_3_pro_preview,hierarchical,3,2,q_186882,True,1.0,1134.0
gemini_3_pro_preview,hierarchical,3,2,q_696255,True,1.0,1163.0
gemini_3_pro_preview,hierarchical,3,2,q_437762,True,1.0,1240.0
gemini_3_pro_preview,hierarchical,3,2,q_502913,True,1.0,1331.0
gemini_3_pro_preview,hierarchical,3,2,q_858963,True,1.0,1375.0
gemini_3_pro_preview,hierarchical,3,2,q_402275,True,1.0,1325.0
gemini_3_pro_preview,hierarchical,3,2,q_200928,False,0.0,1318.0
gemini_3_pro_preview,hierarchical,3,3,q_715046,True,1.0,1101.0
gemini_3_pro_preview,hierarchical,3,3,q_548586,True,1.0,1132.0
gemini_3_pro_preview,hierarchical,3,3,q_835301,True,1.0,1179.0
gemini_3_pro_preview,hierarchical,3,3,q_205518,True,1.0,1198.0
gemini_3_pro_preview,hierarchical,3,3,q_607324,True,1.0,1188.0
gemini_3_pro_preview,hierarchical,3,3,q_820824,True,1.0,1270.0
gemini_3_pro_preview,hierarchical,3,3,q_954521,True,1.0,1200.0
gemini_3_pro_preview,hierarchical,3,3,q_216158,True,1.0,1334.0
gemini_3_pro_preview,hierarchical,3,3,q_695563,True,1.0,1341.0
gemini_3_pro_preview,hierarchical,3,3,q_937062,False,0.0,1503.0
gemini_3_pro_preview,hierarchical,1,1,q_424489,True,1.0,519.0
gemini_3_pro_preview,hierarchical,1,1,q_612845,False,0.0,932.0
gemini_3_pro_preview,hierarchical,1,2,q_756368,True,1.0,631.0
gemini_3_pro_preview,hierarchical,1,2,q_864609,True,1.0,613.0
gemini_3_pro_preview,hierarchical,1,2,q_190768,True,1.0,625.0
gemini_3_pro_preview,hierarchical,1,2,q_561902,True,1.0,728.0
gemini_3_pro_preview,hierarchical,1,2,q_693014,True,1.0,720.0
gemini_3_pro_preview,hierarchical,1,2,q_751175,True,1.0,801.0
gemini_3_pro_preview,hierarchical,1,2,q_232668,True,1.0,798.0
gemini_3_pro_preview,hierarchical,1,2,q_735939,True,1.0,1082.0
gemini_3_pro_preview,hierarchical,1,3,q_448805,True,1.0,583.0
gemini_3_pro_preview,hierarchical,1,3,q_511813,True,1.0,580.0
gemini_3_pro_preview,hierarchical,1,3,q_308078,True,1.0,623.0
gemini_3_pro_preview,hierarchical,1,3,q_673386,True,1.0,641.0
gemini_3_pro_preview,hierarchical,1,3,q_575625,True,1.0,623.0
gemini_3_pro_preview,hierarchical,1,3,q_472113,True,1.0,732.0
gemini_3_pro_preview,hierarchical,4,1,q_941734,True,1.0,1843.0
gemini_3_pro_preview,hierarchical,4,1,q_587640,True,1.0,1865.0
gemini_3_pro_preview,hierarchical,4,1,q_269301,True,1.0,1837.0
gemini_3_pro_preview,hierarchical,4,1,q_629457,True,1.0,1889.0
gemini_3_pro_preview,hierarchical,4,1,q_789186,True,1.0,1948.0
gemini_3_pro_preview,hierarchical,4,1,q_114328,True,1.0,1989.0
gemini_3_pro_preview,hierarchical,4,1,q_910720,True,1.0,1986.0
gemini_3_pro_preview,hierarchical,4,1,q_143627,True,1.0,2091.0
gemini_3_pro_preview,hierarchical,4,1,q_472333,True,1.0,2137.0
gemini_3_pro_preview,hierarchical,4,1,q_370991,True,1.0,2102.0
gemini_3_pro_preview,hierarchical,4,2,q_157858,True,1.0,1991.0
gemini_3_pro_preview,hierarchical,4,2,q_493004,True,1.0,1945.0
gemini_3_pro_preview,hierarchical,4,2,q_289826,True,1.0,1924.0
gemini_3_pro_preview,hierarchical,4,2,q_788226,True,1.0,1997.0
gemini_3_pro_preview,hierarchical,4,2,q_166068,True,1.0,2035.0
gemini_3_pro_preview,hierarchical,4,2,q_811784,True,1.0,2029.0
gemini_3_pro_preview,hierarchical,4,2,q_738154,True,1.0,2042.0
gemini_3_pro_preview,hierarchical,4,2,q_868670,True,1.0,2048.0
gemini_3_pro_preview,hierarchical,4,2,q_983532,True,1.0,2046.0
gemini_3_pro_preview,hierarchical,4,2,q_177961,True,1.0,3024.0
gemini_3_pro_preview,hierarchical,4,3,q_962387,True,1.0,1873.0
gemini_3_pro_preview,hierarchical,4,3,q_898760,True,1.0,1999.0
gemini_3_pro_preview,hierarchical,4,3,q_112425,True,1.0,1974.0
gemini_3_pro_preview,hierarchical,4,3,q_573717,True,1.0,1962.0
gemini_3_pro_preview,hierarchical,4,3,q_676972,True,1.0,2048.0
gemini_3_pro_preview,hierarchical,4,3,q_762982,True,1.0,1978.0
gemini_3_pro_preview,hierarchical,4,3,q_144790,True,1.0,1957.0
gemini_3_pro_preview,hierarchical,4,3,q_589161,True,1.0,1960.0
gemini_3_pro_preview,hierarchical,4,3,q_895813,True,1.0,2087.0
gemini_3_pro_preview,hierarchical,4,3,q_497258,True,1.0,2145.0
gemini_3_pro_preview,temporal,2,1,q_272731,True,1.0,1410.0
gemini_3_pro_preview,temporal,2,1,q_110981,True,1.0,1396.0
gemini_3_pro_preview,temporal,2,1,q_723108,True,1.0,1365.0
gemini_3_pro_preview,temporal,2,1,q_248549,False,0.0,1447.0
gemini_3_pro_preview,temporal,2,1,q_605459,False,0.0,1644.0
gemini_3_pro_preview,temporal,2,1,q_455497,True,1.0,1699.0
gemini_3_pro_preview,temporal,2,1,q_673027,False,0.0,1853.0
gemini_3_pro_preview,temporal,2,1,q_341223,True,1.0,2067.0
gemini_3_pro_preview,temporal,2,1,q_864552,False,0.0,2537.0
gemini_3_pro_preview,temporal,2,1,q_802957,False,0.0,3362.0
gemini_3_pro_preview,temporal,2,2,q_191706,True,1.0,1146.0
gemini_3_pro_preview,temporal,2,2,q_818838,True,1.0,1183.0
gemini_3_pro_preview,temporal,2,2,q_236344,True,1.0,1079.0
gemini_3_pro_preview,temporal,2,2,q_208237,False,0.0,1176.0
gemini_3_pro_preview,temporal,2,2,q_808189,True,1.0,1456.0
gemini_3_pro_preview,temporal,2,2,q_244619,True,1.0,1264.0
gemini_3_pro_preview,temporal,2,2,q_357629,True,1.0,1520.0
gemini_3_pro_preview,temporal,2,2,q_152795,False,0.0,1339.0
gemini_3_pro_preview,temporal,2,2,q_367863,False,0.0,1448.0
gemini_3_pro_preview,temporal,2,2,q_792135,True,1.0,1593.0
gemini_3_pro_preview,temporal,2,3,q_358254,True,1.0,1374.0
gemini_3_pro_preview,temporal,2,3,q_118947,True,1.0,1559.0
gemini_3_pro_preview,temporal,2,3,q_169346,True,1.0,1834.0
gemini_3_pro_preview,temporal,2,3,q_575668,True,1.0,1920.0
gemini_3_pro_preview,temporal,2,3,q_363444,True,1.0,1996.0
gemini_3_pro_preview,temporal,2,3,q_557594,True,1.0,2060.0
gemini_3_pro_preview,temporal,2,3,q_281602,True,1.0,2057.0
gemini_3_pro_preview,temporal,2,3,q_675453,False,0.0,1832.0
gemini_3_pro_preview,temporal,2,3,q_589852,True,1.0,2214.0
gemini_3_pro_preview,temporal,2,3,q_694498,True,1.0,1931.0
gemini_3_pro_preview,temporal,3,1,q_856132,True,1.0,1191.0
gemini_3_pro_preview,temporal,3,1,q_675648,True,1.0,1244.0
gemini_3_pro_preview,temporal,3,1,q_908915,True,1.0,1580.0
gemini_3_pro_preview,temporal,3,1,q_640403,True,1.0,1695.0
gemini_3_pro_preview,temporal,3,1,q_223156,True,1.0,1443.0
gemini_3_pro_preview,temporal,3,1,q_398072,True,1.0,1887.0
gemini_3_pro_preview,temporal,3,1,q_155484,True,1.0,2180.0
gemini_3_pro_preview,temporal,3,1,q_175464,False,0.0,2067.0
gemini_3_pro_preview,temporal,3,1,q_462307,True,1.0,2289.0
gemini_3_pro_preview,temporal,3,1,q_297677,True,1.0,11688.0
gemini_3_pro_preview,temporal,3,2,q_754803,True,1.0,1032.0
gemini_3_pro_preview,temporal,3,2,q_975143,True,1.0,1068.0
gemini_3_pro_preview,temporal,3,2,q_584318,True,1.0,1168.0
gemini_3_pro_preview,temporal,3,2,q_880410,False,0.0,1316.0
gemini_3_pro_preview,temporal,3,2,q_791806,True,1.0,1622.0
gemini_3_pro_preview,temporal,3,2,q_246608,True,1.0,1681.0
gemini_3_pro_preview,temporal,3,2,q_659379,True,1.0,1904.0
gemini_3_pro_preview,temporal,3,2,q_951002,True,1.0,1848.0
gemini_3_pro_preview,temporal,3,2,q_637571,True,1.0,1971.0
gemini_3_pro_preview,temporal,3,2,q_688099,False,0.0,2031.0
gemini_3_pro_preview,temporal,3,3,q_204372,True,1.0,1207.0
gemini_3_pro_preview,temporal,3,3,q_303086,True,1.0,1353.0
gemini_3_pro_preview,temporal,3,3,q_491097,True,1.0,1376.0
gemini_3_pro_preview,temporal,3,3,q_894845,True,1.0,1884.0
gemini_3_pro_preview,temporal,3,3,q_199612,True,1.0,2060.0
gemini_3_pro_preview,temporal,3,3,q_480869,True,1.0,1633.0
gemini_3_pro_preview,temporal,3,3,q_961435,True,1.0,1899.0
gemini_3_pro_preview,temporal,3,3,q_499898,True,1.0,1957.0
gemini_3_pro_preview,temporal,3,3,q_740968,False,0.0,2378.0
gemini_3_pro_preview,temporal,3,3,q_810293,False,0.0,2697.0
gemini_3_pro_preview,temporal,1,1,q_277684,True,1.0,1180.0
gemini_3_pro_preview,temporal,1,1,q_958081,True,1.0,2027.0
gemini_3_pro_preview,temporal,1,1,q_345632,False,0.0,1903.0
gemini_3_pro_preview,temporal,1,1,q_677642,False,0.0,1946.0
gemini_3_pro_preview,temporal,1,1,q_603960,False,0.0,2289.0
gemini_3_pro_preview,temporal,1,1,q_736762,True,1.0,2252.0
gemini_3_pro_preview,temporal,1,1,q_188062,False,0.0,2379.0
gemini_3_pro_preview,temporal,1,1,q_649587,False,0.0,2512.0
gemini_3_pro_preview,temporal,1,1,q_256351,False,0.0,2825.0
gemini_3_pro_preview,temporal,1,2,q_315828,True,1.0,1251.0
gemini_3_pro_preview,temporal,1,2,q_646878,True,1.0,1272.0
gemini_3_pro_preview,temporal,1,2,q_612510,True,1.0,1337.0
gemini_3_pro_preview,temporal,1,2,q_224139,True,1.0,1266.0
gemini_3_pro_preview,temporal,1,2,q_395337,True,1.0,1341.0
gemini_3_pro_preview,temporal,1,2,q_431821,True,1.0,1483.0
gemini_3_pro_preview,temporal,1,2,q_812976,True,1.0,1909.0
gemini_3_pro_preview,temporal,1,2,q_386081,True,1.0,1768.0
gemini_3_pro_preview,temporal,1,2,q_338252,True,1.0,1975.0
gemini_3_pro_preview,temporal,1,2,q_261791,True,1.0,2021.0
gemini_3_pro_preview,temporal,1,3,q_382437,True,1.0,1142.0
gemini_3_pro_preview,temporal,1,3,q_367289,True,1.0,1198.0
gemini_3_pro_preview,temporal,1,3,q_787594,True,1.0,1290.0
gemini_3_pro_preview,temporal,1,3,q_879712,True,1.0,1144.0
gemini_3_pro_preview,temporal,1,3,q_594214,True,1.0,1670.0
gemini_3_pro_preview,temporal,1,3,q_534995,True,1.0,1619.0
gemini_3_pro_preview,temporal,1,3,q_482716,True,1.0,1648.0
gemini_3_pro_preview,temporal,1,3,q_609142,True,1.0,1543.0
gemini_3_pro_preview,temporal,1,3,q_863402,True,1.0,1615.0
gemini_3_pro_preview,temporal,4,1,q_732992,True,1.0,1229.0
gemini_3_pro_preview,temporal,4,1,q_864187,True,1.0,1157.0
gemini_3_pro_preview,temporal,4,1,q_461090,True,1.0,1249.0
gemini_3_pro_preview,temporal,4,1,q_370551,True,1.0,1570.0
gemini_3_pro_preview,temporal,4,1,q_727668,True,1.0,1780.0
gemini_3_pro_preview,temporal,4,1,q_306979,True,1.0,1721.0
gemini_3_pro_preview,temporal,4,1,q_479999,True,1.0,2132.0
gemini_3_pro_preview,temporal,4,1,q_981788,True,1.0,2044.0
gemini_3_pro_preview,temporal,4,1,q_715385,True,1.0,2633.0
gemini_3_pro_preview,temporal,4,1,q_863112,True,1.0,3993.0
gemini_3_pro_preview,temporal,4,2,q_223469,True,1.0,990.0
gemini_3_pro_preview,temporal,4,2,q_660466,True,1.0,1290.0
gemini_3_pro_preview,temporal,4,2,q_413629,True,1.0,1554.0
gemini_3_pro_preview,temporal,4,2,q_469384,True,1.0,1185.0
gemini_3_pro_preview,temporal,4,2,q_452271,True,1.0,1750.0
gemini_3_pro_preview,temporal,4,2,q_910471,True,1.0,1562.0
gemini_3_pro_preview,temporal,4,2,q_652945,True,1.0,1679.0
gemini_3_pro_preview,temporal,4,2,q_889583,True,1.0,1704.0
gemini_3_pro_preview,temporal,4,2,q_159790,True,1.0,1941.0
gemini_3_pro_preview,temporal,4,2,q_178323,True,1.0,2048.0
gemini_3_pro_preview,temporal,4,3,q_763519,True,1.0,1008.0
gemini_3_pro_preview,temporal,4,3,q_303853,True,1.0,1132.0
gemini_3_pro_preview,temporal,4,3,q_302794,True,1.0,1551.0
gemini_3_pro_preview,temporal,4,3,q_720968,True,1.0,1455.0
gemini_3_pro_preview,temporal,4,3,q_364638,True,1.0,1764.0
gemini_3_pro_preview,temporal,4,3,q_297453,True,1.0,1855.0
gemini_3_pro_preview,temporal,4,3,q_555992,True,1.0,1822.0
gemini_3_pro_preview,temporal,4,3,q_136085,False,0.0,1564.0
gemini_3_pro_preview,temporal,4,3,q_975021,False,0.0,1638.0
gemini_3_pro_preview,temporal,4,3,q_382114,True,1.0,2133.0
gemini_3_pro_preview,weighted,2,2,q_454334,True,1.0,1574.0
gemini_3_pro_preview,weighted,2,2,q_545467,True,1.0,1618.0
gemini_3_pro_preview,weighted,2,2,q_314972,True,1.0,1668.0
gemini_3_pro_preview,weighted,2,2,q_991319,True,1.0,1935.0
gemini_3_pro_preview,weighted,2,2,q_204158,True,1.0,3058.0
gemini_3_pro_preview,weighted,2,2,q_944239,True,1.0,3423.0
gemini_3_pro_preview,weighted,2,2,q_972070,True,1.0,3115.0
gemini_3_pro_preview,weighted,2,2,q_267504,True,1.0,3460.0
gemini_3_pro_preview,weighted,2,2,q_481529,True,1.0,3919.0
gemini_3_pro_preview,weighted,2,2,q_935784,False,1.0,5257.0
gemini_3_pro_preview,weighted,2,3,q_482251,True,1.0,1282.0
gemini_3_pro_preview,weighted,2,3,q_566988,True,1.0,1897.0
gemini_3_pro_preview,weighted,2,3,q_370470,True,1.0,2320.0
gemini_3_pro_preview,weighted,2,3,q_599298,True,1.0,2696.0
gemini_3_pro_preview,weighted,2,3,q_713462,True,1.0,3840.0
gemini_3_pro_preview,weighted,2,3,q_389834,True,1.0,3956.0
gemini_3_pro_preview,weighted,2,3,q_661709,True,1.0,5748.0
gemini_3_pro_preview,weighted,2,3,q_122575,False,0.0,9198.0
gemini_3_pro_preview,weighted,2,3,q_639526,False,0.0,10938.0
gemini_3_pro_preview,weighted,2,3,q_152619,False,0.0,15222.0
gemini_3_pro_preview,weighted,3,1,q_278076,True,1.0,3424.0
gemini_3_pro_preview,weighted,3,1,q_865549,True,1.0,3538.0
gemini_3_pro_preview,weighted,3,1,q_997774,True,1.0,3880.0
gemini_3_pro_preview,weighted,3,1,q_573613,True,1.0,7045.0
gemini_3_pro_preview,weighted,3,1,q_508273,True,1.0,7962.0
gemini_3_pro_preview,weighted,3,1,q_305456,True,1.0,7986.0
gemini_3_pro_preview,weighted,3,1,q_109581,True,1.0,8962.0
gemini_3_pro_preview,weighted,3,1,q_529992,True,1.0,13921.0
gemini_3_pro_preview,weighted,3,1,q_361679,True,0.8888888888888888,13753.0
gemini_3_pro_preview,weighted,3,1,q_858350,False,1.0,26059.0
gemini_3_pro_preview,weighted,3,2,q_436836,True,1.0,2938.0
gemini_3_pro_preview,weighted,3,2,q_615025,True,1.0,3003.0
gemini_3_pro_preview,weighted,3,2,q_330900,True,1.0,4339.0
gemini_3_pro_preview,weighted,3,2,q_163034,True,1.0,4216.0
gemini_3_pro_preview,weighted,3,2,q_921827,True,1.0,4155.0
gemini_3_pro_preview,weighted,3,2,q_843520,False,0.0,6118.0
gemini_3_pro_preview,weighted,3,2,q_749733,True,1.0,8027.0
gemini_3_pro_preview,weighted,3,2,q_994296,True,1.0,8477.0
gemini_3_pro_preview,weighted,3,2,q_688191,True,1.0,12266.0
gemini_3_pro_preview,weighted,3,2,q_723334,False,1.0,17646.0
gemini_3_pro_preview,weighted,3,3,q_730666,True,1.0,3759.0
gemini_3_pro_preview,weighted,3,3,q_719781,True,1.0,4986.0
gemini_3_pro_preview,weighted,3,3,q_374718,True,1.0,5453.0
gemini_3_pro_preview,weighted,3,3,q_105589,True,1.0,5541.0
gemini_3_pro_preview,weighted,3,3,q_787516,True,1.0,7888.0
gemini_3_pro_preview,weighted,3,3,q_832605,True,1.0,9725.0
gemini_3_pro_preview,weighted,3,3,q_257518,True,1.0,10130.0
gemini_3_pro_preview,weighted,3,3,q_219727,True,1.0,16051.0
gemini_3_pro_preview,weighted,3,3,q_402899,True,1.0,20627.0
gemini_3_pro_preview,weighted,3,3,q_220189,True,1.0,23342.0
gemini_3_pro_preview,weighted,1,1,q_816058,True,1.0,1260.0
gemini_3_pro_preview,weighted,1,1,q_133167,True,1.0,1383.0
gemini_3_pro_preview,weighted,1,1,q_713576,True,1.0,1531.0
gemini_3_pro_preview,weighted,1,1,q_660959,True,1.0,1589.0
gemini_3_pro_preview,weighted,1,2,q_225277,True,1.0,999.0
gemini_3_pro_preview,weighted,1,2,q_940931,True,1.0,1143.0
gemini_3_pro_preview,weighted,1,2,q_678269,True,1.0,1195.0
gemini_3_pro_preview,weighted,1,2,q_464951,True,1.0,1458.0
gemini_3_pro_preview,weighted,1,2,q_154957,True,1.0,1452.0
gemini_3_pro_preview,weighted,1,2,q_249018,True,1.0,1612.0
gemini_3_pro_preview,weighted,1,2,q_706270,True,1.0,1711.0
gemini_3_pro_preview,weighted,1,3,q_129000,True,1.0,1466.0
gemini_3_pro_preview,weighted,1,3,q_898257,True,1.0,1505.0
gemini_3_pro_preview,weighted,1,3,q_533661,True,1.0,1523.0
gemini_3_pro_preview,weighted,1,3,q_791935,True,1.0,1635.0
gemini_3_pro_preview,weighted,1,3,q_688231,True,1.0,1791.0
gemini_3_pro_preview,weighted,4,1,q_247307,True,1.0,5739.0
gemini_3_pro_preview,weighted,4,1,q_219923,True,1.0,5754.0
gemini_3_pro_preview,weighted,4,1,q_195008,True,1.0,5794.0
gemini_3_pro_preview,weighted,4,1,q_164260,True,1.0,5788.0
gemini_3_pro_preview,weighted,4,1,q_516057,True,1.0,5812.0
gemini_3_pro_preview,weighted,4,1,q_935250,True,1.0,12315.0
gemini_3_pro_preview,weighted,4,1,q_169355,True,1.0,14464.0
gemini_3_pro_preview,weighted,4,1,q_816349,True,1.0,15823.0
gemini_3_pro_preview,weighted,4,1,q_596680,False,0.0,25340.0
gemini_3_pro_preview,weighted,4,1,q_199206,True,1.0,27879.0
gemini_3_pro_preview,weighted,4,2,q_258796,True,1.0,8660.0
gemini_3_pro_preview,weighted,4,2,q_983936,True,1.0,8717.0
gemini_3_pro_preview,weighted,4,2,q_136155,True,1.0,8712.0
gemini_3_pro_preview,weighted,4,2,q_329987,False,0.0,9357.0
gemini_3_pro_preview,weighted,4,2,q_297507,True,1.0,11415.0
gemini_3_pro_preview,weighted,4,2,q_547481,True,1.0,14569.0
gemini_3_pro_preview,weighted,4,2,q_540959,False,0.0,19132.0
gemini_3_pro_preview,weighted,4,2,q_270515,True,1.0,25803.0
gemini_3_pro_preview,weighted,4,2,q_918124,False,0.0,26499.0
gemini_3_pro_preview,weighted,4,2,q_596270,True,1.0,34218.0
gemini_3_pro_preview,weighted,4,3,q_922727,True,1.0,6153.0
gemini_3_pro_preview,weighted,4,3,q_128033,True,1.0,6146.0
gemini_3_pro_preview,weighted,4,3,q_347471,True,1.0,6170.0
gemini_3_pro_preview,weighted,4,3,q_892733,True,1.0,6162.0
gemini_3_pro_preview,weighted,4,3,q_137161,True,1.0,6204.0
gemini_3_pro_preview,weighted,4,3,q_352595,False,0.0,13542.0
gemini_3_pro_preview,weighted,4,3,q_796298,True,1.0,14377.0
gemini_3_pro_preview,weighted,4,3,q_408296,True,1.0,16228.0
gemini_3_pro_preview,weighted,4,3,q_136965,True,1.0,17550.0
gemini_3_pro_preview,weighted,4,3,q_988888,False,1.0,22379.0
gemini_3_pro_preview,conflicting,2,1,q_540576,True,1.0,1732.0
gemini_3_pro_preview,conflicting,2,1,q_882346,True,1.0,1765.0
gemini_3_pro_preview,conflicting,2,1,q_886852,True,1.0,1856.0
gemini_3_pro_preview,conflicting,2,1,q_898079,True,1.0,1836.0
gemini_3_pro_preview,conflicting,2,1,q_421190,True,1.0,1929.0
gemini_3_pro_preview,conflicting,2,1,q_477375,True,1.0,1956.0
gemini_3_pro_preview,conflicting,2,1,q_889237,True,1.0,2091.0
gemini_3_pro_preview,conflicting,2,1,q_796482,True,1.0,2054.0
gemini_3_pro_preview,conflicting,2,1,q_155096,True,1.0,2218.0
gemini_3_pro_preview,conflicting,2,1,q_958792,True,1.0,2491.0
gemini_3_pro_preview,conflicting,2,2,q_264795,True,1.0,1904.0
gemini_3_pro_preview,conflicting,2,2,q_467679,True,1.0,1945.0
gemini_3_pro_preview,conflicting,2,2,q_834874,True,1.0,1970.0
gemini_3_pro_preview,conflicting,2,2,q_725868,True,1.0,1931.0
gemini_3_pro_preview,conflicting,2,2,q_394127,True,1.0,2068.0
gemini_3_pro_preview,conflicting,2,2,q_640334,True,1.0,2057.0
gemini_3_pro_preview,conflicting,2,2,q_248231,True,1.0,2092.0
gemini_3_pro_preview,conflicting,2,2,q_662192,True,1.0,2297.0
gemini_3_pro_preview,conflicting,2,2,q_800533,False,0.0,2257.0
gemini_3_pro_preview,conflicting,2,2,q_439854,True,1.0,2380.0
gemini_3_pro_preview,conflicting,2,3,q_887730,True,1.0,1741.0
gemini_3_pro_preview,conflicting,2,3,q_658473,True,1.0,1813.0
gemini_3_pro_preview,conflicting,2,3,q_954064,True,1.0,1879.0
gemini_3_pro_preview,conflicting,2,3,q_282933,True,1.0,1885.0
gemini_3_pro_preview,conflicting,2,3,q_794697,True,1.0,1993.0
gemini_3_pro_preview,conflicting,2,3,q_271826,True,1.0,2052.0
gemini_3_pro_preview,conflicting,2,3,q_671748,True,1.0,2032.0
gemini_3_pro_preview,conflicting,2,3,q_459027,True,1.0,2207.0
gemini_3_pro_preview,conflicting,2,3,q_942650,True,1.0,2371.0
gemini_3_pro_preview,conflicting,2,3,q_664111,True,1.0,2327.0
gemini_3_pro_preview,conflicting,3,1,q_839143,True,1.0,2202.0
gemini_3_pro_preview,conflicting,3,1,q_667636,True,1.0,2242.0
gemini_3_pro_preview,conflicting,3,1,q_279628,True,1.0,2616.0
gemini_3_pro_preview,conflicting,3,1,q_846391,True,1.0,2885.0
gemini_3_pro_preview,conflicting,3,1,q_157869,True,1.0,2939.0
gemini_3_pro_preview,conflicting,3,1,q_354017,True,1.0,3019.0
gemini_3_pro_preview,conflicting,3,1,q_532864,True,1.0,3196.0
gemini_3_pro_preview,conflicting,3,1,q_916867,True,1.0,3450.0
gemini_3_pro_preview,conflicting,3,1,q_445554,True,1.0,4207.0
gemini_3_pro_preview,conflicting,3,1,q_277988,True,1.0,7530.0
gemini_3_pro_preview,conflicting,3,2,q_118146,True,1.0,2759.0
gemini_3_pro_preview,conflicting,3,2,q_653902,True,1.0,2895.0
gemini_3_pro_preview,conflicting,3,2,q_667304,True,1.0,2985.0
gemini_3_pro_preview,conflicting,3,2,q_946374,True,1.0,3089.0
gemini_3_pro_preview,conflicting,3,2,q_991823,True,1.0,3145.0
gemini_3_pro_preview,conflicting,3,2,q_994981,True,1.0,3409.0
gemini_3_pro_preview,conflicting,3,2,q_660859,True,1.0,3702.0
gemini_3_pro_preview,conflicting,3,2,q_965853,True,1.0,3980.0
gemini_3_pro_preview,conflicting,3,2,q_164280,True,1.0,5968.0
gemini_3_pro_preview,conflicting,3,2,q_276255,True,1.0,6253.0
gemini_3_pro_preview,conflicting,3,3,q_201497,True,1.0,2340.0
gemini_3_pro_preview,conflicting,3,3,q_410320,True,1.0,2322.0
gemini_3_pro_preview,conflicting,3,3,q_229794,True,1.0,3027.0
gemini_3_pro_preview,conflicting,3,3,q_727217,True,1.0,2948.0
gemini_3_pro_preview,conflicting,3,3,q_294507,True,1.0,3103.0
gemini_3_pro_preview,conflicting,3,3,q_149945,True,1.0,3802.0
gemini_3_pro_preview,conflicting,3,3,q_532702,True,1.0,4023.0
gemini_3_pro_preview,conflicting,3,3,q_272455,True,1.0,4035.0
gemini_3_pro_preview,conflicting,3,3,q_153735,True,1.0,5128.0
gemini_3_pro_preview,conflicting,3,3,q_416863,True,1.0,11253.0
gemini_3_pro_preview,conflicting,1,1,q_146868,True,1.0,1826.0
gemini_3_pro_preview,conflicting,1,1,q_665549,True,1.0,1939.0
gemini_3_pro_preview,conflicting,1,1,q_127936,True,1.0,1923.0
gemini_3_pro_preview,conflicting,1,1,q_532309,True,1.0,1876.0
gemini_3_pro_preview,conflicting,1,1,q_161940,True,1.0,1993.0
gemini_3_pro_preview,conflicting,1,1,q_920055,True,1.0,2021.0
gemini_3_pro_preview,conflicting,1,1,q_223415,True,1.0,2166.0
gemini_3_pro_preview,conflicting,1,1,q_525845,True,1.0,2296.0
gemini_3_pro_preview,conflicting,1,1,q_372812,True,1.0,2276.0
gemini_3_pro_preview,conflicting,1,1,q_836946,True,1.0,2544.0
gemini_3_pro_preview,conflicting,1,2,q_245002,True,1.0,1802.0
gemini_3_pro_preview,conflicting,1,2,q_940328,True,1.0,1876.0
gemini_3_pro_preview,conflicting,1,2,q_368892,True,1.0,1891.0
gemini_3_pro_preview,conflicting,1,2,q_721715,True,1.0,1933.0
gemini_3_pro_preview,conflicting,1,2,q_329093,True,1.0,1944.0
gemini_3_pro_preview,conflicting,1,2,q_942955,True,1.0,1919.0
gemini_3_pro_preview,conflicting,1,2,q_925167,True,1.0,1899.0
gemini_3_pro_preview,conflicting,1,2,q_350021,True,1.0,2106.0
gemini_3_pro_preview,conflicting,1,2,q_731920,True,1.0,2164.0
gemini_3_pro_preview,conflicting,1,2,q_953208,True,1.0,2148.0
gemini_3_pro_preview,conflicting,1,3,q_688137,True,1.0,1698.0
gemini_3_pro_preview,conflicting,1,3,q_994684,True,1.0,1751.0
gemini_3_pro_preview,conflicting,1,3,q_863441,True,1.0,1882.0
gemini_3_pro_preview,conflicting,1,3,q_962684,True,1.0,1847.0
gemini_3_pro_preview,conflicting,1,3,q_262964,True,1.0,2076.0
gemini_3_pro_preview,conflicting,1,3,q_268990,True,1.0,2033.0
gemini_3_pro_preview,conflicting,1,3,q_467762,True,1.0,2110.0
gemini_3_pro_preview,conflicting,1,3,q_197624,True,1.0,2128.0
gemini_3_pro_preview,conflicting,1,3,q_289394,True,1.0,2275.0
gemini_3_pro_preview,conflicting,1,3,q_241313,True,1.0,2382.0
gemini_3_pro_preview,conflicting,4,1,q_801489,True,1.0,4084.0
gemini_3_pro_preview,conflicting,4,1,q_824339,True,1.0,4002.0
gemini_3_pro_preview,conflicting,4,1,q_743721,True,1.0,5717.0
gemini_3_pro_preview,conflicting,4,1,q_508581,True,1.0,7306.0
gemini_3_pro_preview,conflicting,4,1,q_854515,True,1.0,8747.0
gemini_3_pro_preview,conflicting,4,1,q_160988,True,1.0,9556.0
gemini_3_pro_preview,conflicting,4,1,q_576428,True,1.0,9465.0
gemini_3_pro_preview,conflicting,4,1,q_584767,True,1.0,11868.0
gemini_3_pro_preview,conflicting,4,1,q_122222,True,1.0,13782.0
gemini_3_pro_preview,conflicting,4,1,q_121542,True,1.0,13867.0
gemini_3_pro_preview,conflicting,4,2,q_338545,True,1.0,4265.0
gemini_3_pro_preview,conflicting,4,2,q_368500,True,1.0,7117.0
gemini_3_pro_preview,conflicting,4,2,q_748584,True,1.0,8204.0
gemini_3_pro_preview,conflicting,4,2,q_528408,True,1.0,8822.0
gemini_3_pro_preview,conflicting,4,2,q_914815,True,1.0,9735.0
gemini_3_pro_preview,conflicting,4,2,q_583104,True,1.0,9793.0
gemini_3_pro_preview,conflicting,4,2,q_418204,True,1.0,13335.0
gemini_3_pro_preview,conflicting,4,2,q_183386,True,1.0,13132.0
gemini_3_pro_preview,conflicting,4,2,q_615458,True,1.0,14508.0
gemini_3_pro_preview,conflicting,4,2,q_235972,True,1.0,15551.0
gemini_3_pro_preview,conflicting,4,3,q_183171,True,1.0,4129.0
gemini_3_pro_preview,conflicting,4,3,q_723915,True,1.0,4419.0
gemini_3_pro_preview,conflicting,4,3,q_850359,True,1.0,4389.0
gemini_3_pro_preview,conflicting,4,3,q_802777,True,1.0,4504.0
gemini_3_pro_preview,conflicting,4,3,q_883159,True,1.0,4677.0
gemini_3_pro_preview,conflicting,4,3,q_826096,True,1.0,6621.0
gemini_3_pro_preview,conflicting,4,3,q_662973,True,1.0,9205.0
gemini_3_pro_preview,conflicting,4,3,q_534834,True,1.0,11798.0
gemini_3_pro_preview,conflicting,4,3,q_549637,True,1.0,12490.0
gemini_3_pro_preview,conflicting,4,3,q_100757,True,1.0,13376.0
gpt_5_nano,multihop,2,1,q_619868,True,1.0,1941.0
gpt_5_nano,multihop,2,1,q_986362,True,1.0,2068.0
gpt_5_nano,multihop,2,1,q_809401,True,1.0,2197.0
gpt_5_nano,multihop,2,1,q_378073,True,1.0,2179.0
gpt_5_nano,multihop,2,1,q_942912,False,0.0,2527.0
gpt_5_nano,multihop,2,1,q_404139,False,0.0,
gpt_5_nano,multihop,2,1,q_327208,False,0.0,2659.0
gpt_5_nano,multihop,2,1,q_782242,False,0.0,
gpt_5_nano,multihop,2,1,q_921620,True,1.0,2857.0
gpt_5_nano,multihop,2,1,q_648931,False,0.0,
gpt_5_nano,multihop,2,2,q_165693,True,1.0,930.0
gpt_5_nano,multihop,2,2,q_264873,False,0.0,962.0
gpt_5_nano,multihop,2,2,q_823798,True,1.0,930.0
gpt_5_nano,multihop,2,2,q_845797,False,0.0,1471.0
gpt_5_nano,multihop,2,2,q_822987,False,0.0,1684.0
gpt_5_nano,multihop,2,2,q_899577,False,0.0,
gpt_5_nano,multihop,2,2,q_352253,False,0.0,1657.0
gpt_5_nano,multihop,2,2,q_332261,True,1.0,2039.0
gpt_5_nano,multihop,2,2,q_468744,False,0.0,1782.0
gpt_5_nano,multihop,2,2,q_474168,False,0.0,1997.0
gpt_5_nano,multihop,2,3,q_276905,True,1.0,2075.0
gpt_5_nano,multihop,2,3,q_702979,True,1.0,2044.0
gpt_5_nano,multihop,2,3,q_476218,True,1.0,2044.0
gpt_5_nano,multihop,2,3,q_456014,False,0.0,2084.0
gpt_5_nano,multihop,2,3,q_422113,False,0.0,2163.0
gpt_5_nano,multihop,2,3,q_154389,False,0.0,2406.0
gpt_5_nano,multihop,2,3,q_668322,True,1.0,2693.0
gpt_5_nano,multihop,2,3,q_691332,True,1.0,2768.0
gpt_5_nano,multihop,2,3,q_273960,False,0.0,
gpt_5_nano,multihop,2,3,q_311817,False,0.0,
gpt_5_nano,multihop,3,1,q_718331,True,1.0,9257.0
gpt_5_nano,multihop,3,1,q_711435,True,1.0,9257.0
gpt_5_nano,multihop,3,1,q_928183,True,1.0,9259.0
gpt_5_nano,multihop,3,1,q_949742,False,0.0,9309.0
gpt_5_nano,multihop,3,1,q_949179,True,1.0,9285.0
gpt_5_nano,multihop,3,1,q_696500,False,0.0,9372.0
gpt_5_nano,multihop,3,1,q_110447,False,0.0,9268.0
gpt_5_nano,multihop,3,1,q_171433,False,0.0,
gpt_5_nano,multihop,3,1,q_970394,False,0.0,
gpt_5_nano,multihop,3,1,q_656389,False,0.0,
gpt_5_nano,multihop,3,2,q_356683,True,1.0,7976.0
gpt_5_nano,multihop,3,2,q_136638,True,1.0,7976.0
gpt_5_nano,multihop,3,2,q_656667,False,0.0,8016.0
gpt_5_nano,multihop,3,2,q_772039,False,0.0,8046.0
gpt_5_nano,multihop,3,2,q_620975,False,0.0,8034.0
gpt_5_nano,multihop,3,2,q_236270,False,0.0,
gpt_5_nano,multihop,3,2,q_238241,False,0.0,
gpt_5_nano,multihop,3,2,q_407914,False,0.0,
gpt_5_nano,multihop,3,2,q_645447,False,0.0,
gpt_5_nano,multihop,3,2,q_705550,False,0.0,
gpt_5_nano,multihop,3,3,q_247843,False,0.0,6834.0
gpt_5_nano,multihop,3,3,q_145687,False,0.0,6856.0
gpt_5_nano,multihop,3,3,q_232217,False,0.0,6918.0
gpt_5_nano,multihop,3,3,q_987193,False,0.0,7000.0
gpt_5_nano,multihop,3,3,q_147200,False,0.0,7149.0
gpt_5_nano,multihop,3,3,q_847630,False,0.0,7229.0
gpt_5_nano,multihop,3,3,q_142070,False,0.0,
gpt_5_nano,multihop,3,3,q_151997,False,0.0,
gpt_5_nano,multihop,3,3,q_761818,False,0.0,8758.0
gpt_5_nano,multihop,3,3,q_225196,False,0.0,
gpt_5_nano,multihop,1,1,q_167167,True,1.0,560.0
gpt_5_nano,multihop,1,1,q_383626,True,1.0,723.0
gpt_5_nano,multihop,1,1,q_564488,False,0.0,927.0
gpt_5_nano,multihop,1,2,q_323749,False,0.0,648.0
gpt_5_nano,multihop,1,2,q_528251,False,0.0,1115.0
gpt_5_nano,multihop,1,2,q_234862,False,0.0,1104.0
gpt_5_nano,multihop,1,3,q_803302,False,0.0,688.0
gpt_5_nano,multihop,1,3,q_730503,True,1.0,676.0
gpt_5_nano,multihop,1,3,q_683282,True,1.0,681.0
gpt_5_nano,multihop,1,3,q_253883,True,1.0,692.0
gpt_5_nano,multihop,1,3,q_475291,False,0.0,690.0
gpt_5_nano,multihop,1,3,q_680902,True,1.0,676.0
gpt_5_nano,multihop,1,3,q_292391,True,1.0,837.0
gpt_5_nano,multihop,1,3,q_274616,True,1.0,826.0
gpt_5_nano,multihop,1,3,q_686839,True,1.0,1334.0
gpt_5_nano,multihop,1,3,q_893805,False,0.0,1345.0
gpt_5_nano,multihop,4,1,q_670884,True,1.0,24746.0
gpt_5_nano,multihop,4,1,q_780685,True,1.0,24748.0
gpt_5_nano,multihop,4,1,q_241793,False,0.0,24779.0
gpt_5_nano,multihop,4,1,q_644645,False,0.0,24794.0
gpt_5_nano,multihop,4,1,q_941497,True,1.0,24744.0
gpt_5_nano,multihop,4,1,q_503690,True,1.0,24746.0
gpt_5_nano,multihop,4,1,q_932696,False,0.0,24786.0
gpt_5_nano,multihop,4,1,q_626920,True,1.0,24746.0
gpt_5_nano,multihop,4,1,q_786396,False,0.0,
gpt_5_nano,multihop,4,1,q_117572,False,0.0,
gpt_5_nano,multihop,4,2,q_454279,False,0.0,16491.0
gpt_5_nano,multihop,4,2,q_963388,True,1.0,16481.0
gpt_5_nano,multihop,4,2,q_386560,True,1.0,16477.0
gpt_5_nano,multihop,4,2,q_439336,False,0.0,16659.0
gpt_5_nano,multihop,4,2,q_450525,False,0.0,16768.0
gpt_5_nano,multihop,4,2,q_941258,False,0.0,
gpt_5_nano,multihop,4,2,q_243014,False,0.0,
gpt_5_nano,multihop,4,2,q_721809,False,0.0,
gpt_5_nano,multihop,4,2,q_638331,False,0.0,
gpt_5_nano,multihop,4,2,q_713951,False,0.0,
gpt_5_nano,multihop,4,3,q_982362,True,1.0,28372.0
gpt_5_nano,multihop,4,3,q_273439,True,1.0,28372.0
gpt_5_nano,multihop,4,3,q_637950,False,0.0,28402.0
gpt_5_nano,multihop,4,3,q_525142,False,0.0,28388.0
gpt_5_nano,multihop,4,3,q_726917,True,1.0,28372.0
gpt_5_nano,multihop,4,3,q_100612,False,0.0,28386.0
gpt_5_nano,multihop,4,3,q_778850,False,0.0,28645.0
gpt_5_nano,multihop,4,3,q_144829,False,0.0,
gpt_5_nano,multihop,4,3,q_608862,False,0.0,
gpt_5_nano,multihop,4,3,q_885910,False,0.0,
gpt_5_nano,hierarchical,2,1,q_901266,False,0.0,661.0
gpt_5_nano,hierarchical,2,1,q_184621,False,0.0,661.0
gpt_5_nano,hierarchical,2,1,q_712590,False,0.0,660.0
gpt_5_nano,hierarchical,2,1,q_275237,False,0.0,668.0
gpt_5_nano,hierarchical,2,1,q_705693,False,0.0,663.0
gpt_5_nano,hierarchical,2,1,q_770896,False,0.0,663.0
gpt_5_nano,hierarchical,2,1,q_390877,True,1.0,662.0
gpt_5_nano,hierarchical,2,1,q_322710,True,1.0,815.0
gpt_5_nano,hierarchical,2,1,q_664453,True,1.0,831.0
gpt_5_nano,hierarchical,2,1,q_904893,False,0.0,
gpt_5_nano,hierarchical,2,2,q_642240,False,0.0,475.0
gpt_5_nano,hierarchical,2,2,q_531167,True,1.0,524.0
gpt_5_nano,hierarchical,2,2,q_757781,False,0.0,476.0
gpt_5_nano,hierarchical,2,2,q_478914,False,0.0,478.0
gpt_5_nano,hierarchical,2,2,q_274008,True,1.0,539.0
gpt_5_nano,hierarchical,2,2,q_700008,True,1.0,526.0
gpt_5_nano,hierarchical,2,2,q_316392,True,1.0,557.0
gpt_5_nano,hierarchical,2,2,q_429016,True,1.0,617.0
gpt_5_nano,hierarchical,2,2,q_871434,False,1.0,745.0
gpt_5_nano,hierarchical,2,2,q_993314,False,0.0,614.0
gpt_5_nano,hierarchical,2,3,q_396279,False,0.0,500.0
gpt_5_nano,hierarchical,2,3,q_544245,False,0.0,504.0
gpt_5_nano,hierarchical,2,3,q_585598,True,1.0,504.0
gpt_5_nano,hierarchical,2,3,q_730919,True,1.0,555.0
gpt_5_nano,hierarchical,2,3,q_485687,True,1.0,538.0
gpt_5_nano,hierarchical,2,3,q_190862,True,1.0,539.0
gpt_5_nano,hierarchical,2,3,q_884440,True,1.0,589.0
gpt_5_nano,hierarchical,2,3,q_514106,True,1.0,586.0
gpt_5_nano,hierarchical,2,3,q_588605,True,1.0,642.0
gpt_5_nano,hierarchical,2,3,q_994582,True,1.0,912.0
gpt_5_nano,hierarchical,3,1,q_542854,True,1.0,756.0
gpt_5_nano,hierarchical,3,1,q_470401,False,0.0,755.0
gpt_5_nano,hierarchical,3,1,q_719006,False,0.0,757.0
gpt_5_nano,hierarchical,3,1,q_405713,False,0.0,840.0
gpt_5_nano,hierarchical,3,1,q_940613,True,1.0,903.0
gpt_5_nano,hierarchical,3,1,q_666755,True,1.0,878.0
gpt_5_nano,hierarchical,3,1,q_525098,True,1.0,877.0
gpt_5_nano,hierarchical,3,1,q_797357,True,1.0,922.0
gpt_5_nano,hierarchical,3,1,q_625450,True,1.0,756.0
gpt_5_nano,hierarchical,3,1,q_208020,True,1.0,1113.0
gpt_5_nano,hierarchical,3,2,q_402275,True,1.0,730.0
gpt_5_nano,hierarchical,3,2,q_186882,True,1.0,726.0
gpt_5_nano,hierarchical,3,2,q_724762,True,1.0,731.0
gpt_5_nano,hierarchical,3,2,q_133184,True,1.0,723.0
gpt_5_nano,hierarchical,3,2,q_200928,False,0.0,725.0
gpt_5_nano,hierarchical,3,2,q_696255,True,1.0,783.0
gpt_5_nano,hierarchical,3,2,q_502913,True,1.0,812.0
gpt_5_nano,hierarchical,3,2,q_563799,False,0.0,738.0
gpt_5_nano,hierarchical,3,2,q_858963,True,1.0,914.0
gpt_5_nano,hierarchical,3,2,q_437762,True,1.0,895.0
gpt_5_nano,hierarchical,3,3,q_820824,True,1.0,746.0
gpt_5_nano,hierarchical,3,3,q_715046,True,1.0,747.0
gpt_5_nano,hierarchical,3,3,q_835301,True,1.0,748.0
gpt_5_nano,hierarchical,3,3,q_954521,False,0.0,747.0
gpt_5_nano,hierarchical,3,3,q_607324,True,1.0,749.0
gpt_5_nano,hierarchical,3,3,q_548586,True,1.0,823.0
gpt_5_nano,hierarchical,3,3,q_695563,False,1.0,826.0
gpt_5_nano,hierarchical,3,3,q_205518,False,0.0,903.0
gpt_5_nano,hierarchical,3,3,q_937062,True,1.0,873.0
gpt_5_nano,hierarchical,3,3,q_216158,True,1.0,987.0
gpt_5_nano,hierarchical,1,1,q_424489,True,1.0,320.0
gpt_5_nano,hierarchical,1,1,q_612845,False,0.0,445.0
gpt_5_nano,hierarchical,1,2,q_751175,False,0.0,293.0
gpt_5_nano,hierarchical,1,2,q_735939,False,0.0,287.0
gpt_5_nano,hierarchical,1,2,q_756368,True,1.0,341.0
gpt_5_nano,hierarchical,1,2,q_232668,True,1.0,317.0
gpt_5_nano,hierarchical,1,2,q_864609,True,1.0,391.0
gpt_5_nano,hierarchical,1,2,q_190768,True,1.0,361.0
gpt_5_nano,hierarchical,1,2,q_693014,False,0.0,424.0
gpt_5_nano,hierarchical,1,2,q_561902,True,1.0,498.0
gpt_5_nano,hierarchical,1,3,q_673386,True,1.0,279.0
gpt_5_nano,hierarchical,1,3,q_448805,False,0.0,309.0
gpt_5_nano,hierarchical,1,3,q_472113,True,1.0,322.0
gpt_5_nano,hierarchical,1,3,q_575625,True,1.0,331.0
gpt_5_nano,hierarchical,1,3,q_511813,True,1.0,363.0
gpt_5_nano,hierarchical,1,3,q_308078,True,1.0,336.0
gpt_5_nano,hierarchical,4,1,q_269301,False,0.0,1377.0
gpt_5_nano,hierarchical,4,1,q_370991,False,0.0,1378.0
gpt_5_nano,hierarchical,4,1,q_789186,True,1.0,1390.0
gpt_5_nano,hierarchical,4,1,q_587640,True,1.0,1375.0
gpt_5_nano,hierarchical,4,1,q_910720,True,1.0,1430.0
gpt_5_nano,hierarchical,4,1,q_472333,True,1.0,1445.0
gpt_5_nano,hierarchical,4,1,q_941734,True,1.0,1392.0
gpt_5_nano,hierarchical,4,1,q_114328,True,1.0,1491.0
gpt_5_nano,hierarchical,4,1,q_143627,True,1.0,1644.0
gpt_5_nano,hierarchical,4,1,q_629457,False,1.0,1698.0
gpt_5_nano,hierarchical,4,2,q_166068,True,1.0,1493.0
gpt_5_nano,hierarchical,4,2,q_493004,False,0.0,1494.0
gpt_5_nano,hierarchical,4,2,q_868670,False,0.0,1508.0
gpt_5_nano,hierarchical,4,2,q_177961,False,0.5,1532.0
gpt_5_nano,hierarchical,4,2,q_811784,True,1.0,1541.0
gpt_5_nano,hierarchical,4,2,q_738154,False,0.0,1533.0
gpt_5_nano,hierarchical,4,2,q_983532,True,1.0,1639.0
gpt_5_nano,hierarchical,4,2,q_289826,False,0.0,1767.0
gpt_5_nano,hierarchical,4,2,q_788226,True,1.0,1719.0
gpt_5_nano,hierarchical,4,2,q_157858,False,1.0,1691.0
gpt_5_nano,hierarchical,4,3,q_589161,True,1.0,1462.0
gpt_5_nano,hierarchical,4,3,q_573717,True,1.0,1495.0
gpt_5_nano,hierarchical,4,3,q_962387,False,0.0,1464.0
gpt_5_nano,hierarchical,4,3,q_144790,False,0.0,1464.0
gpt_5_nano,hierarchical,4,3,q_762982,False,0.0,1464.0
gpt_5_nano,hierarchical,4,3,q_898760,True,1.0,1576.0
gpt_5_nano,hierarchical,4,3,q_895813,True,1.0,1594.0
gpt_5_nano,hierarchical,4,3,q_497258,True,1.0,1623.0
gpt_5_nano,hierarchical,4,3,q_112425,True,1.0,1655.0
gpt_5_nano,hierarchical,4,3,q_676972,False,0.0,
gpt_5_nano,temporal,2,1,q_272731,True,1.0,593.0
gpt_5_nano,temporal,2,1,q_341223,True,1.0,613.0
gpt_5_nano,temporal,2,1,q_673027,True,1.0,781.0
gpt_5_nano,temporal,2,1,q_864552,False,0.0,803.0
gpt_5_nano,temporal,2,1,q_802957,True,1.0,863.0
gpt_5_nano,temporal,2,1,q_455497,True,1.0,804.0
gpt_5_nano,temporal,2,1,q_110981,True,1.0,759.0
gpt_5_nano,temporal,2,1,q_605459,True,1.0,839.0
gpt_5_nano,temporal,2,1,q_248549,False,0.0,744.0
gpt_5_nano,temporal,2,1,q_723108,True,1.0,778.0
gpt_5_nano,temporal,2,2,q_808189,False,0.0,702.0
gpt_5_nano,temporal,2,2,q_367863,False,0.0,584.0
gpt_5_nano,temporal,2,2,q_191706,True,1.0,688.0
gpt_5_nano,temporal,2,2,q_357629,True,1.0,775.0
gpt_5_nano,temporal,2,2,q_208237,True,1.0,501.0
gpt_5_nano,temporal,2,2,q_236344,True,1.0,665.0
gpt_5_nano,temporal,2,2,q_792135,True,1.0,923.0
gpt_5_nano,temporal,2,2,q_152795,False,0.0,
gpt_5_nano,temporal,2,2,q_244619,True,1.0,843.0
gpt_5_nano,temporal,2,2,q_818838,True,1.0,771.0
gpt_5_nano,temporal,2,3,q_363444,False,0.16666666666666666,936.0
gpt_5_nano,temporal,2,3,q_281602,False,0.0,885.0
gpt_5_nano,temporal,2,3,q_589852,False,0.0,987.0
gpt_5_nano,temporal,2,3,q_675453,False,0.0,803.0
gpt_5_nano,temporal,2,3,q_169346,True,1.0,1092.0
gpt_5_nano,temporal,2,3,q_694498,False,0.0,1087.0
gpt_5_nano,temporal,2,3,q_358254,False,0.0,880.0
gpt_5_nano,temporal,2,3,q_557594,True,1.0,1338.0
gpt_5_nano,temporal,2,3,q_575668,True,1.0,1384.0
gpt_5_nano,temporal,2,3,q_118947,True,1.0,1168.0
gpt_5_nano,temporal,3,1,q_908915,False,0.0,790.0
gpt_5_nano,temporal,3,1,q_675648,True,1.0,687.0
gpt_5_nano,temporal,3,1,q_856132,True,1.0,785.0
gpt_5_nano,temporal,3,1,q_297677,False,0.0,815.0
gpt_5_nano,temporal,3,1,q_223156,True,1.0,838.0
gpt_5_nano,temporal,3,1,q_640403,True,1.0,997.0
gpt_5_nano,temporal,3,1,q_175464,False,0.0,1102.0
gpt_5_nano,temporal,3,1,q_398072,False,0.6666666666666666,1330.0
gpt_5_nano,temporal,3,1,q_462307,True,0.8,1527.0
gpt_5_nano,temporal,3,1,q_155484,True,1.0,1944.0
gpt_5_nano,temporal,3,2,q_659379,False,0.0,868.0
gpt_5_nano,temporal,3,2,q_951002,False,0.0,819.0
gpt_5_nano,temporal,3,2,q_637571,True,1.0,947.0
gpt_5_nano,temporal,3,2,q_791806,False,0.0,750.0
gpt_5_nano,temporal,3,2,q_688099,True,1.0,588.0
gpt_5_nano,temporal,3,2,q_246608,False,0.5,790.0
gpt_5_nano,temporal,3,2,q_975143,True,1.0,715.0
gpt_5_nano,temporal,3,2,q_584318,True,1.0,638.0
gpt_5_nano,temporal,3,2,q_880410,True,1.0,869.0
gpt_5_nano,temporal,3,2,q_754803,True,1.0,891.0
gpt_5_nano,temporal,3,3,q_810293,False,0.0,669.0
gpt_5_nano,temporal,3,3,q_894845,False,0.0,868.0
gpt_5_nano,temporal,3,3,q_480869,True,1.0,698.0
gpt_5_nano,temporal,3,3,q_491097,True,1.0,724.0
gpt_5_nano,temporal,3,3,q_204372,True,1.0,872.0
gpt_5_nano,temporal,3,3,q_961435,False,0.0,774.0
gpt_5_nano,temporal,3,3,q_499898,True,1.0,970.0
gpt_5_nano,temporal,3,3,q_740968,False,0.0,1193.0
gpt_5_nano,temporal,3,3,q_199612,True,1.0,1419.0
gpt_5_nano,temporal,3,3,q_303086,False,0.0,
gpt_5_nano,temporal,1,1,q_277684,True,1.0,719.0
gpt_5_nano,temporal,1,1,q_256351,False,0.0,794.0
gpt_5_nano,temporal,1,1,q_736762,False,0.0,845.0
gpt_5_nano,temporal,1,1,q_345632,True,1.0,696.0
gpt_5_nano,temporal,1,1,q_649587,False,0.0,1082.0
gpt_5_nano,temporal,1,1,q_677642,True,1.0,799.0
gpt_5_nano,temporal,1,1,q_603960,False,0.0,1470.0
gpt_5_nano,temporal,1,1,q_188062,False,0.0,
gpt_5_nano,temporal,1,1,q_958081,True,1.0,1721.0
gpt_5_nano,temporal,1,2,q_812976,False,0.0,956.0
gpt_5_nano,temporal,1,2,q_646878,True,1.0,788.0
gpt_5_nano,temporal,1,2,q_395337,True,1.0,938.0
gpt_5_nano,temporal,1,2,q_431821,True,1.0,923.0
gpt_5_nano,temporal,1,2,q_224139,True,1.0,943.0
gpt_5_nano,temporal,1,2,q_612510,True,1.0,1006.0
gpt_5_nano,temporal,1,2,q_386081,True,1.0,923.0
gpt_5_nano,temporal,1,2,q_315828,True,1.0,997.0
gpt_5_nano,temporal,1,2,q_261791,False,0.0,1209.0
gpt_5_nano,temporal,1,2,q_338252,True,1.0,1436.0
gpt_5_nano,temporal,1,3,q_367289,True,1.0,722.0
gpt_5_nano,temporal,1,3,q_609142,True,1.0,865.0
gpt_5_nano,temporal,1,3,q_594214,True,1.0,1011.0
gpt_5_nano,temporal,1,3,q_382437,True,1.0,791.0
gpt_5_nano,temporal,1,3,q_534995,True,1.0,907.0
gpt_5_nano,temporal,1,3,q_482716,False,0.0,1029.0
gpt_5_nano,temporal,1,3,q_863402,True,1.0,1022.0
gpt_5_nano,temporal,1,3,q_879712,True,1.0,834.0
gpt_5_nano,temporal,1,3,q_787594,True,1.0,776.0
gpt_5_nano,temporal,4,1,q_370551,False,0.0,834.0
gpt_5_nano,temporal,4,1,q_732992,True,1.0,773.0
gpt_5_nano,temporal,4,1,q_727668,True,1.0,926.0
gpt_5_nano,temporal,4,1,q_461090,True,1.0,797.0
gpt_5_nano,temporal,4,1,q_864187,True,1.0,772.0
gpt_5_nano,temporal,4,1,q_306979,False,0.0,867.0
gpt_5_nano,temporal,4,1,q_981788,True,1.0,1089.0
gpt_5_nano,temporal,4,1,q_715385,False,0.0,1300.0
gpt_5_nano,temporal,4,1,q_863112,False,0.0,1276.0
gpt_5_nano,temporal,4,1,q_479999,False,0.0,
gpt_5_nano,temporal,4,2,q_469384,True,1.0,645.0
gpt_5_nano,temporal,4,2,q_660466,False,0.5,655.0
gpt_5_nano,temporal,4,2,q_223469,True,1.0,624.0
gpt_5_nano,temporal,4,2,q_910471,True,1.0,898.0
gpt_5_nano,temporal,4,2,q_652945,True,1.0,999.0
gpt_5_nano,temporal,4,2,q_159790,True,1.0,1025.0
gpt_5_nano,temporal,4,2,q_889583,True,1.0,936.0
gpt_5_nano,temporal,4,2,q_413629,True,1.0,1094.0
gpt_5_nano,temporal,4,2,q_178323,True,1.0,1105.0
gpt_5_nano,temporal,4,2,q_452271,True,1.0,1120.0
gpt_5_nano,temporal,4,3,q_303853,True,1.0,621.0
gpt_5_nano,temporal,4,3,q_763519,True,1.0,646.0
gpt_5_nano,temporal,4,3,q_364638,True,1.0,889.0
gpt_5_nano,temporal,4,3,q_297453,True,1.0,989.0
gpt_5_nano,temporal,4,3,q_555992,True,1.0,965.0
gpt_5_nano,temporal,4,3,q_302794,True,1.0,1008.0
gpt_5_nano,temporal,4,3,q_975021,True,1.0,813.0
gpt_5_nano,temporal,4,3,q_720968,True,1.0,1036.0
gpt_5_nano,temporal,4,3,q_382114,True,1.0,1378.0
gpt_5_nano,temporal,4,3,q_136085,False,0.0,1221.0
gpt_5_nano,weighted,2,1,q_753276,False,0.0,1039.0
gpt_5_nano,weighted,2,1,q_356749,True,1.0,1047.0
gpt_5_nano,weighted,2,1,q_872439,True,1.0,1040.0
gpt_5_nano,weighted,2,1,q_525126,True,1.0,1065.0
gpt_5_nano,weighted,2,1,q_213872,True,1.0,1176.0
gpt_5_nano,weighted,2,1,q_922981,False,0.0,
gpt_5_nano,weighted,2,1,q_863464,True,1.0,1588.0
gpt_5_nano,weighted,2,1,q_634355,True,1.0,2082.0
gpt_5_nano,weighted,2,1,q_861611,True,1.0,2610.0
gpt_5_nano,weighted,2,1,q_298733,False,0.0,
gpt_5_nano,weighted,2,2,q_545467,True,1.0,1227.0
gpt_5_nano,weighted,2,2,q_314972,True,1.0,1233.0
gpt_5_nano,weighted,2,2,q_454334,True,1.0,1225.0
gpt_5_nano,weighted,2,2,q_991319,True,1.0,1485.0
gpt_5_nano,weighted,2,2,q_481529,False,0.0,
gpt_5_nano,weighted,2,2,q_935784,False,0.0,
gpt_5_nano,weighted,2,2,q_267504,True,1.0,2561.0
gpt_5_nano,weighted,2,2,q_972070,False,0.0,
gpt_5_nano,weighted,2,2,q_944239,False,0.0,2752.0
gpt_5_nano,weighted,2,2,q_204158,False,0.0,
gpt_5_nano,weighted,2,3,q_482251,True,1.0,963.0
gpt_5_nano,weighted,2,3,q_389834,False,0.0,944.0
gpt_5_nano,weighted,2,3,q_122575,True,1.0,951.0
gpt_5_nano,weighted,2,3,q_152619,False,1.0,960.0
gpt_5_nano,weighted,2,3,q_661709,True,1.0,1107.0
gpt_5_nano,weighted,2,3,q_599298,True,1.0,1857.0
gpt_5_nano,weighted,2,3,q_713462,False,0.0,
gpt_5_nano,weighted,2,3,q_370470,False,0.0,
gpt_5_nano,weighted,2,3,q_639526,False,0.0,
gpt_5_nano,weighted,2,3,q_566988,False,1.0,2028.0
gpt_5_nano,weighted,3,1,q_573613,False,0.0,2999.0
gpt_5_nano,weighted,3,1,q_109581,False,0.0,2999.0
gpt_5_nano,weighted,3,1,q_865549,False,0.0,2695.0
gpt_5_nano,weighted,3,1,q_997774,True,1.0,2762.0
gpt_5_nano,weighted,3,1,q_278076,True,1.0,2701.0
gpt_5_nano,weighted,3,1,q_305456,False,0.0,
gpt_5_nano,weighted,3,1,q_858350,False,0.0,
gpt_5_nano,weighted,3,1,q_529992,False,0.0,
gpt_5_nano,weighted,3,1,q_508273,False,0.0,2999.0
gpt_5_nano,weighted,3,1,q_361679,False,0.0,
gpt_5_nano,weighted,3,2,q_615025,True,1.0,2350.0
gpt_5_nano,weighted,3,2,q_436836,True,1.0,2348.0
gpt_5_nano,weighted,3,2,q_723334,False,0.5,2356.0
gpt_5_nano,weighted,3,2,q_163034,True,1.0,2437.0
gpt_5_nano,weighted,3,2,q_921827,True,1.0,2430.0
gpt_5_nano,weighted,3,2,q_330900,False,0.0,2692.0
gpt_5_nano,weighted,3,2,q_688191,True,1.0,2612.0
gpt_5_nano,weighted,3,2,q_994296,False,0.0,
gpt_5_nano,weighted,3,2,q_843520,False,0.0,4486.0
gpt_5_nano,weighted,3,2,q_749733,False,0.0,
gpt_5_nano,weighted,3,3,q_219727,False,0.0,3255.0
gpt_5_nano,weighted,3,3,q_730666,True,1.0,2941.0
gpt_5_nano,weighted,3,3,q_105589,False,0.0,2937.0
gpt_5_nano,weighted,3,3,q_719781,False,0.0,2937.0
gpt_5_nano,weighted,3,3,q_374718,False,0.0,2943.0
gpt_5_nano,weighted,3,3,q_257518,False,0.0,
gpt_5_nano,weighted,3,3,q_402899,False,0.0,
gpt_5_nano,weighted,3,3,q_220189,False,0.0,
gpt_5_nano,weighted,3,3,q_787516,False,0.0,5341.0
gpt_5_nano,weighted,3,3,q_832605,False,0.0,5867.0
gpt_5_nano,weighted,1,1,q_713576,True,1.0,922.0
gpt_5_nano,weighted,1,1,q_816058,True,1.0,963.0
gpt_5_nano,weighted,1,1,q_133167,True,1.0,955.0
gpt_5_nano,weighted,1,1,q_660959,True,1.0,1064.0
gpt_5_nano,weighted,1,2,q_678269,True,1.0,584.0
gpt_5_nano,weighted,1,2,q_940931,True,1.0,610.0
gpt_5_nano,weighted,1,2,q_225277,True,1.0,624.0
gpt_5_nano,weighted,1,2,q_706270,True,1.0,955.0
gpt_5_nano,weighted,1,2,q_464951,True,1.0,1096.0
gpt_5_nano,weighted,1,2,q_249018,True,1.0,959.0
gpt_5_nano,weighted,1,2,q_154957,True,1.0,1086.0
gpt_5_nano,weighted,1,3,q_688231,False,0.0,572.0
gpt_5_nano,weighted,1,3,q_898257,True,1.0,727.0
gpt_5_nano,weighted,1,3,q_533661,True,1.0,1020.0
gpt_5_nano,weighted,1,3,q_791935,True,1.0,1053.0
gpt_5_nano,weighted,1,3,q_129000,True,1.0,1019.0
gpt_5_nano,weighted,4,1,q_169355,True,1.0,4653.0
gpt_5_nano,weighted,4,1,q_195008,True,1.0,4661.0
gpt_5_nano,weighted,4,1,q_199206,True,1.0,4651.0
gpt_5_nano,weighted,4,1,q_516057,True,1.0,4657.0
gpt_5_nano,weighted,4,1,q_164260,True,1.0,4657.0
gpt_5_nano,weighted,4,1,q_219923,True,1.0,4719.0
gpt_5_nano,weighted,4,1,q_247307,True,1.0,4685.0
gpt_5_nano,weighted,4,1,q_935250,False,0.0,5182.0
gpt_5_nano,weighted,4,1,q_596680,False,0.0,
gpt_5_nano,weighted,4,1,q_816349,False,0.0,
gpt_5_nano,weighted,4,2,q_258796,True,1.0,7123.0
gpt_5_nano,weighted,4,2,q_918124,False,0.0,7122.0
gpt_5_nano,weighted,4,2,q_547481,False,0.0,7122.0
gpt_5_nano,weighted,4,2,q_540959,False,0.0,7438.0
gpt_5_nano,weighted,4,2,q_297507,False,0.0,7125.0
gpt_5_nano,weighted,4,2,q_983936,True,1.0,7123.0
gpt_5_nano,weighted,4,2,q_329987,False,0.0,7438.0
gpt_5_nano,weighted,4,2,q_136155,True,1.0,7153.0
gpt_5_nano,weighted,4,2,q_270515,True,1.0,7119.0
gpt_5_nano,weighted,4,2,q_596270,False,0.0,
gpt_5_nano,weighted,4,3,q_922727,True,1.0,4952.0
gpt_5_nano,weighted,4,3,q_892733,True,1.0,4952.0
gpt_5_nano,weighted,4,3,q_347471,True,1.0,4952.0
gpt_5_nano,weighted,4,3,q_352595,False,0.0,5265.0
gpt_5_nano,weighted,4,3,q_408296,False,0.0,5265.0
gpt_5_nano,weighted,4,3,q_137161,True,1.0,4976.0
gpt_5_nano,weighted,4,3,q_128033,True,1.0,5015.0
gpt_5_nano,weighted,4,3,q_796298,False,0.0,
gpt_5_nano,weighted,4,3,q_988888,False,0.0,
gpt_5_nano,weighted,4,3,q_136965,False,0.0,
gpt_5_nano,conflicting,2,1,q_796482,False,0.0,1075.0
gpt_5_nano,conflicting,2,1,q_958792,False,0.0,1071.0
gpt_5_nano,conflicting,2,1,q_882346,True,1.0,2032.0
gpt_5_nano,conflicting,2,1,q_898079,False,0.0,2067.0
gpt_5_nano,conflicting,2,1,q_540576,True,1.0,2086.0
gpt_5_nano,conflicting,2,1,q_889237,False,0.0,2031.0
gpt_5_nano,conflicting,2,1,q_155096,False,0.0,2140.0
gpt_5_nano,conflicting,2,1,q_477375,False,0.0,
gpt_5_nano,conflicting,2,1,q_886852,False,0.0,2358.0
gpt_5_nano,conflicting,2,1,q_421190,False,0.0,3566.0
gpt_5_nano,conflicting,2,2,q_467679,True,1.0,1114.0
gpt_5_nano,conflicting,2,2,q_264795,True,1.0,1116.0
gpt_5_nano,conflicting,2,2,q_439854,True,1.0,1114.0
gpt_5_nano,conflicting,2,2,q_394127,False,0.0,1687.0
gpt_5_nano,conflicting,2,2,q_662192,False,0.0,2042.0
gpt_5_nano,conflicting,2,2,q_640334,False,0.0,
gpt_5_nano,conflicting,2,2,q_725868,False,0.0,2597.0
gpt_5_nano,conflicting,2,2,q_834874,True,1.0,2517.0
gpt_5_nano,conflicting,2,2,q_248231,False,0.0,2841.0
gpt_5_nano,conflicting,2,2,q_800533,False,0.0,2886.0
gpt_5_nano,conflicting,2,3,q_271826,True,1.0,1089.0
gpt_5_nano,conflicting,2,3,q_671748,False,0.0,1100.0
gpt_5_nano,conflicting,2,3,q_887730,True,1.0,1448.0
gpt_5_nano,conflicting,2,3,q_459027,False,0.0,1717.0
gpt_5_nano,conflicting,2,3,q_282933,True,1.0,1716.0
gpt_5_nano,conflicting,2,3,q_954064,True,1.0,2173.0
gpt_5_nano,conflicting,2,3,q_794697,True,1.0,2195.0
gpt_5_nano,conflicting,2,3,q_664111,False,0.0,2214.0
gpt_5_nano,conflicting,2,3,q_942650,False,0.0,2388.0
gpt_5_nano,conflicting,2,3,q_658473,False,0.0,
gpt_5_nano,conflicting,3,1,q_846391,False,0.0,1969.0
gpt_5_nano,conflicting,3,1,q_279628,False,0.0,1969.0
gpt_5_nano,conflicting,3,1,q_667636,True,1.0,1940.0
gpt_5_nano,conflicting,3,1,q_839143,True,1.0,1975.0
gpt_5_nano,conflicting,3,1,q_445554,False,0.0,2710.0
gpt_5_nano,conflicting,3,1,q_157869,False,0.0,2998.0
gpt_5_nano,conflicting,3,1,q_532864,False,0.0,
gpt_5_nano,conflicting,3,1,q_277988,False,0.0,3438.0
gpt_5_nano,conflicting,3,1,q_916867,False,0.0,
gpt_5_nano,conflicting,3,1,q_354017,False,0.0,4098.0
gpt_5_nano,conflicting,3,2,q_667304,True,1.0,2127.0
gpt_5_nano,conflicting,3,2,q_965853,False,0.0,2096.0
gpt_5_nano,conflicting,3,2,q_276255,False,0.0,2385.0
gpt_5_nano,conflicting,3,2,q_118146,True,1.0,2555.0
gpt_5_nano,conflicting,3,2,q_653902,False,0.0,2702.0
gpt_5_nano,conflicting,3,2,q_994981,False,0.0,2646.0
gpt_5_nano,conflicting,3,2,q_991823,False,0.0,2578.0
gpt_5_nano,conflicting,3,2,q_164280,False,0.0,2875.0
gpt_5_nano,conflicting,3,2,q_660859,False,0.0,3051.0
gpt_5_nano,conflicting,3,2,q_946374,False,0.0,3322.0
gpt_5_nano,conflicting,3,3,q_272455,False,0.0,2000.0
gpt_5_nano,conflicting,3,3,q_229794,False,0.0,2000.0
gpt_5_nano,conflicting,3,3,q_410320,True,1.0,1893.0
gpt_5_nano,conflicting,3,3,q_201497,True,1.0,2014.0
gpt_5_nano,conflicting,3,3,q_153735,False,0.0,2170.0
gpt_5_nano,conflicting,3,3,q_416863,False,0.0,2201.0
gpt_5_nano,conflicting,3,3,q_294507,True,1.0,2167.0
gpt_5_nano,conflicting,3,3,q_727217,True,1.0,2131.0
gpt_5_nano,conflicting,3,3,q_532702,False,0.0,2902.0
gpt_5_nano,conflicting,3,3,q_149945,False,0.0,3414.0
gpt_5_nano,conflicting,1,1,q_920055,False,0.0,895.0
gpt_5_nano,conflicting,1,1,q_836946,False,0.0,1335.0
gpt_5_nano,conflicting,1,1,q_146868,True,1.0,1528.0
gpt_5_nano,conflicting,1,1,q_223415,False,0.0,1772.0
gpt_5_nano,conflicting,1,1,q_532309,False,0.0,1742.0
gpt_5_nano,conflicting,1,1,q_525845,False,0.0,1849.0
gpt_5_nano,conflicting,1,1,q_372812,False,0.0,2396.0
gpt_5_nano,conflicting,1,1,q_161940,False,0.0,2555.0
gpt_5_nano,conflicting,1,1,q_127936,True,1.0,2662.0
gpt_5_nano,conflicting,1,1,q_665549,True,1.0,2800.0
gpt_5_nano,conflicting,1,2,q_245002,False,0.0,883.0
gpt_5_nano,conflicting,1,2,q_721715,False,0.0,899.0
gpt_5_nano,conflicting,1,2,q_350021,True,1.0,1186.0
gpt_5_nano,conflicting,1,2,q_368892,False,0.0,1345.0
gpt_5_nano,conflicting,1,2,q_940328,True,1.0,1568.0
gpt_5_nano,conflicting,1,2,q_731920,False,0.0,1689.0
gpt_5_nano,conflicting,1,2,q_942955,False,0.0,1854.0
gpt_5_nano,conflicting,1,2,q_925167,False,0.0,1878.0
gpt_5_nano,conflicting,1,2,q_953208,True,1.0,1968.0
gpt_5_nano,conflicting,1,2,q_329093,True,1.0,2397.0
gpt_5_nano,conflicting,1,3,q_268990,False,0.0,905.0
gpt_5_nano,conflicting,1,3,q_289394,True,1.0,900.0
gpt_5_nano,conflicting,1,3,q_962684,True,1.0,1215.0
gpt_5_nano,conflicting,1,3,q_994684,True,1.0,1352.0
gpt_5_nano,conflicting,1,3,q_863441,False,0.0,
gpt_5_nano,conflicting,1,3,q_467762,False,0.0,2007.0
gpt_5_nano,conflicting,1,3,q_241313,True,1.0,1931.0
gpt_5_nano,conflicting,1,3,q_688137,True,1.0,1974.0
gpt_5_nano,conflicting,1,3,q_197624,False,0.0,2944.0
gpt_5_nano,conflicting,1,3,q_262964,True,1.0,3312.0
gpt_5_nano,conflicting,4,1,q_801489,False,0.0,3499.0
gpt_5_nano,conflicting,4,1,q_824339,False,0.0,3377.0
gpt_5_nano,conflicting,4,1,q_508581,False,0.0,3672.0
gpt_5_nano,conflicting,4,1,q_743721,False,0.0,3782.0
gpt_5_nano,conflicting,4,1,q_584767,False,0.0,4010.0
gpt_5_nano,conflicting,4,1,q_121542,False,0.0,4072.0
gpt_5_nano,conflicting,4,1,q_854515,False,0.0,
gpt_5_nano,conflicting,4,1,q_122222,False,0.0,4241.0
gpt_5_nano,conflicting,4,1,q_160988,False,0.0,
gpt_5_nano,conflicting,4,1,q_576428,False,0.0,
gpt_5_nano,conflicting,4,2,q_748584,True,1.0,3357.0
gpt_5_nano,conflicting,4,2,q_235972,True,1.0,3337.0
gpt_5_nano,conflicting,4,2,q_615458,False,0.0,3350.0
gpt_5_nano,conflicting,4,2,q_583104,False,0.0,3611.0
gpt_5_nano,conflicting,4,2,q_338545,False,0.0,3695.0
gpt_5_nano,conflicting,4,2,q_183386,False,0.0,
gpt_5_nano,conflicting,4,2,q_528408,False,0.0,3794.0
gpt_5_nano,conflicting,4,2,q_418204,False,0.0,3954.0
gpt_5_nano,conflicting,4,2,q_914815,False,0.0,4342.0
gpt_5_nano,conflicting,4,2,q_368500,False,0.0,
gpt_5_nano,conflicting,4,3,q_723915,False,0.0,3655.0
gpt_5_nano,conflicting,4,3,q_850359,True,1.0,3653.0
gpt_5_nano,conflicting,4,3,q_802777,False,0.0,3744.0
gpt_5_nano,conflicting,4,3,q_183171,True,1.0,3656.0
gpt_5_nano,conflicting,4,3,q_826096,False,0.0,
gpt_5_nano,conflicting,4,3,q_883159,False,0.0,3879.0
gpt_5_nano,conflicting,4,3,q_549637,False,0.0,3961.0
gpt_5_nano,conflicting,4,3,q_100757,False,0.0,4133.0
gpt_5_nano,conflicting,4,3,q_662973,False,0.0,4434.0
gpt_5_nano,conflicting,4,3,q_534834,False,0.0,4936.0
claude_3_7_sonnet_20250219,multihop,2,1,q_327208,True,1.0,2424.0
claude_3_7_sonnet_20250219,multihop,2,1,q_986362,True,1.0,2537.0
claude_3_7_sonnet_20250219,multihop,2,1,q_378073,True,1.0,2605.0
claude_3_7_sonnet_20250219,multihop,2,1,q_921620,True,1.0,2698.0
claude_3_7_sonnet_20250219,multihop,2,1,q_619868,True,1.0,2732.0
claude_3_7_sonnet_20250219,multihop,2,1,q_782242,True,1.0,2676.0
claude_3_7_sonnet_20250219,multihop,2,1,q_648931,True,1.0,2788.0
claude_3_7_sonnet_20250219,multihop,2,1,q_404139,True,1.0,2817.0
claude_3_7_sonnet_20250219,multihop,2,1,q_942912,True,1.0,2979.0
claude_3_7_sonnet_20250219,multihop,2,1,q_809401,True,1.0,3468.0
claude_3_7_sonnet_20250219,multihop,2,2,q_823798,True,1.0,1275.0
claude_3_7_sonnet_20250219,multihop,2,2,q_165693,True,1.0,1350.0
claude_3_7_sonnet_20250219,multihop,2,2,q_468744,True,1.0,1386.0
claude_3_7_sonnet_20250219,multihop,2,2,q_352253,True,1.0,1374.0
claude_3_7_sonnet_20250219,multihop,2,2,q_899577,True,1.0,1406.0
claude_3_7_sonnet_20250219,multihop,2,2,q_474168,True,1.0,1450.0
claude_3_7_sonnet_20250219,multihop,2,2,q_264873,True,1.0,1442.0
claude_3_7_sonnet_20250219,multihop,2,2,q_332261,True,1.0,1459.0
claude_3_7_sonnet_20250219,multihop,2,2,q_822987,True,1.0,1568.0
claude_3_7_sonnet_20250219,multihop,2,2,q_845797,True,1.0,1582.0
claude_3_7_sonnet_20250219,multihop,2,3,q_276905,True,1.0,2871.0
claude_3_7_sonnet_20250219,multihop,2,3,q_311817,True,1.0,2898.0
claude_3_7_sonnet_20250219,multihop,2,3,q_702979,True,1.0,2959.0
claude_3_7_sonnet_20250219,multihop,2,3,q_422113,True,1.0,2920.0
claude_3_7_sonnet_20250219,multihop,2,3,q_154389,True,1.0,3001.0
claude_3_7_sonnet_20250219,multihop,2,3,q_668322,True,1.0,2998.0
claude_3_7_sonnet_20250219,multihop,2,3,q_456014,False,0.0,3074.0
claude_3_7_sonnet_20250219,multihop,2,3,q_273960,True,1.0,3102.0
claude_3_7_sonnet_20250219,multihop,2,3,q_476218,True,1.0,3239.0
claude_3_7_sonnet_20250219,multihop,2,3,q_691332,True,1.0,3395.0
claude_3_7_sonnet_20250219,multihop,3,1,q_711435,True,1.0,11394.0
claude_3_7_sonnet_20250219,multihop,3,1,q_949742,False,0.0,11446.0
claude_3_7_sonnet_20250219,multihop,3,1,q_928183,True,1.0,11507.0
claude_3_7_sonnet_20250219,multihop,3,1,q_718331,True,1.0,11515.0
claude_3_7_sonnet_20250219,multihop,3,1,q_949179,True,1.0,11547.0
claude_3_7_sonnet_20250219,multihop,3,1,q_970394,True,1.0,11592.0
claude_3_7_sonnet_20250219,multihop,3,1,q_656389,False,0.0,11606.0
claude_3_7_sonnet_20250219,multihop,3,1,q_110447,True,1.0,11619.0
claude_3_7_sonnet_20250219,multihop,3,1,q_171433,True,1.0,11618.0
claude_3_7_sonnet_20250219,multihop,3,1,q_696500,False,0.0,11771.0
claude_3_7_sonnet_20250219,multihop,3,2,q_356683,True,1.0,9889.0
claude_3_7_sonnet_20250219,multihop,3,2,q_136638,True,1.0,9902.0
claude_3_7_sonnet_20250219,multihop,3,2,q_645447,True,1.0,10021.0
claude_3_7_sonnet_20250219,multihop,3,2,q_656667,True,1.0,10108.0
claude_3_7_sonnet_20250219,multihop,3,2,q_238241,True,1.0,10078.0
claude_3_7_sonnet_20250219,multihop,3,2,q_236270,False,0.0,10108.0
claude_3_7_sonnet_20250219,multihop,3,2,q_772039,True,1.0,10081.0
claude_3_7_sonnet_20250219,multihop,3,2,q_620975,True,1.0,10124.0
claude_3_7_sonnet_20250219,multihop,3,2,q_705550,True,1.0,10248.0
claude_3_7_sonnet_20250219,multihop,3,2,q_407914,False,0.0,10786.0
claude_3_7_sonnet_20250219,multihop,3,3,q_151997,True,1.0,8463.0
claude_3_7_sonnet_20250219,multihop,3,3,q_247843,True,1.0,8561.0
claude_3_7_sonnet_20250219,multihop,3,3,q_232217,True,1.0,8536.0
claude_3_7_sonnet_20250219,multihop,3,3,q_147200,True,1.0,8533.0
claude_3_7_sonnet_20250219,multihop,3,3,q_987193,True,1.0,8647.0
claude_3_7_sonnet_20250219,multihop,3,3,q_145687,True,1.0,8591.0
claude_3_7_sonnet_20250219,multihop,3,3,q_225196,True,1.0,8754.0
claude_3_7_sonnet_20250219,multihop,3,3,q_761818,False,0.0,8637.0
claude_3_7_sonnet_20250219,multihop,3,3,q_142070,True,1.0,8779.0
claude_3_7_sonnet_20250219,multihop,3,3,q_847630,True,1.0,8780.0
claude_3_7_sonnet_20250219,multihop,1,1,q_167167,True,1.0,799.0
claude_3_7_sonnet_20250219,multihop,1,1,q_383626,True,1.0,873.0
claude_3_7_sonnet_20250219,multihop,1,1,q_564488,True,1.0,1006.0
claude_3_7_sonnet_20250219,multihop,1,2,q_234862,True,1.0,917.0
claude_3_7_sonnet_20250219,multihop,1,2,q_323749,True,1.0,923.0
claude_3_7_sonnet_20250219,multihop,1,2,q_528251,True,1.0,1043.0
claude_3_7_sonnet_20250219,multihop,1,3,q_680902,True,1.0,921.0
claude_3_7_sonnet_20250219,multihop,1,3,q_730503,True,1.0,902.0
claude_3_7_sonnet_20250219,multihop,1,3,q_292391,True,1.0,1015.0
claude_3_7_sonnet_20250219,multihop,1,3,q_686839,True,1.0,1055.0
claude_3_7_sonnet_20250219,multihop,1,3,q_475291,True,1.0,1023.0
claude_3_7_sonnet_20250219,multihop,1,3,q_803302,True,1.0,1077.0
claude_3_7_sonnet_20250219,multihop,1,3,q_683282,True,1.0,1076.0
claude_3_7_sonnet_20250219,multihop,1,3,q_893805,True,1.0,1074.0
claude_3_7_sonnet_20250219,multihop,1,3,q_253883,True,1.0,1129.0
claude_3_7_sonnet_20250219,multihop,1,3,q_274616,True,1.0,1149.0
claude_3_7_sonnet_20250219,multihop,4,1,q_941497,True,1.0,31177.0
claude_3_7_sonnet_20250219,multihop,4,1,q_786396,False,0.0,
claude_3_7_sonnet_20250219,multihop,4,1,q_503690,False,0.0,
claude_3_7_sonnet_20250219,multihop,4,1,q_644645,False,0.0,
claude_3_7_sonnet_20250219,multihop,4,1,q_932696,False,0.0,
claude_3_7_sonnet_20250219,multihop,4,1,q_626920,False,0.0,
claude_3_7_sonnet_20250219,multihop,4,1,q_241793,True,1.0,31377.0
claude_3_7_sonnet_20250219,multihop,4,1,q_670884,False,0.0,
claude_3_7_sonnet_20250219,multihop,4,1,q_117572,False,0.0,
claude_3_7_sonnet_20250219,multihop,4,1,q_780685,True,1.0,31114.0
claude_3_7_sonnet_20250219,multihop,4,2,q_721809,True,1.0,20368.0
claude_3_7_sonnet_20250219,multihop,4,2,q_439336,False,0.0,
claude_3_7_sonnet_20250219,multihop,4,2,q_386560,False,0.0,
claude_3_7_sonnet_20250219,multihop,4,2,q_638331,False,0.0,
claude_3_7_sonnet_20250219,multihop,4,2,q_454279,False,0.0,
claude_3_7_sonnet_20250219,multihop,4,2,q_450525,False,0.0,
claude_3_7_sonnet_20250219,multihop,4,2,q_963388,False,0.0,
claude_3_7_sonnet_20250219,multihop,4,2,q_941258,False,0.0,
claude_3_7_sonnet_20250219,multihop,4,2,q_243014,False,0.0,
claude_3_7_sonnet_20250219,multihop,4,2,q_713951,False,0.0,
claude_3_7_sonnet_20250219,multihop,4,3,q_273439,True,1.0,35446.0
claude_3_7_sonnet_20250219,multihop,4,3,q_982362,True,1.0,35420.0
claude_3_7_sonnet_20250219,multihop,4,3,q_778850,True,1.0,35801.0
claude_3_7_sonnet_20250219,multihop,4,3,q_608862,False,0.0,35529.0
claude_3_7_sonnet_20250219,multihop,4,3,q_637950,False,0.0,35898.0
claude_3_7_sonnet_20250219,multihop,4,3,q_100612,False,0.0,
claude_3_7_sonnet_20250219,multihop,4,3,q_885910,False,0.0,
claude_3_7_sonnet_20250219,multihop,4,3,q_525142,False,0.0,
claude_3_7_sonnet_20250219,multihop,4,3,q_726917,False,0.0,
claude_3_7_sonnet_20250219,multihop,4,3,q_144829,True,1.0,35362.0
claude_3_7_sonnet_20250219,hierarchical,2,1,q_390877,True,1.0,896.0
claude_3_7_sonnet_20250219,hierarchical,2,1,q_322710,True,1.0,939.0
claude_3_7_sonnet_20250219,hierarchical,2,1,q_712590,True,1.0,952.0
claude_3_7_sonnet_20250219,hierarchical,2,1,q_901266,True,1.0,918.0
claude_3_7_sonnet_20250219,hierarchical,2,1,q_184621,True,1.0,968.0
claude_3_7_sonnet_20250219,hierarchical,2,1,q_770896,True,1.0,990.0
claude_3_7_sonnet_20250219,hierarchical,2,1,q_904893,True,1.0,992.0
claude_3_7_sonnet_20250219,hierarchical,2,1,q_664453,True,1.0,1034.0
claude_3_7_sonnet_20250219,hierarchical,2,1,q_705693,True,1.0,1018.0
claude_3_7_sonnet_20250219,hierarchical,2,1,q_275237,True,1.0,1032.0
claude_3_7_sonnet_20250219,hierarchical,2,2,q_531167,True,1.0,725.0
claude_3_7_sonnet_20250219,hierarchical,2,2,q_757781,True,1.0,677.0
claude_3_7_sonnet_20250219,hierarchical,2,2,q_274008,True,1.0,751.0
claude_3_7_sonnet_20250219,hierarchical,2,2,q_871434,True,1.0,789.0
claude_3_7_sonnet_20250219,hierarchical,2,2,q_429016,False,0.0,766.0
claude_3_7_sonnet_20250219,hierarchical,2,2,q_700008,True,1.0,771.0
claude_3_7_sonnet_20250219,hierarchical,2,2,q_993314,True,1.0,784.0
claude_3_7_sonnet_20250219,hierarchical,2,2,q_316392,True,1.0,808.0
claude_3_7_sonnet_20250219,hierarchical,2,2,q_642240,True,1.0,781.0
claude_3_7_sonnet_20250219,hierarchical,2,2,q_478914,True,1.0,772.0
claude_3_7_sonnet_20250219,hierarchical,2,3,q_190862,True,1.0,734.0
claude_3_7_sonnet_20250219,hierarchical,2,3,q_730919,True,1.0,757.0
claude_3_7_sonnet_20250219,hierarchical,2,3,q_994582,True,1.0,784.0
claude_3_7_sonnet_20250219,hierarchical,2,3,q_585598,True,1.0,747.0
claude_3_7_sonnet_20250219,hierarchical,2,3,q_485687,True,1.0,773.0
claude_3_7_sonnet_20250219,hierarchical,2,3,q_884440,True,1.0,795.0
claude_3_7_sonnet_20250219,hierarchical,2,3,q_588605,True,1.0,811.0
claude_3_7_sonnet_20250219,hierarchical,2,3,q_544245,True,1.0,845.0
claude_3_7_sonnet_20250219,hierarchical,2,3,q_514106,False,0.0,853.0
claude_3_7_sonnet_20250219,hierarchical,2,3,q_396279,False,0.0,892.0
claude_3_7_sonnet_20250219,hierarchical,3,1,q_525098,True,1.0,1072.0
claude_3_7_sonnet_20250219,hierarchical,3,1,q_797357,True,1.0,1093.0
claude_3_7_sonnet_20250219,hierarchical,3,1,q_940613,True,1.0,1080.0
claude_3_7_sonnet_20250219,hierarchical,3,1,q_542854,True,1.0,1046.0
claude_3_7_sonnet_20250219,hierarchical,3,1,q_625450,True,1.0,1116.0
claude_3_7_sonnet_20250219,hierarchical,3,1,q_719006,True,1.0,1113.0
claude_3_7_sonnet_20250219,hierarchical,3,1,q_666755,False,0.0,1144.0
claude_3_7_sonnet_20250219,hierarchical,3,1,q_470401,True,1.0,1114.0
claude_3_7_sonnet_20250219,hierarchical,3,1,q_405713,True,1.0,1169.0
claude_3_7_sonnet_20250219,hierarchical,3,1,q_208020,True,1.0,1218.0
claude_3_7_sonnet_20250219,hierarchical,3,2,q_502913,True,1.0,1059.0
claude_3_7_sonnet_20250219,hierarchical,3,2,q_437762,True,1.0,1088.0
claude_3_7_sonnet_20250219,hierarchical,3,2,q_186882,True,1.0,1022.0
claude_3_7_sonnet_20250219,hierarchical,3,2,q_402275,True,1.0,1036.0
claude_3_7_sonnet_20250219,hierarchical,3,2,q_563799,True,1.0,1045.0
claude_3_7_sonnet_20250219,hierarchical,3,2,q_696255,True,1.0,1080.0
claude_3_7_sonnet_20250219,hierarchical,3,2,q_724762,True,1.0,1065.0
claude_3_7_sonnet_20250219,hierarchical,3,2,q_858963,False,0.0,1089.0
claude_3_7_sonnet_20250219,hierarchical,3,2,q_133184,True,1.0,1052.0
claude_3_7_sonnet_20250219,hierarchical,3,2,q_200928,False,0.0,1111.0
claude_3_7_sonnet_20250219,hierarchical,3,3,q_695563,True,1.0,1109.0
claude_3_7_sonnet_20250219,hierarchical,3,3,q_205518,True,1.0,1085.0
claude_3_7_sonnet_20250219,hierarchical,3,3,q_607324,True,1.0,1074.0
claude_3_7_sonnet_20250219,hierarchical,3,3,q_820824,True,1.0,1049.0
claude_3_7_sonnet_20250219,hierarchical,3,3,q_548586,True,1.0,1067.0
claude_3_7_sonnet_20250219,hierarchical,3,3,q_715046,True,1.0,1073.0
claude_3_7_sonnet_20250219,hierarchical,3,3,q_835301,True,1.0,1064.0
claude_3_7_sonnet_20250219,hierarchical,3,3,q_937062,False,0.0,1178.0
claude_3_7_sonnet_20250219,hierarchical,3,3,q_216158,False,0.0,1167.0
claude_3_7_sonnet_20250219,hierarchical,3,3,q_954521,False,0.0,1179.0
claude_3_7_sonnet_20250219,hierarchical,1,1,q_424489,True,1.0,456.0
claude_3_7_sonnet_20250219,hierarchical,1,1,q_612845,True,1.0,540.0
claude_3_7_sonnet_20250219,hierarchical,1,2,q_864609,True,1.0,490.0
claude_3_7_sonnet_20250219,hierarchical,1,2,q_232668,True,1.0,473.0
claude_3_7_sonnet_20250219,hierarchical,1,2,q_190768,True,1.0,504.0
claude_3_7_sonnet_20250219,hierarchical,1,2,q_756368,True,1.0,498.0
claude_3_7_sonnet_20250219,hierarchical,1,2,q_751175,True,1.0,542.0
claude_3_7_sonnet_20250219,hierarchical,1,2,q_561902,True,1.0,566.0
claude_3_7_sonnet_20250219,hierarchical,1,2,q_735939,True,1.0,496.0
claude_3_7_sonnet_20250219,hierarchical,1,2,q_693014,True,1.0,505.0
claude_3_7_sonnet_20250219,hierarchical,1,3,q_308078,True,1.0,480.0
claude_3_7_sonnet_20250219,hierarchical,1,3,q_575625,True,1.0,454.0
claude_3_7_sonnet_20250219,hierarchical,1,3,q_511813,True,1.0,480.0
claude_3_7_sonnet_20250219,hierarchical,1,3,q_472113,True,1.0,463.0
claude_3_7_sonnet_20250219,hierarchical,1,3,q_448805,True,1.0,480.0
claude_3_7_sonnet_20250219,hierarchical,1,3,q_673386,True,1.0,499.0
claude_3_7_sonnet_20250219,hierarchical,4,1,q_269301,True,1.0,1824.0
claude_3_7_sonnet_20250219,hierarchical,4,1,q_143627,True,1.0,1897.0
claude_3_7_sonnet_20250219,hierarchical,4,1,q_629457,True,1.0,1902.0
claude_3_7_sonnet_20250219,hierarchical,4,1,q_472333,True,1.0,1957.0
claude_3_7_sonnet_20250219,hierarchical,4,1,q_587640,True,1.0,1839.0
claude_3_7_sonnet_20250219,hierarchical,4,1,q_910720,True,1.0,1899.0
claude_3_7_sonnet_20250219,hierarchical,4,1,q_114328,True,1.0,1910.0
claude_3_7_sonnet_20250219,hierarchical,4,1,q_789186,False,0.0,1892.0
claude_3_7_sonnet_20250219,hierarchical,4,1,q_941734,True,1.0,2000.0
claude_3_7_sonnet_20250219,hierarchical,4,1,q_370991,False,0.0,1951.0
claude_3_7_sonnet_20250219,hierarchical,4,2,q_811784,True,1.0,2014.0
claude_3_7_sonnet_20250219,hierarchical,4,2,q_157858,True,1.0,1996.0
claude_3_7_sonnet_20250219,hierarchical,4,2,q_177961,True,1.0,2034.0
claude_3_7_sonnet_20250219,hierarchical,4,2,q_166068,True,1.0,1971.0
claude_3_7_sonnet_20250219,hierarchical,4,2,q_983532,True,1.0,2006.0
claude_3_7_sonnet_20250219,hierarchical,4,2,q_738154,True,1.0,1969.0
claude_3_7_sonnet_20250219,hierarchical,4,2,q_868670,False,0.0,2001.0
claude_3_7_sonnet_20250219,hierarchical,4,2,q_788226,True,1.0,2016.0
claude_3_7_sonnet_20250219,hierarchical,4,2,q_289826,True,1.0,2023.0
claude_3_7_sonnet_20250219,hierarchical,4,2,q_493004,True,1.0,2051.0
claude_3_7_sonnet_20250219,hierarchical,4,3,q_898760,True,1.0,1960.0
claude_3_7_sonnet_20250219,hierarchical,4,3,q_112425,True,1.0,1983.0
claude_3_7_sonnet_20250219,hierarchical,4,3,q_497258,True,1.0,1992.0
claude_3_7_sonnet_20250219,hierarchical,4,3,q_573717,True,1.0,1955.0
claude_3_7_sonnet_20250219,hierarchical,4,3,q_589161,True,1.0,1996.0
claude_3_7_sonnet_20250219,hierarchical,4,3,q_962387,True,1.0,2002.0
claude_3_7_sonnet_20250219,hierarchical,4,3,q_676972,True,1.0,2002.0
claude_3_7_sonnet_20250219,hierarchical,4,3,q_895813,True,1.0,2049.0
claude_3_7_sonnet_20250219,hierarchical,4,3,q_144790,False,0.0,2047.0
claude_3_7_sonnet_20250219,hierarchical,4,3,q_762982,False,0.0,2130.0
claude_3_7_sonnet_20250219,temporal,2,1,q_110981,True,1.0,839.0
claude_3_7_sonnet_20250219,temporal,2,1,q_723108,True,1.0,908.0
claude_3_7_sonnet_20250219,temporal,2,1,q_605459,False,0.0,812.0
claude_3_7_sonnet_20250219,temporal,2,1,q_673027,False,0.0,987.0
claude_3_7_sonnet_20250219,temporal,2,1,q_272731,True,1.0,897.0
claude_3_7_sonnet_20250219,temporal,2,1,q_455497,True,1.0,934.0
claude_3_7_sonnet_20250219,temporal,2,1,q_802957,False,0.0,1195.0
claude_3_7_sonnet_20250219,temporal,2,1,q_864552,False,0.0,1012.0
claude_3_7_sonnet_20250219,temporal,2,1,q_341223,True,1.0,977.0
claude_3_7_sonnet_20250219,temporal,2,1,q_248549,False,0.0,982.0
claude_3_7_sonnet_20250219,temporal,2,2,q_367863,True,1.0,747.0
claude_3_7_sonnet_20250219,temporal,2,2,q_152795,True,1.0,742.0
claude_3_7_sonnet_20250219,temporal,2,2,q_818838,True,1.0,793.0
claude_3_7_sonnet_20250219,temporal,2,2,q_191706,True,1.0,852.0
claude_3_7_sonnet_20250219,temporal,2,2,q_808189,True,1.0,1049.0
claude_3_7_sonnet_20250219,temporal,2,2,q_208237,True,1.0,810.0
claude_3_7_sonnet_20250219,temporal,2,2,q_236344,True,1.0,810.0
claude_3_7_sonnet_20250219,temporal,2,2,q_792135,True,1.0,838.0
claude_3_7_sonnet_20250219,temporal,2,2,q_244619,True,1.0,811.0
claude_3_7_sonnet_20250219,temporal,2,2,q_357629,True,1.0,1081.0
claude_3_7_sonnet_20250219,temporal,2,3,q_358254,True,1.0,913.0
claude_3_7_sonnet_20250219,temporal,2,3,q_557594,False,0.0,1292.0
claude_3_7_sonnet_20250219,temporal,2,3,q_675453,True,1.0,990.0
claude_3_7_sonnet_20250219,temporal,2,3,q_118947,True,1.0,1166.0
claude_3_7_sonnet_20250219,temporal,2,3,q_694498,True,1.0,1185.0
claude_3_7_sonnet_20250219,temporal,2,3,q_363444,True,1.0,1389.0
claude_3_7_sonnet_20250219,temporal,2,3,q_589852,True,1.0,1430.0
claude_3_7_sonnet_20250219,temporal,2,3,q_169346,True,1.0,1242.0
claude_3_7_sonnet_20250219,temporal,2,3,q_281602,True,1.0,1328.0
claude_3_7_sonnet_20250219,temporal,2,3,q_575668,True,1.0,1607.0
claude_3_7_sonnet_20250219,temporal,3,1,q_856132,True,1.0,824.0
claude_3_7_sonnet_20250219,temporal,3,1,q_675648,True,1.0,841.0
claude_3_7_sonnet_20250219,temporal,3,1,q_398072,True,1.0,1323.0
claude_3_7_sonnet_20250219,temporal,3,1,q_223156,True,1.0,943.0
claude_3_7_sonnet_20250219,temporal,3,1,q_640403,True,1.0,1177.0
claude_3_7_sonnet_20250219,temporal,3,1,q_155484,False,0.0,1336.0
claude_3_7_sonnet_20250219,temporal,3,1,q_908915,True,1.0,1198.0
claude_3_7_sonnet_20250219,temporal,3,1,q_462307,True,1.0,1307.0
claude_3_7_sonnet_20250219,temporal,3,1,q_297677,False,0.0,1018.0
claude_3_7_sonnet_20250219,temporal,3,1,q_175464,False,0.0,1299.0
claude_3_7_sonnet_20250219,temporal,3,2,q_754803,True,1.0,771.0
claude_3_7_sonnet_20250219,temporal,3,2,q_584318,True,1.0,757.0
claude_3_7_sonnet_20250219,temporal,3,2,q_975143,True,1.0,779.0
claude_3_7_sonnet_20250219,temporal,3,2,q_951002,True,1.0,1122.0
claude_3_7_sonnet_20250219,temporal,3,2,q_791806,True,1.0,1068.0
claude_3_7_sonnet_20250219,temporal,3,2,q_246608,True,1.0,1167.0
claude_3_7_sonnet_20250219,temporal,3,2,q_880410,True,1.0,913.0
claude_3_7_sonnet_20250219,temporal,3,2,q_659379,True,1.0,1276.0
claude_3_7_sonnet_20250219,temporal,3,2,q_688099,True,1.0,938.0
claude_3_7_sonnet_20250219,temporal,3,2,q_637571,True,1.0,1399.0
claude_3_7_sonnet_20250219,temporal,3,3,q_480869,True,1.0,887.0
claude_3_7_sonnet_20250219,temporal,3,3,q_491097,True,1.0,892.0
claude_3_7_sonnet_20250219,temporal,3,3,q_303086,True,1.0,914.0
claude_3_7_sonnet_20250219,temporal,3,3,q_204372,True,1.0,989.0
claude_3_7_sonnet_20250219,temporal,3,3,q_894845,True,1.0,1263.0
claude_3_7_sonnet_20250219,temporal,3,3,q_961435,True,1.0,1187.0
claude_3_7_sonnet_20250219,temporal,3,3,q_499898,True,1.0,1040.0
claude_3_7_sonnet_20250219,temporal,3,3,q_199612,True,1.0,1502.0
claude_3_7_sonnet_20250219,temporal,3,3,q_810293,False,0.0,1159.0
claude_3_7_sonnet_20250219,temporal,3,3,q_740968,False,0.0,1487.0
claude_3_7_sonnet_20250219,temporal,1,1,q_603960,False,0.0,952.0
claude_3_7_sonnet_20250219,temporal,1,1,q_345632,True,1.0,810.0
claude_3_7_sonnet_20250219,temporal,1,1,q_958081,True,1.0,1014.0
claude_3_7_sonnet_20250219,temporal,1,1,q_277684,True,1.0,865.0
claude_3_7_sonnet_20250219,temporal,1,1,q_256351,False,0.0,985.0
claude_3_7_sonnet_20250219,temporal,1,1,q_649587,True,1.0,1131.0
claude_3_7_sonnet_20250219,temporal,1,1,q_188062,False,0.0,1101.0
claude_3_7_sonnet_20250219,temporal,1,1,q_736762,True,1.0,1056.0
claude_3_7_sonnet_20250219,temporal,1,1,q_677642,False,0.0,997.0
claude_3_7_sonnet_20250219,temporal,1,2,q_395337,True,1.0,980.0
claude_3_7_sonnet_20250219,temporal,1,2,q_431821,True,1.0,969.0
claude_3_7_sonnet_20250219,temporal,1,2,q_224139,True,1.0,905.0
claude_3_7_sonnet_20250219,temporal,1,2,q_812976,False,0.0,1171.0
claude_3_7_sonnet_20250219,temporal,1,2,q_612510,True,1.0,1003.0
claude_3_7_sonnet_20250219,temporal,1,2,q_386081,True,1.0,1021.0
claude_3_7_sonnet_20250219,temporal,1,2,q_646878,True,1.0,969.0
claude_3_7_sonnet_20250219,temporal,1,2,q_315828,True,1.0,1042.0
claude_3_7_sonnet_20250219,temporal,1,2,q_338252,False,0.0,1168.0
claude_3_7_sonnet_20250219,temporal,1,2,q_261791,True,1.0,1320.0
claude_3_7_sonnet_20250219,temporal,1,3,q_534995,True,1.0,999.0
claude_3_7_sonnet_20250219,temporal,1,3,q_482716,True,1.0,1076.0
claude_3_7_sonnet_20250219,temporal,1,3,q_382437,True,1.0,826.0
claude_3_7_sonnet_20250219,temporal,1,3,q_863402,True,1.0,965.0
claude_3_7_sonnet_20250219,temporal,1,3,q_609142,True,1.0,948.0
claude_3_7_sonnet_20250219,temporal,1,3,q_787594,True,1.0,924.0
claude_3_7_sonnet_20250219,temporal,1,3,q_594214,True,1.0,1164.0
claude_3_7_sonnet_20250219,temporal,1,3,q_367289,True,1.0,925.0
claude_3_7_sonnet_20250219,temporal,1,3,q_879712,True,1.0,855.0
claude_3_7_sonnet_20250219,temporal,4,1,q_461090,True,1.0,923.0
claude_3_7_sonnet_20250219,temporal,4,1,q_864187,True,1.0,927.0
claude_3_7_sonnet_20250219,temporal,4,1,q_732992,True,1.0,915.0
claude_3_7_sonnet_20250219,temporal,4,1,q_306979,True,1.0,955.0
claude_3_7_sonnet_20250219,temporal,4,1,q_370551,True,1.0,1205.0
claude_3_7_sonnet_20250219,temporal,4,1,q_727668,True,1.0,1307.0
claude_3_7_sonnet_20250219,temporal,4,1,q_981788,False,0.0,1238.0
claude_3_7_sonnet_20250219,temporal,4,1,q_479999,True,1.0,1523.0
claude_3_7_sonnet_20250219,temporal,4,1,q_715385,True,1.0,1333.0
claude_3_7_sonnet_20250219,temporal,4,1,q_863112,True,1.0,1347.0
claude_3_7_sonnet_20250219,temporal,4,2,q_223469,True,1.0,787.0
claude_3_7_sonnet_20250219,temporal,4,2,q_469384,True,1.0,803.0
claude_3_7_sonnet_20250219,temporal,4,2,q_660466,True,1.0,966.0
claude_3_7_sonnet_20250219,temporal,4,2,q_178323,True,1.0,1189.0
claude_3_7_sonnet_20250219,temporal,4,2,q_910471,True,1.0,1108.0
claude_3_7_sonnet_20250219,temporal,4,2,q_452271,True,1.0,1326.0
claude_3_7_sonnet_20250219,temporal,4,2,q_652945,True,1.0,1324.0
claude_3_7_sonnet_20250219,temporal,4,2,q_159790,True,1.0,1405.0
claude_3_7_sonnet_20250219,temporal,4,2,q_889583,True,1.0,1146.0
claude_3_7_sonnet_20250219,temporal,4,2,q_413629,True,1.0,1174.0
claude_3_7_sonnet_20250219,temporal,4,3,q_763519,True,1.0,742.0
claude_3_7_sonnet_20250219,temporal,4,3,q_303853,True,1.0,759.0
claude_3_7_sonnet_20250219,temporal,4,3,q_720968,True,1.0,1019.0
claude_3_7_sonnet_20250219,temporal,4,3,q_975021,True,1.0,867.0
claude_3_7_sonnet_20250219,temporal,4,3,q_136085,True,1.0,895.0
claude_3_7_sonnet_20250219,temporal,4,3,q_555992,True,1.0,1096.0
claude_3_7_sonnet_20250219,temporal,4,3,q_382114,True,1.0,1306.0
claude_3_7_sonnet_20250219,temporal,4,3,q_364638,True,1.0,1177.0
claude_3_7_sonnet_20250219,temporal,4,3,q_297453,True,1.0,1270.0
claude_3_7_sonnet_20250219,temporal,4,3,q_302794,True,1.0,1128.0
claude_3_7_sonnet_20250219,weighted,2,1,q_525126,True,1.0,1307.0
claude_3_7_sonnet_20250219,weighted,2,1,q_872439,True,1.0,1337.0
claude_3_7_sonnet_20250219,weighted,2,1,q_213872,True,1.0,1422.0
claude_3_7_sonnet_20250219,weighted,2,1,q_863464,True,1.0,1451.0
claude_3_7_sonnet_20250219,weighted,2,1,q_753276,True,1.0,1499.0
claude_3_7_sonnet_20250219,weighted,2,1,q_356749,False,0.0,1741.0
claude_3_7_sonnet_20250219,weighted,2,1,q_922981,True,1.0,1763.0
claude_3_7_sonnet_20250219,weighted,2,1,q_298733,False,0.0,1921.0
claude_3_7_sonnet_20250219,weighted,2,1,q_634355,True,1.0,2515.0
claude_3_7_sonnet_20250219,weighted,2,1,q_861611,True,1.0,2600.0
claude_3_7_sonnet_20250219,weighted,2,2,q_545467,True,1.0,1493.0
claude_3_7_sonnet_20250219,weighted,2,2,q_314972,True,1.0,1497.0
claude_3_7_sonnet_20250219,weighted,2,2,q_454334,True,1.0,1485.0
claude_3_7_sonnet_20250219,weighted,2,2,q_991319,True,1.0,1700.0
claude_3_7_sonnet_20250219,weighted,2,2,q_935784,False,0.0,1684.0
claude_3_7_sonnet_20250219,weighted,2,2,q_267504,False,0.0,1920.0
claude_3_7_sonnet_20250219,weighted,2,2,q_972070,True,1.0,1893.0
claude_3_7_sonnet_20250219,weighted,2,2,q_481529,True,1.0,2090.0
claude_3_7_sonnet_20250219,weighted,2,2,q_944239,True,1.0,2902.0
claude_3_7_sonnet_20250219,weighted,2,2,q_204158,True,1.0,2914.0
claude_3_7_sonnet_20250219,weighted,2,3,q_482251,True,1.0,1170.0
claude_3_7_sonnet_20250219,weighted,2,3,q_122575,False,1.0,1407.0
claude_3_7_sonnet_20250219,weighted,2,3,q_566988,True,1.0,1482.0
claude_3_7_sonnet_20250219,weighted,2,3,q_370470,False,0.0,1428.0
claude_3_7_sonnet_20250219,weighted,2,3,q_661709,True,1.0,1447.0
claude_3_7_sonnet_20250219,weighted,2,3,q_713462,True,1.0,1461.0
claude_3_7_sonnet_20250219,weighted,2,3,q_389834,True,1.0,1430.0
claude_3_7_sonnet_20250219,weighted,2,3,q_639526,False,0.0,1523.0
claude_3_7_sonnet_20250219,weighted,2,3,q_152619,False,0.0,1713.0
claude_3_7_sonnet_20250219,weighted,2,3,q_599298,True,1.0,2040.0
claude_3_7_sonnet_20250219,weighted,3,1,q_997774,True,1.0,3202.0
claude_3_7_sonnet_20250219,weighted,3,1,q_865549,True,1.0,3217.0
claude_3_7_sonnet_20250219,weighted,3,1,q_278076,True,1.0,3202.0
claude_3_7_sonnet_20250219,weighted,3,1,q_573613,True,1.0,3748.0
claude_3_7_sonnet_20250219,weighted,3,1,q_858350,False,0.0,3441.0
claude_3_7_sonnet_20250219,weighted,3,1,q_305456,True,1.0,3545.0
claude_3_7_sonnet_20250219,weighted,3,1,q_529992,False,0.0,3583.0
claude_3_7_sonnet_20250219,weighted,3,1,q_109581,False,0.0,4187.0
claude_3_7_sonnet_20250219,weighted,3,1,q_361679,False,0.0,3722.0
claude_3_7_sonnet_20250219,weighted,3,1,q_508273,False,0.0,5034.0
claude_3_7_sonnet_20250219,weighted,3,2,q_615025,True,1.0,2810.0
claude_3_7_sonnet_20250219,weighted,3,2,q_436836,True,1.0,2801.0
claude_3_7_sonnet_20250219,weighted,3,2,q_921827,True,1.0,2890.0
claude_3_7_sonnet_20250219,weighted,3,2,q_163034,True,1.0,2880.0
claude_3_7_sonnet_20250219,weighted,3,2,q_994296,True,1.0,3013.0
claude_3_7_sonnet_20250219,weighted,3,2,q_330900,True,1.0,3143.0
claude_3_7_sonnet_20250219,weighted,3,2,q_688191,True,1.0,3389.0
claude_3_7_sonnet_20250219,weighted,3,2,q_723334,False,0.0,3458.0
claude_3_7_sonnet_20250219,weighted,3,2,q_843520,True,1.0,5917.0
claude_3_7_sonnet_20250219,weighted,3,2,q_749733,True,1.0,6053.0
claude_3_7_sonnet_20250219,weighted,3,3,q_730666,True,1.0,3505.0
claude_3_7_sonnet_20250219,weighted,3,3,q_105589,True,1.0,3914.0
claude_3_7_sonnet_20250219,weighted,3,3,q_719781,True,1.0,3896.0
claude_3_7_sonnet_20250219,weighted,3,3,q_257518,True,1.0,3994.0
claude_3_7_sonnet_20250219,weighted,3,3,q_220189,True,1.0,3970.0
claude_3_7_sonnet_20250219,weighted,3,3,q_374718,True,1.0,4189.0
claude_3_7_sonnet_20250219,weighted,3,3,q_787516,True,1.0,4719.0
claude_3_7_sonnet_20250219,weighted,3,3,q_402899,False,0.0,4431.0
claude_3_7_sonnet_20250219,weighted,3,3,q_219727,False,0.0,5525.0
claude_3_7_sonnet_20250219,weighted,3,3,q_832605,False,0.0,6411.0
claude_3_7_sonnet_20250219,weighted,1,1,q_816058,True,1.0,1103.0
claude_3_7_sonnet_20250219,weighted,1,1,q_713576,True,1.0,1174.0
claude_3_7_sonnet_20250219,weighted,1,1,q_133167,True,1.0,1187.0
claude_3_7_sonnet_20250219,weighted,1,1,q_660959,True,1.0,1210.0
claude_3_7_sonnet_20250219,weighted,1,2,q_225277,True,1.0,776.0
claude_3_7_sonnet_20250219,weighted,1,2,q_678269,True,1.0,749.0
claude_3_7_sonnet_20250219,weighted,1,2,q_940931,True,1.0,838.0
claude_3_7_sonnet_20250219,weighted,1,2,q_706270,True,1.0,1157.0
claude_3_7_sonnet_20250219,weighted,1,2,q_154957,True,1.0,1143.0
claude_3_7_sonnet_20250219,weighted,1,2,q_464951,True,1.0,1150.0
claude_3_7_sonnet_20250219,weighted,1,2,q_249018,True,1.0,1208.0
claude_3_7_sonnet_20250219,weighted,1,3,q_688231,False,0.0,888.0
claude_3_7_sonnet_20250219,weighted,1,3,q_533661,True,1.0,1094.0
claude_3_7_sonnet_20250219,weighted,1,3,q_129000,True,1.0,1099.0
claude_3_7_sonnet_20250219,weighted,1,3,q_791935,True,1.0,1145.0
claude_3_7_sonnet_20250219,weighted,1,3,q_898257,True,1.0,1107.0
claude_3_7_sonnet_20250219,weighted,4,1,q_219923,True,1.0,5499.0
claude_3_7_sonnet_20250219,weighted,4,1,q_516057,True,1.0,5514.0
claude_3_7_sonnet_20250219,weighted,4,1,q_195008,True,1.0,5516.0
claude_3_7_sonnet_20250219,weighted,4,1,q_164260,True,1.0,5519.0
claude_3_7_sonnet_20250219,weighted,4,1,q_247307,True,1.0,5517.0
claude_3_7_sonnet_20250219,weighted,4,1,q_169355,True,1.0,5777.0
claude_3_7_sonnet_20250219,weighted,4,1,q_596680,False,0.0,5922.0
claude_3_7_sonnet_20250219,weighted,4,1,q_816349,False,0.4,6079.0
claude_3_7_sonnet_20250219,weighted,4,1,q_199206,True,1.0,6440.0
claude_3_7_sonnet_20250219,weighted,4,1,q_935250,True,1.0,7231.0
claude_3_7_sonnet_20250219,weighted,4,2,q_136155,True,1.0,8399.0
claude_3_7_sonnet_20250219,weighted,4,2,q_983936,True,1.0,8408.0
claude_3_7_sonnet_20250219,weighted,4,2,q_258796,True,1.0,8554.0
claude_3_7_sonnet_20250219,weighted,4,2,q_329987,True,1.0,8953.0
claude_3_7_sonnet_20250219,weighted,4,2,q_918124,True,1.0,8915.0
claude_3_7_sonnet_20250219,weighted,4,2,q_547481,True,1.0,8868.0
claude_3_7_sonnet_20250219,weighted,4,2,q_270515,False,0.0,8969.0
claude_3_7_sonnet_20250219,weighted,4,2,q_297507,True,1.0,9155.0
claude_3_7_sonnet_20250219,weighted,4,2,q_596270,False,0.6,9387.0
claude_3_7_sonnet_20250219,weighted,4,2,q_540959,False,0.0,12790.0
claude_3_7_sonnet_20250219,weighted,4,3,q_128033,True,1.0,5851.0
claude_3_7_sonnet_20250219,weighted,4,3,q_137161,True,1.0,5850.0
claude_3_7_sonnet_20250219,weighted,4,3,q_922727,True,1.0,5855.0
claude_3_7_sonnet_20250219,weighted,4,3,q_347471,True,1.0,5849.0
claude_3_7_sonnet_20250219,weighted,4,3,q_892733,True,1.0,5858.0
claude_3_7_sonnet_20250219,weighted,4,3,q_796298,False,0.4,6230.0
claude_3_7_sonnet_20250219,weighted,4,3,q_988888,False,0.0,6326.0
claude_3_7_sonnet_20250219,weighted,4,3,q_136965,False,0.5,6878.0
claude_3_7_sonnet_20250219,weighted,4,3,q_408296,False,0.0,7235.0
claude_3_7_sonnet_20250219,weighted,4,3,q_352595,False,0.0,8729.0
claude_3_7_sonnet_20250219,conflicting,2,1,q_886852,True,1.0,1729.0
claude_3_7_sonnet_20250219,conflicting,2,1,q_540576,True,1.0,1708.0
claude_3_7_sonnet_20250219,conflicting,2,1,q_477375,True,1.0,1720.0
claude_3_7_sonnet_20250219,conflicting,2,1,q_882346,True,1.0,1752.0
claude_3_7_sonnet_20250219,conflicting,2,1,q_155096,True,1.0,1762.0
claude_3_7_sonnet_20250219,conflicting,2,1,q_958792,True,1.0,1779.0
claude_3_7_sonnet_20250219,conflicting,2,1,q_421190,False,0.0,1849.0
claude_3_7_sonnet_20250219,conflicting,2,1,q_898079,False,0.0,1823.0
claude_3_7_sonnet_20250219,conflicting,2,1,q_889237,True,1.0,1961.0
claude_3_7_sonnet_20250219,conflicting,2,1,q_796482,True,1.0,1901.0
claude_3_7_sonnet_20250219,conflicting,2,2,q_394127,True,1.0,1637.0
claude_3_7_sonnet_20250219,conflicting,2,2,q_725868,True,1.0,1707.0
claude_3_7_sonnet_20250219,conflicting,2,2,q_834874,True,1.0,1712.0
claude_3_7_sonnet_20250219,conflicting,2,2,q_264795,True,1.0,1717.0
claude_3_7_sonnet_20250219,conflicting,2,2,q_248231,False,0.0,1735.0
claude_3_7_sonnet_20250219,conflicting,2,2,q_662192,True,1.0,1779.0
claude_3_7_sonnet_20250219,conflicting,2,2,q_439854,True,1.0,1809.0
claude_3_7_sonnet_20250219,conflicting,2,2,q_800533,False,0.0,1779.0
claude_3_7_sonnet_20250219,conflicting,2,2,q_467679,True,1.0,1876.0
claude_3_7_sonnet_20250219,conflicting,2,2,q_640334,False,0.0,1950.0
claude_3_7_sonnet_20250219,conflicting,2,3,q_887730,True,1.0,1654.0
claude_3_7_sonnet_20250219,conflicting,2,3,q_658473,True,1.0,1646.0
claude_3_7_sonnet_20250219,conflicting,2,3,q_671748,True,1.0,1684.0
claude_3_7_sonnet_20250219,conflicting,2,3,q_794697,True,1.0,1659.0
claude_3_7_sonnet_20250219,conflicting,2,3,q_664111,True,1.0,1677.0
claude_3_7_sonnet_20250219,conflicting,2,3,q_459027,True,1.0,1679.0
claude_3_7_sonnet_20250219,conflicting,2,3,q_282933,True,1.0,1710.0
claude_3_7_sonnet_20250219,conflicting,2,3,q_954064,True,1.0,1739.0
claude_3_7_sonnet_20250219,conflicting,2,3,q_271826,True,1.0,1716.0
claude_3_7_sonnet_20250219,conflicting,2,3,q_942650,True,1.0,1789.0
claude_3_7_sonnet_20250219,conflicting,3,1,q_667636,True,1.0,2300.0
claude_3_7_sonnet_20250219,conflicting,3,1,q_279628,True,1.0,2513.0
claude_3_7_sonnet_20250219,conflicting,3,1,q_846391,True,1.0,2544.0
claude_3_7_sonnet_20250219,conflicting,3,1,q_839143,True,1.0,2527.0
claude_3_7_sonnet_20250219,conflicting,3,1,q_277988,True,1.0,2817.0
claude_3_7_sonnet_20250219,conflicting,3,1,q_157869,True,1.0,2891.0
claude_3_7_sonnet_20250219,conflicting,3,1,q_354017,False,0.0,2909.0
claude_3_7_sonnet_20250219,conflicting,3,1,q_445554,True,1.0,2995.0
claude_3_7_sonnet_20250219,conflicting,3,1,q_532864,True,1.0,3023.0
claude_3_7_sonnet_20250219,conflicting,3,1,q_916867,True,1.0,3068.0
claude_3_7_sonnet_20250219,conflicting,3,2,q_667304,False,0.0,2774.0
claude_3_7_sonnet_20250219,conflicting,3,2,q_164280,False,0.0,2765.0
claude_3_7_sonnet_20250219,conflicting,3,2,q_946374,True,1.0,2816.0
claude_3_7_sonnet_20250219,conflicting,3,2,q_118146,True,1.0,2738.0
claude_3_7_sonnet_20250219,conflicting,3,2,q_991823,True,1.0,2841.0
claude_3_7_sonnet_20250219,conflicting,3,2,q_660859,True,1.0,2816.0
claude_3_7_sonnet_20250219,conflicting,3,2,q_994981,True,1.0,2835.0
claude_3_7_sonnet_20250219,conflicting,3,2,q_653902,True,1.0,2806.0
claude_3_7_sonnet_20250219,conflicting,3,2,q_276255,True,1.0,2844.0
claude_3_7_sonnet_20250219,conflicting,3,2,q_965853,True,1.0,3013.0
claude_3_7_sonnet_20250219,conflicting,3,3,q_201497,True,1.0,2375.0
claude_3_7_sonnet_20250219,conflicting,3,3,q_410320,True,1.0,2390.0
claude_3_7_sonnet_20250219,conflicting,3,3,q_272455,True,1.0,2588.0
claude_3_7_sonnet_20250219,conflicting,3,3,q_229794,True,1.0,2589.0
claude_3_7_sonnet_20250219,conflicting,3,3,q_153735,True,1.0,2709.0
claude_3_7_sonnet_20250219,conflicting,3,3,q_294507,True,1.0,2784.0
claude_3_7_sonnet_20250219,conflicting,3,3,q_727217,True,1.0,2987.0
claude_3_7_sonnet_20250219,conflicting,3,3,q_149945,True,1.0,3005.0
claude_3_7_sonnet_20250219,conflicting,3,3,q_416863,False,0.0,3266.0
claude_3_7_sonnet_20250219,conflicting,3,3,q_532702,True,1.0,3478.0
claude_3_7_sonnet_20250219,conflicting,1,1,q_665549,True,1.0,1365.0
claude_3_7_sonnet_20250219,conflicting,1,1,q_223415,True,1.0,1396.0
claude_3_7_sonnet_20250219,conflicting,1,1,q_146868,True,1.0,1420.0
claude_3_7_sonnet_20250219,conflicting,1,1,q_525845,True,1.0,1433.0
claude_3_7_sonnet_20250219,conflicting,1,1,q_372812,True,1.0,1454.0
claude_3_7_sonnet_20250219,conflicting,1,1,q_836946,True,1.0,1463.0
claude_3_7_sonnet_20250219,conflicting,1,1,q_532309,False,0.0,1472.0
claude_3_7_sonnet_20250219,conflicting,1,1,q_127936,True,1.0,1510.0
claude_3_7_sonnet_20250219,conflicting,1,1,q_920055,False,0.0,1566.0
claude_3_7_sonnet_20250219,conflicting,1,1,q_161940,False,0.0,1586.0
claude_3_7_sonnet_20250219,conflicting,1,2,q_368892,True,1.0,1336.0
claude_3_7_sonnet_20250219,conflicting,1,2,q_350021,True,1.0,1366.0
claude_3_7_sonnet_20250219,conflicting,1,2,q_245002,False,0.0,1405.0
claude_3_7_sonnet_20250219,conflicting,1,2,q_940328,True,1.0,1375.0
claude_3_7_sonnet_20250219,conflicting,1,2,q_942955,True,1.0,1445.0
claude_3_7_sonnet_20250219,conflicting,1,2,q_731920,True,1.0,1458.0
claude_3_7_sonnet_20250219,conflicting,1,2,q_925167,True,1.0,1427.0
claude_3_7_sonnet_20250219,conflicting,1,2,q_721715,True,1.0,1404.0
claude_3_7_sonnet_20250219,conflicting,1,2,q_953208,True,1.0,1512.0
claude_3_7_sonnet_20250219,conflicting,1,2,q_329093,True,1.0,1607.0
claude_3_7_sonnet_20250219,conflicting,1,3,q_289394,True,1.0,1376.0
claude_3_7_sonnet_20250219,conflicting,1,3,q_268990,True,1.0,1385.0
claude_3_7_sonnet_20250219,conflicting,1,3,q_962684,True,1.0,1414.0
claude_3_7_sonnet_20250219,conflicting,1,3,q_994684,True,1.0,1442.0
claude_3_7_sonnet_20250219,conflicting,1,3,q_262964,False,0.0,1512.0
claude_3_7_sonnet_20250219,conflicting,1,3,q_688137,True,1.0,1584.0
claude_3_7_sonnet_20250219,conflicting,1,3,q_241313,True,1.0,1547.0
claude_3_7_sonnet_20250219,conflicting,1,3,q_197624,False,0.0,1519.0
claude_3_7_sonnet_20250219,conflicting,1,3,q_467762,True,1.0,1596.0
claude_3_7_sonnet_20250219,conflicting,1,3,q_863441,True,1.0,1676.0
claude_3_7_sonnet_20250219,conflicting,4,1,q_824339,True,1.0,4202.0
claude_3_7_sonnet_20250219,conflicting,4,1,q_801489,True,1.0,4401.0
claude_3_7_sonnet_20250219,conflicting,4,1,q_508581,True,1.0,4638.0
claude_3_7_sonnet_20250219,conflicting,4,1,q_854515,True,1.0,5181.0
claude_3_7_sonnet_20250219,conflicting,4,1,q_122222,False,0.0,5245.0
claude_3_7_sonnet_20250219,conflicting,4,1,q_584767,True,1.0,5334.0
claude_3_7_sonnet_20250219,conflicting,4,1,q_121542,True,1.0,5243.0
claude_3_7_sonnet_20250219,conflicting,4,1,q_576428,True,1.0,5728.0
claude_3_7_sonnet_20250219,conflicting,4,1,q_743721,True,1.0,5951.0
claude_3_7_sonnet_20250219,conflicting,4,1,q_160988,True,1.0,5819.0
claude_3_7_sonnet_20250219,conflicting,4,2,q_914815,True,1.0,4600.0
claude_3_7_sonnet_20250219,conflicting,4,2,q_368500,True,1.0,4791.0
claude_3_7_sonnet_20250219,conflicting,4,2,q_583104,True,1.0,4861.0
claude_3_7_sonnet_20250219,conflicting,4,2,q_615458,True,1.0,4910.0
claude_3_7_sonnet_20250219,conflicting,4,2,q_338545,True,1.0,4998.0
claude_3_7_sonnet_20250219,conflicting,4,2,q_183386,False,0.0,5145.0
claude_3_7_sonnet_20250219,conflicting,4,2,q_418204,True,1.0,5185.0
claude_3_7_sonnet_20250219,conflicting,4,2,q_235972,True,1.0,5343.0
claude_3_7_sonnet_20250219,conflicting,4,2,q_748584,False,0.0,5439.0
claude_3_7_sonnet_20250219,conflicting,4,2,q_528408,False,0.0,5536.0
claude_3_7_sonnet_20250219,conflicting,4,3,q_802777,True,1.0,4420.0
claude_3_7_sonnet_20250219,conflicting,4,3,q_850359,True,1.0,4425.0
claude_3_7_sonnet_20250219,conflicting,4,3,q_883159,True,1.0,4455.0
claude_3_7_sonnet_20250219,conflicting,4,3,q_183171,True,1.0,4429.0
claude_3_7_sonnet_20250219,conflicting,4,3,q_723915,True,1.0,4632.0
claude_3_7_sonnet_20250219,conflicting,4,3,q_662973,False,0.0,5376.0
claude_3_7_sonnet_20250219,conflicting,4,3,q_826096,True,1.0,5504.0
claude_3_7_sonnet_20250219,conflicting,4,3,q_534834,False,0.0,5535.0
claude_3_7_sonnet_20250219,conflicting,4,3,q_549637,False,0.0,6233.0
claude_3_7_sonnet_20250219,conflicting,4,3,q_100757,True,1.0,6241.0
